continent,date,population,cumulative_estimated_daily_excess_deaths_per_100k,cumulative_estimated_daily_excess_deaths_ci_95_top_per_100k,cumulative_estimated_daily_excess_deaths_ci_90_top_per_100k,cumulative_estimated_daily_excess_deaths_ci_50_top_per_100k,cumulative_estimated_daily_excess_deaths_ci_50_bot_per_100k,cumulative_estimated_daily_excess_deaths_ci_90_bot_per_100k,cumulative_estimated_daily_excess_deaths_ci_95_bot_per_100k,cumulative_estimated_daily_excess_deaths_raw_estimate_per_100k,cumulative_daily_excess_deaths_per_100k,cumulative_daily_covid_deaths_per_100k
Americas,2020-01-01,1026782740,-0.002336425841874294,0.008812919758435058,0.005347190490949663,4.818048336009315e-4,-0.0035799238212806234,-0.006377377009950681,-0.007450126140325643,0,0,0
Asia,2020-01-01,4678940019,-0.12216161806716257,-0.08296873826895443,-0.08844589609284426,-0.12216161806716257,-0.1691224302917211,-0.19420313173475312,-0.20824993522576724,-7.698137199521815,-0.1509438666572905,0
Africa,2020-01-01,1371693397,0.10610705510625244,0.3120391877780751,0.25779270565293433,0.10834542466314723,-0.008664728946490072,-0.08342518382910895,-0.1334427589216409,0,0,0
Europe,2020-01-01,748057173,-5.293082148037046e-5,1.5491630450952936e-4,1.1322980076976306e-4,1.8818969364209818e-5,-5.3629497971426814e-5,-1.1356661196677949e-4,-1.4688810689663398e-4,0,0,0
Oceania,2020-01-01,42936804,-0.06873830654919845,0.1217431217185025,0.06741211462782319,0.005851818590641471,-0.06873830654919845,-0.1249392440283409,-0.15914583971598995,0,0,0
Americas,2020-01-06,1026782740,-0.0041774161149461505,0.01819595394803393,0.012738668488080682,0.0022448695201855405,-0.006854269898225559,-0.012372652812174138,-0.015187651127923238,0,0,0
Asia,2020-01-06,4678940019,-0.244017799572086,-0.1670573359145893,-0.177850806531505,-0.242864905179689,-0.33877563717116427,-0.38684890952453665,-0.4113891252692631,-15.39627439904363,-0.301887733314581,0
Africa,2020-01-06,1371693397,0.21179465715601054,0.6224841307066059,0.5153074164859416,0.21677548798889995,-0.013177337539817228,-0.16298586289772674,-0.23426073843799988,0,0,0
Europe,2020-01-06,748057173,-1.0586164296074092e-4,3.098326090190587e-4,2.2645960153952613e-4,3.763918112535338e-5,-1.0725871424910399e-4,-2.2713322393355897e-4,-2.9377621379326796e-4,0,0,0
Oceania,2020-01-06,42936804,-0.1374766130983969,0.2339079180101142,0.1332427717022803,0.011686227790137388,-0.1374766130983969,-0.24984935091956573,-0.31829167184983503,0,0,0
Americas,2020-01-13,1026782740,-0.0035459504357907134,0.0429937505850374,0.034391295200616734,0.011172275219614919,-0.007313235544782291,-0.015714547163610926,-0.02199367294577333,0,0,0
Asia,2020-01-13,4678940019,-0.3978239144638955,-0.2788007681578987,-0.30428888750568184,-0.3978239144638955,-0.5451779533995856,-0.6330768800126857,-0.6450136258887066,-24.986292503258078,-0.4899273039854524,0
Africa,2020-01-13,1371693397,0.3174821864349218,0.9365878393448404,0.7729449541736758,0.32731207996784,-0.01956803489762838,-0.24834653845806468,-0.3272292568096993,0,0,0
Europe,2020-01-13,748057173,-1.5879246444111138e-4,4.647489135285881e-4,3.3968940230928913e-4,5.6459392886496946e-5,-1.608873783188218e-4,-3.4093436844957715e-4,-4.4066432068990194e-4,0,0,0
Oceania,2020-01-13,42936804,-0.2062260690413028,0.3445170470710348,0.19483657617659145,0.015258360707683372,-0.2062260690413028,-0.37511938568921116,-0.487569198698617,0,0,0
Americas,2020-01-20,1026782740,-0.006582576817935077,0.051234430214094046,0.03758964172563482,0.010404509875060917,-0.013690112990131759,-0.023598942101559495,-0.030142790906648904,0,0,0
Asia,2020-01-20,4678940019,-0.6044410475797775,-0.43765738458930364,-0.46274586282720986,-0.5847113997709268,-0.7890425870097497,-0.893402167545267,-0.9334123520959939,-36.83413003744551,-0.7222378438714807,0
Africa,2020-01-20,1371693397,0.4198446342242416,1.3386652293613919,1.0458338313786053,0.46612545747971634,-0.003563940672040685,-0.31598672059914085,-0.4403339813281411,0,0,0
Europe,2020-01-20,748057173,-2.9657250966254507e-4,5.148804817128099e-4,4.2796913731725094e-4,2.7515254620575678e-5,-2.9657250966254507e-4,-5.30131312803552e-4,-5.770189359751178e-4,0,0,0
Oceania,2020-01-20,42936804,-0.27550798540461063,0.518530728196725,0.27369630363877556,0.02200122823311105,-0.27550798540461063,-0.4808993088530646,-0.6393960741906424,0,0,0
Americas,2020-01-27,1026782740,-0.17000409791761764,-0.1071942564596935,-0.11762940984117147,-0.149248949400296,-0.17849283706026203,-0.19252575458062546,-0.1981279258259927,-7.555937847971442,-0.16076463506322217,0
Asia,2020-01-27,4678940019,-0.6963521387357889,-0.3955101208954162,-0.4537718245729836,-0.6398339797121094,-0.953113447420548,-1.112026471149046,-1.1657525479139617,-43.85076947382003,-0.859819009290589,0
Africa,2020-01-27,1371693397,0.5408082131650448,1.6793530077394812,1.3538197780453416,0.6138248114119147,0.007971245067471842,-0.38753160135812165,-0.5607354519646696,0.23569079012116315,0.004285287093112057,0
Europe,2020-01-27,748057173,-0.7245912788439836,-0.7235233323179209,-0.7235979496474539,-0.7241165181939182,-0.7245912788439836,-0.7249128931768322,-0.7250745952174396,-35.47931667673632,-0.7240676872803329,0
Oceania,2020-01-27,42936804,-0.36859879362418646,0.719561564659732,0.41880668233065793,0.011007740864056842,-0.36859879362418646,-0.7015337305840237,-0.8358423408829587,-0.5454822958612974,-0.02597534742196654,0
Americas,2020-02-03,1026782740,-0.21234256351697528,-0.14016225618561237,-0.15507360712328266,-0.1904140825350792,-0.22770185242822294,-0.24489044829769244,-0.24856934253468088,-9.618517161634465,-0.20464930131137157,0
Asia,2020-02-03,4678940019,-0.571434561103608,-0.10852977153121747,-0.2094672886647877,-0.49030373957018997,-0.9412032766403342,-1.1659409724046308,-1.2479032125204603,-39.22571026060452,-0.7691315737373436,0.007330720176090379
Africa,2020-02-03,1371693397,0.7253119215874138,2.080524960210796,1.6715738220708383,0.8007758404337304,0.056568680672422544,-0.5108504479456483,-0.6232487978218291,3.979550698918211,0.07235546725305839,0
Europe,2020-02-03,748057173,-1.7729936990573991,-1.7714033733268768,-1.7715857777448742,-1.7721793503715106,-1.7729936990573991,-1.7733466916346894,-1.7735658599552833,-86.83450205919327,-1.7721326950855767,0
Oceania,2020-02-03,42936804,-0.4547787658117315,0.8374599765926496,0.4677315785221796,0.0288236171501574,-0.4547787658117315,-0.8397983530001784,-0.9978336730625654,-0.9481952049026635,-0.04515215261441255,0
Americas,2020-02-10,1026782740,-0.3070141883137629,-0.22017354029665637,-0.23928663914217876,-0.27959356323320467,-0.325544769490988,-0.34643088444106346,-0.35156990011073674,-13.990320787605928,-0.29766639973629627,0
Asia,2020-02-10,4678940019,-0.6913114894022714,-0.05409442273160402,-0.19291784096249515,-0.5766986713918302,-1.139937629398163,-1.4408208510652138,-1.520147797465461,-46.24487549943511,-0.906762264694806,0.019876275314996722
Africa,2020-02-10,1371693397,0.8734692011112165,2.403368504990156,1.9343486806086057,0.9640887058373503,0.11384326921363033,-0.5671806065558206,-0.704989398062125,5.414524860900418,0.09844590656182577,0
Europe,2020-02-10,748057173,-2.709158452892588,-2.707103032263343,-2.7074257256330223,-2.7081772500949737,-2.709158452892588,-2.7096806730812837,-2.709933372092806,-132.69835137590653,-2.7081296199164595,0
Oceania,2020-02-10,42936804,-0.3143850758490391,1.1143204232599488,0.7289896691153571,0.26966302029671474,-0.3143850758490391,-0.7499480114468174,-0.9033188324956555,3.4340311656539635,0.16352529360256968,0
Americas,2020-02-17,1026782740,-0.3580861279903797,-0.2580507385711094,-0.2837258289211054,-0.3337096234947359,-0.38522541570985186,-0.41471314788312197,-0.41817196371818155,-16.45166832884258,-0.3500354963583527,0
Asia,2020-02-17,4678940019,-0.9429286294815822,-0.1163349414361634,-0.2532197577436947,-0.7739890432854085,-1.5254460636354958,-1.8755468130086668,-2.0221091351084572,-59.1407338646532,-1.1596222326402588,0.03812827248811971
Africa,2020-02-17,1371693397,1.0258574924569204,2.7628687377106353,2.2362022927560883,1.230069762180801,0.07196257719333424,-0.5871395566838364,-0.8068514634197481,7.1856407104796896,0.13064801291781253,0
Europe,2020-02-17,748057173,-4.009528597927502,-4.006998579965423,-4.007454245998723,-4.008373356535044,-4.009528597927502,-4.010243566260134,-4.010466766022871,-196.40522189709668,-4.008269834634625,1.338133014600476e-4
Oceania,2020-02-17,42936804,-0.23674816953446268,1.2983924077096987,0.9328355057164784,0.4222485034395886,-0.2520921351997224,-0.7682469352109792,-0.8851148199434385,6.40604544869705,0.3050497832712881,0
Americas,2020-02-24,1026782740,-0.35907277079835953,-0.24532663771278354,-0.2720432587759644,-0.3303499537348879,-0.39824062806108457,-0.4280544228396861,-0.44539126597012746,-16.45105704679624,-0.35002249035736677,0
Asia,2020-02-24,4678940019,-1.1859560886903826,-0.2418113575375733,-0.31193347020104767,-0.9955878071493347,-1.862652312367274,-2.275784096821293,-2.5175305299206956,-70.74160862163762,-1.3870903651301496,0.05420035285132814
Africa,2020-02-24,1371693397,1.0558387433206777,3.139066758122184,2.3688267981564786,1.1348682326928312,0.002185557303605044,-0.8815546821483781,-1.1934830150298774,5.895475575829323,0.10719046501507859,0
Europe,2020-02-24,748057173,-5.242215809273436,-5.239104466004667,-5.23972462516972,-5.240772113552779,-5.242215809273436,-5.2429612595512625,-5.243288047607543,-256.7902477549557,-5.240617301121544,0.0010695706543275136
Oceania,2020-02-24,42936804,-0.06029813635441973,1.6973408218223662,1.2431959950491116,0.697528974359802,-0.09277653746677358,-0.6511734352724272,-0.802556769033469,11.531804470876153,0.5491335462321977,0
Americas,2020-03-02,1026782740,-0.1732024965721621,-0.05220458188412839,-0.07259248043894878,-0.14800375622788967,-0.22613705120849117,-0.2726057838855056,-0.28902321518793156,-7.996120381649139,-0.17013022088615187,5.842521271832053e-4
Asia,2020-03-02,4678940019,-1.6520480515887852,-0.8310351648013254,-0.8827225221019511,-1.550206225230841,-2.491362095190948,-3.0978184628957095,-3.394179034414407,-89.78984602023064,-1.7605852160829536,0.06270638196014028
Africa,2020-03-02,1371693397,1.2642403593986167,3.9501090523559292,3.503344345858251,1.5968784909251665,0.05657257074673851,-0.9251981043538072,-1.358721333925662,10.284954398100277,0.18699917087455048,0
Europe,2020-03-02,748057173,-6.156738260940025,-6.153130476270929,-6.15389994026551,-6.155087748414637,-6.156738260940025,-6.157651327430386,-6.1581096017158705,-301.59095396850904,-6.154917427928756,0.007353181278832546
Oceania,2020-03-02,42936804,-0.12058854740811235,1.8322121831046194,1.2958096029019246,0.668087584078854,-0.150488005736733,-0.8202692775151735,-0.9937318173185516,11.640523058305034,0.5543106218240493,0.002331333277623551
Americas,2020-03-09,1026782740,-0.016117860964698402,0.10913774945974626,0.09172189670296121,0.012675513583408309,-0.0864533083034692,-0.15429851413159135,-0.16839014700051222,-0.855814307195818,-0.01820881504671951,0.0023376902498380525
Asia,2020-03-09,4678940019,-1.7804353159198103,-1.1162291143995373,-1.1772981508542713,-1.7804353159198103,-2.7942675269022015,-3.514287751407052,-3.7373556040540756,-94.4891088113193,-1.8527276237513588,0.0715758053405386
Africa,2020-03-09,1371693397,1.2769060708963316,3.879670770591183,3.2917411787342417,1.5853244338842,-0.202502516416895,-1.3490190540185714,-2.0555587005319396,13.991992084438577,0.25439985608070137,7.297549162147056e-5
Europe,2020-03-09,748057173,-5.824608970842076,-5.820671379846252,-5.821572875535495,-5.822877686351489,-5.824608970842076,-5.825697441275961,-5.826163842894143,-285.3114090339326,-5.822681817019032,0.07031748628122572
Oceania,2020-03-09,42936804,-0.15991831197914558,1.9934835174782626,1.3735434833690205,0.687581979003198,-0.198695268226246,-0.9387167585724692,-1.173569318652945,12.287241632877796,0.5851067444227522,0.006993999832870652
Americas,2020-03-16,1026782740,0.16933321963708392,0.299768916135162,0.2853204021864473,0.19647058435589967,0.07747227658642655,0.007727372788297586,-0.021388047550861374,8.299999286729223,0.17659572950487712,0.010616754231766693
Asia,2020-03-16,4678940019,-1.8772375364872878,-1.1438631755125632,-1.412191305038463,-1.8772375364872878,-3.1209396645919005,-3.8629492419902127,-4.259644733981455,-101.65037244044326,-1.9931445576557498,0.0882249181061793
Africa,2020-03-16,1371693397,1.3404654395096105,3.9773139729958773,3.1769648980001097,1.4416353875103534,-0.6086908501393126,-2.079593630092757,-2.763118587852115,17.099187268217978,0.3108943139675996,5.10318123227067e-4
Europe,2020-03-16,748057173,-3.7616011222836923,-3.7574479770749085,-3.7581889001250004,-3.759739881215152,-3.7616521817431097,-3.7628665917515636,-3.763229719875011,-184.221180785448,-3.759615934396898,0.378584031036355
Oceania,2020-03-16,42936804,0.027734414121881365,2.3721370774256427,1.697496848008853,0.9356315647512233,-0.04763655155025181,-0.856988384524358,-1.1096696867222307,17.570541914836074,0.8366924721350512,0.006993999832870652
Americas,2020-03-23,1026782740,1.0745280314542747,1.2292324812513702,1.2121061244863844,1.118516595511674,0.9702849520411506,0.9003270581930727,0.8464006620315065,51.82739116929362,1.1027104504105028,0.09135535332430696
Asia,2020-03-23,4678940019,-1.86126391125779,-1.246633860358611,-1.4011967725864571,-1.86126391125779,-3.435174185858226,-4.33477393705032,-4.616270126234174,-96.78860980277912,-1.897815878485865,0.11434232920864464
Africa,2020-03-23,1371693397,1.2932023832827213,3.5688644839605304,2.8203318019040693,1.2932023832827213,-1.1456047218966847,-2.9741620294685287,-3.6659384680465505,18.577665710423673,0.3377757401895214,0.004010590130441519
Europe,2020-03-23,748057173,0.22686558242895905,0.23130466161494442,0.23064678456048474,0.22881932474256553,0.2267860174088469,0.2254946127629324,0.2249686505132816,11.215921669133825,0.22889636059456883,1.395487454272429
Oceania,2020-03-23,42936804,0.38778882716308016,2.843683922744081,2.2404760257108665,1.2998918271388615,0.2746316196565794,-0.6303357503620725,-0.8428913275188052,25.671005765838817,1.2224288459923243,0.016303029913451405
Americas,2020-03-30,1026782740,3.289688491274447,3.478094689721454,3.4392641728962765,3.3253506143299023,3.1446616120968507,3.052791956412325,3.0032877748884714,155.22876054651957,3.3027395860961613,0.4773183078632584
Asia,2020-03-30,4678940019,-2.164190688620932,-1.529041792890472,-1.685433512547276,-2.164190688620932,-3.9454519373180252,-4.928507113996023,-5.726181524563096,-99.20862074682677,-1.9452670734671915,0.14576044942456015
Africa,2020-03-30,1371693397,1.131478821775693,3.0505749861068727,2.38079519938364,1.131478821775693,-1.8515288153460345,-4.044108170423592,-4.889874247138318,18.073776951659315,0.3286141263938057,0.012468602704806923
Europe,2020-03-30,748057173,5.793177790104732,5.798002617518473,5.797333400551401,5.795322612413435,5.793000836950238,5.791750381237957,5.79109069980563,283.9699005438018,5.7953040927306505,3.7340779566323334
Oceania,2020-03-30,42936804,0.9561067774896964,3.5412166413889796,2.9162768317242347,1.8967396610505038,0.8526024946161533,-0.19116544247072031,-0.3984827699178185,38.30045132679836,1.8238310155618265,0.041931392937397026
Americas,2020-04-06,1026782740,6.2990833586266675,6.527661054324855,6.471420377804094,6.315372782335842,6.101376634371602,5.970813630994603,5.929923588733193,295.9447686877916,6.296697206123226,1.6222540904807188
Asia,2020-04-06,4678940019,-2.3586437944910945,-1.5417960215808821,-1.836733051608345,-2.3586437944910945,-4.351665886638038,-5.567214768173205,-6.62357913948374,-101.86870001986918,-1.99742549058567,0.18953158116985896
Africa,2020-04-06,1371693397,0.9821255799372223,2.6098178105673218,2.1741222104604923,0.9821255799372223,-2.6853505676842486,-5.389829524376317,-6.171268705692906,15.64779669575717,0.2845053944683122,0.035361473712773143
Europe,2020-04-06,748057173,11.37109331091835,11.376452526045545,11.37557806643039,11.373402997607062,11.37097463012156,11.369564265205053,11.368807277315426,557.2931231548913,11.373329043977375,7.187959281823503
Oceania,2020-04-06,42936804,1.2940777164065977,3.920815017531734,3.4848436838955323,2.306126160424094,1.1226584452213686,0.017831958417046167,-0.2238048170292856,46.52179951508833,2.215323786432778,0.09550314923299834
Americas,2020-04-13,1026782740,9.221217367834354,9.487001216602055,9.438623469869404,9.246692586142013,8.973030409970741,8.814242930657178,8.780728102116242,432.7402298202584,9.207238932345923,3.366539838797835
Asia,2020-04-13,4678940019,-2.5582882699605287,-1.6085642690902966,-1.9775441715238686,-2.5582882699605287,-4.787299190314398,-6.112317405056065,-7.4070307103829345,-105.02786412633911,-2.0593698848301787,0.24123170962153767
Africa,2020-04-13,1371693397,1.0625840308951868,2.3213911110956453,1.6390048678294333,1.0625840308951868,-3.588766228371365,-6.489999045641941,-7.478201816704236,12.338893184083163,0.22434351243787568,0.06058802949825674
Europe,2020-04-13,748057173,16.095490473944988,16.101357109980572,16.100200091049725,16.098003369029513,16.095466559675778,16.09380047569523,16.093005869097386,788.7939809398631,16.097836345711492,10.926981780308388
Oceania,2020-04-13,42936804,1.2817464848803932,4.072503206322724,3.692174797609432,2.3407076066459154,1.0655258467037385,-0.09037273284625634,-0.378835335629447,47.89587513972877,2.2807559590347037,0.15372126905393332
Americas,2020-04-20,1026782740,12.089034768008561,12.401995926918593,12.324897704345103,12.113718122716184,11.795808670642748,11.601483891647819,11.565712347427388,567.0399374044473,12.064679519243558,5.290122816049673
Asia,2020-04-20,4678940019,-2.750744024666554,-1.6084963283202969,-2.181534206061687,-2.750744024666554,-5.42426343415165,-6.722349772502396,-8.229854520709312,-109.3768400229567,-2.144643922018759,0.3224257190461753
Africa,2020-04-20,1371693397,1.1405311824334645,2.3308797981380684,1.637120766946324,1.1405311824334645,-4.4854906889308745,-7.8223766568132955,-8.86150532663477,7.305843441791998,0.13283351712349087,0.08435507545131095
Europe,2020-04-20,748057173,19.445028937720682,19.451343537364483,19.449881406574207,19.447822177867465,19.444989631666346,19.443109569738752,19.44237857657887,952.9262981654355,19.447475472763994,14.30627014387308
Oceania,2020-04-20,42936804,1.3248779072579422,4.212172406596751,3.934806413613933,2.5038968430945956,1.0573387023662506,-0.19233363748417753,-0.398518612314676,50.40464164634543,2.4002210307783534,0.18399599560321256
Americas,2020-04-27,1026782740,14.69505006832682,15.0610209002115,14.958838287524957,14.729171470484843,14.355391361439414,14.131713621321333,14.106729341965771,688.9491448652423,14.658492443941325,7.2861646466710175
Asia,2020-04-27,4678940019,-2.8959005684766623,-1.4373454280768778,-2.366665277692657,-2.8959005684766623,-5.90078946379601,-7.350574814890892,-8.7815644212338,-113.31482411540688,-2.221859296380527,0.3751944869716869
Africa,2020-04-27,1371693397,1.2148474463821106,2.6790699882358733,1.5938151185046079,1.2148474463821106,-5.406870309913831,-9.185160586309138,-10.26670133277466,0.44600062352599773,0.008109102245927233,0.10644470573331775
Europe,2020-04-27,748057173,21.553633258766997,21.560396903058276,21.5589891759615,21.556622915568333,21.553542423318127,21.55157699760811,21.55081374272335,1056.2530838865334,21.55618538543946,16.998043543925753
Oceania,2020-04-27,42936804,0.9180452737354647,3.878953099438297,3.6658754608154545,2.0405616451686246,0.5092104745126564,-0.6546940230243329,-0.9624769939880293,44.88253561759587,2.1372636008378985,0.2375677518988139
Americas,2020-05-04,1026782740,17.957307021479767,18.398817321036816,18.24189335828536,18.000756407715365,17.574190218336504,17.348710296515616,17.306107894668656,841.116538535993,17.896096564595595,9.4246903682857
Asia,2020-05-04,4678940019,-2.6011543384025004,-0.9411017015777453,-1.9152426867514758,-2.6011543384025004,-5.785172019702525,-7.561273642421388,-8.953049100241572,-114.4173398330245,-2.2434772516279313,0.42879671289925975
Africa,2020-05-04,1371693397,1.569423135945974,3.231077981032008,1.9691035463778996,1.569423135945974,-5.9218717825061695,-10.287510967030038,-11.362977912225979,8.002993464613906,0.14550897208388922,0.13414834568894554
Europe,2020-05-04,748057173,23.11775627191255,23.124919506465268,23.123493011193172,23.120903929345875,23.11760814915138,23.115540154281245,23.114701776113,1132.897937806787,23.120366077689532,18.960195706859427
Oceania,2020-05-04,42936804,0.7572092931077541,3.8622264554084724,3.664221898006561,1.9459834841709238,0.2506093438976772,-0.8605255161737904,-1.2038434697067593,43.35579735261013,2.06456177869572,0.2701738117257167
Americas,2020-05-11,1026782740,21.16697399439322,21.665987311984434,21.478257201625908,21.209577167929947,20.74381189804546,20.52727923790848,20.439591813007624,991.0543547338431,21.08626286667751,11.632849126388704
Asia,2020-05-11,4678940019,-2.2608788204382058,-0.5142069432597254,-1.4302803294308901,-2.2608788204382058,-5.527745548623546,-7.72656839044237,-9.036376396647672,-115.69070065589118,-2.268445110899827,0.48081729854720756
Africa,2020-05-11,1371693397,1.9566006356209853,3.8829972907757164,2.219507754818299,1.9566006356209853,-6.590411575597695,-11.21171467575202,-12.42964814279676,16.11411888493738,0.2929839797261342,0.1707468305324211
Europe,2020-05-11,748057173,24.698375780782953,24.705940310312734,24.704457774386086,24.701696775683047,24.69824107070853,24.696161761387526,24.695055873818937,1210.3510989284478,24.70104283527444,20.50259238674528
Oceania,2020-05-11,42936804,0.29578495015102385,3.5245086996454984,3.221097230788438,1.5435481931697856,-0.3024796600022605,-1.484504537909814,-1.8563852281310462,36.32189558286049,1.7296140753743092,0.2748364782809638
Americas,2020-05-18,1026782740,24.293441023910315,24.812376251729123,24.650867353349675,24.341333853420146,23.824694925336146,23.581428490597762,23.48175484307803,1135.894849499636,24.16797552126885,13.828739271561966
Asia,2020-05-18,4678940019,-1.6619788215128608,1.510869316970926,-0.6196415668583904,-1.6619788215128608,-5.146613827652862,-7.831284616158175,-9.011683093390406,-116.51461481103811,-2.284600290412512,0.536620535806018
Africa,2020-05-18,1371693397,2.365264385334904,4.580853921792636,2.7943962635421093,2.365264385334904,-7.089563370543522,-12.134411778112144,-13.383516875265293,25.87400925881847,0.47043653197851765,0.20625119331969782
Europe,2020-05-18,748057173,25.868893956215842,25.876830670721393,25.87550218678888,25.872374412508595,25.86874572649043,25.866646078384395,25.865327354927025,1267.70924520022,25.871617248984084,21.733784243788005
Oceania,2020-05-18,42936804,-0.15295831508947275,3.2539707067414443,2.7013349618499483,1.0807986142200934,-0.8001294500216015,-1.9659211047235094,-2.448868082600119,29.747739256670233,1.4165590122223921,0.2794991448362109
Americas,2020-05-25,1026782740,27.358665203294052,27.902401198570768,27.78328770516697,27.40041702480393,26.841405351385603,26.586438412351104,26.468291396969647,1277.7299730090585,27.18574410657571,15.998235128105094
Asia,2020-05-25,4678940019,-0.6909874473508301,3.0727394085720965,0.6459503374292993,-0.6909874473508301,-4.7415780850410245,-7.868770245411739,-8.97248616718856,-118.03692945576826,-2.3144495971719268,0.5937275940104331
Africa,2020-05-25,1371693397,3.4428835228922128,5.393133683954236,3.446737993577021,3.4428835228922128,-7.596158197978589,-13.066838793625333,-14.324573215737153,34.7229088801502,0.6313256160027308,0.2534928729411971
Europe,2020-05-25,748057173,26.716174680183368,26.724529999131644,26.72321054266229,26.719855433077147,26.715951996744188,26.713794308222585,26.712378667470276,1309.2295485535342,26.71897037864355,22.386811870060097
Oceania,2020-05-25,42936804,-0.7715634147815429,2.6636913793648014,2.297352517351126,0.5280419976414742,-1.4645144072986926,-2.5855962829247567,-3.2488055469093595,20.072746640941542,0.9558450781400735,0.28649314466908155
Americas,2020-06-01,1026782740,30.31256064583356,30.86314909532457,30.792243368216152,30.357594782762497,29.76886633352854,29.47166251535897,29.39426589112847,1412.6512463589502,30.05640949699894,18.082512664753207
Asia,2020-06-01,4678940019,0.5075951924491084,4.518239349953403,2.3572972679244892,0.5075951924491084,-3.6422192584846473,-7.702126710141062,-8.625083886069746,-115.54798097847224,-2.265646685852397,0.6684882232511474
Africa,2020-06-01,1371693397,4.3411312296517535,6.387214580652531,4.589361649089365,4.3411312296517535,-7.530294404233692,-13.574329641390044,-14.881912467159136,65.80818322910396,1.1965124223473447,0.31648194920923717
Europe,2020-06-01,748057173,27.89474584362381,27.90371092044106,27.902202256143546,27.89853409718978,27.89448851146862,27.892282393638286,27.89073178012186,1366.98339783278,27.897620363934283,23.122989023193284
Oceania,2020-06-01,42936804,-1.5826417204289134,1.914658462758684,1.6231203201821145,-0.22119022647287523,-2.295002525488192,-3.5684380154099924,-4.214035274828235,5.93090263635206,0.2824239350643836,0.2888244779467051
Americas,2020-06-08,1026782740,33.344070424319845,33.926628944962665,33.7941279692479,33.370459520566094,32.749868150569576,32.40201464514438,32.35647891726243,1549.8043095939497,32.974559778594674,20.363520913879015
Asia,2020-06-08,4678940019,1.5554808824849593,5.935618385132133,4.453896216473074,1.5554808824849593,-2.525293993554858,-7.509625083611221,-7.892677105637488,-112.65933299821066,-2.2090065293766794,0.7623561502210401
Africa,2020-06-08,1371693397,5.9590816900923755,7.778578307728006,5.9590816900923755,5.9590816900923755,-7.296404139999998,-13.561046160008786,-15.524792977833261,98.59194209733548,1.7925807654060995,0.3908429545352692
Europe,2020-06-08,748057173,28.967628409549146,28.97724986764896,28.97548619516538,28.971557722692417,28.967214735400958,28.964931772711783,28.96321581224763,1419.5572687094927,28.97055650427536,23.693267626751304
Oceania,2020-06-08,42936804,-2.2428394241603886,1.3659436456420422,1.071019791250969,-0.842400723798338,-2.9436225600591044,-4.459627554634263,-5.013157866035868,-5.159014168439369,-0.24566734135425589,0.2888244779467051
Americas,2020-06-15,1026782740,36.40526627708823,37.04100396083724,36.86141037755807,36.42282979843609,35.76050517215572,35.44628519915566,35.34774068068762,1688.1280440461142,35.917617958427954,22.519965518703597
Asia,2020-06-15,4678940019,2.9796504333103515,7.693267749268922,6.501842562376592,2.9796504333103515,-1.2305736754324421,-6.539574417810832,-7.704545482493162,-110.53284994964703,-2.1673107833264122,0.880053705172321
Africa,2020-06-15,1371693397,7.693980218109836,9.095039842080855,7.693980218109836,7.693980218109836,-6.602509336511852,-13.260549842725561,-15.252045847072397,137.5617772553255,2.5011232228240994,0.4927611385155629
Europe,2020-06-15,748057173,29.733075236771196,29.743205685034887,29.74135175575877,29.737160856870293,29.73251055893955,29.730134427495553,29.728502227963936,1457.0667562653327,29.736056250312913,24.152861107582748
Oceania,2020-06-15,42936804,-3.150852042903604,0.5861246806032384,0.28800942529302637,-1.8231694621786518,-3.999485484895329,-5.478465252769023,-6.082107351862506,-21.42351266776021,-1.0201672698933437,0.2888244779467051
Americas,2020-06-22,1026782740,39.5282695901071,40.17278996123275,39.98724483396403,39.55586232192443,38.85449213979823,38.472817810929925,38.36639221530413,1828.949897038914,38.91382759657263,24.81217545592946
Asia,2020-06-22,4678940019,4.375652290064902,9.6800707990484,8.56607715591566,4.375652290064902,-0.11273502438541207,-5.511703435855041,-7.216391891563968,-106.79254882063411,-2.09397154550263,1.0487670882878228
Africa,2020-06-22,1371693397,9.535049914759965,10.485835424595274,9.65431841316933,9.535049914759965,-5.802912654270573,-12.446096013492662,-14.47072271292539,179.15071082689485,3.257285651398088,0.6077296878611423
Europe,2020-06-22,748057173,31.024453710413106,31.035136544279663,31.03315794836836,31.028673990989425,31.023874965214915,31.021323932936582,31.019738597999805,1520.3468328828196,31.027486385363666,24.71832336804556
Oceania,2020-06-22,42936804,-4.197285502384953,-0.35302586450995543,-0.5141384014997885,-2.8820248926552288,-5.041886354506922,-6.738603934364628,-7.335793147604231,-40.426920192540955,-1.9250914377400457,0.2888244779467051
Americas,2020-06-29,1026782740,42.80478315426182,43.467289057401985,43.320749818782566,42.853587146420764,42.13238231490637,41.72603599579922,41.54753820725686,1976.8411699299618,42.06045042404174,27.016441472321592
Asia,2020-06-29,4678940019,5.796809512973494,11.835059329259387,10.607253617725766,5.796809512973494,1.0946226216306918,-4.181917695423052,-6.39654541461693,-103.55366510464059,-2.0304640216596197,1.1923039357944802
Africa,2020-06-29,1371693397,11.418399652335694,12.61216220106262,11.716818634619015,11.418399652335694,-4.877516510490753,-11.524479669084307,-13.527985461532154,223.32666567286935,4.060484830415806,0.7199251685251058
Europe,2020-06-29,748057173,32.1015827985402,32.11264667361466,32.11076942736496,32.10591703345132,32.10098924986415,32.09832377526063,32.0965227949304,1573.1297893824571,32.10468957923382,25.073111089598495
Oceania,2020-06-29,42936804,-5.216276100162587,-1.0825278146212285,-1.3910902916695875,-3.8207117529740526,-6.095018684342027,-8.036879727274812,-8.56387014605368,-58.823855004541294,-2.8011359525972046,0.29348714450195224
Americas,2020-07-06,1026782740,46.998884430113236,47.68689316976888,47.544908496436484,47.111962745436905,46.30186897487858,45.811852184258655,45.719952867994344,2166.2036646750626,46.0894396739375,29.1791192360713
Asia,2020-07-06,4678940019,7.157702362283919,13.8748223760119,12.850767104521411,7.251374117076009,2.542377504165406,-2.837317361093766,-5.601815789794705,-96.1532300890933,-1.8853574527273196,1.3525539276634184
Africa,2020-07-06,1371693397,12.643389260804154,14.5993891030775,12.643389260804154,12.643389260804154,-4.111636067914572,-10.808884460546281,-13.01073331050782,252.73866709918988,4.595248492712543,0.8462656469286773
Europe,2020-07-06,748057173,33.454440559688024,33.46590543606069,33.46397057506219,33.4589083247416,33.45385523972398,33.45105677555657,33.44906432354648,1639.4235822296403,33.45762412713552,25.42348671523266
Oceania,2020-07-06,42936804,-6.2247134616741215,-1.792097446250553,-2.3048594832534297,-4.748772103491398,-7.126651927209858,-9.303269582147069,-9.781344512461894,-76.93645445676718,-3.663640688417485,0.29814981105719934
Americas,2020-07-13,1026782740,51.38708887390391,52.13044395240786,52.02357766994693,51.53496975344881,50.68125854692902,50.16137975785314,50.089361438966,2363.964476153328,50.29711651390059,31.592092792677835
Asia,2020-07-13,4678940019,8.779005728291668,16.127760749662393,15.146976961345036,8.986391974709166,4.105067032186384,-1.8421665155354128,-4.33584404533519,-88.02221806548026,-1.7259258444211816,1.5269737528131369
Africa,2020-07-13,1371693397,14.12382530155453,16.496412885004283,14.13597269004331,14.12382530155453,-2.989742614055462,-10.054064403634479,-12.45102695359825,289.1130115832864,5.256600210605207,0.9813555295549767
Europe,2020-07-13,748057173,34.77957317061816,34.79144117716469,34.78926048906441,34.784226961550615,34.77897887875889,34.776052675554666,34.7738436134242,1704.358842551931,34.782833521467985,25.751804668545034
Oceania,2020-07-13,42936804,-7.293915120290701,-2.6919243450612456,-3.2900735285110176,-5.669676583995451,-8.301416042249276,-10.673591376353896,-11.054665865878505,-96.23265388070982,-4.582507327652849,0.3028124776124464
Americas,2020-07-20,1026782740,55.9209917730119,56.731503873403746,56.60365504357607,56.11728403107042,55.18464669886509,54.618046880433624,54.54954091190047,2566.8214647125083,54.613222653457626,34.158361290724464
Asia,2020-07-20,4678940019,10.496126669509058,17.896067211244915,17.53060107469478,10.848930901960763,5.626157037278035,-0.49359271844771657,-3.2288152937045322,-79.80184862366946,-1.5647421298758717,1.7376840837847893
Africa,2020-07-20,1371693397,15.752568526906567,19.196239900424626,16.255698061241713,15.752568526906567,-2.079536634069795,-9.136358841431418,-11.986331976371071,326.66619093203735,5.939385289673406,1.1242461350129251
Europe,2020-07-20,748057173,36.11985819544862,36.13203770388931,36.129952350496644,36.12462225727724,36.11919966770355,36.11614149418622,36.11377204179445,1770.0355970006337,36.12317544899253,26.04162275708838
Oceania,2020-07-20,42936804,-8.16980813687406,-3.254573265809157,-4.105092457054384,-6.520583773517026,-9.093775753733949,-11.804293235460886,-12.137193935613327,-111.479180674151,-5.30853241305481,0.34472756751992994
Americas,2020-07-27,1026782740,60.38417049837992,61.308124334766795,61.11686527672042,60.57957586586291,59.58529853541231,59.05824761186865,58.89055687647194,2765.267742524186,58.835483883493325,36.87773043399619
Asia,2020-07-27,4678940019,12.323431811780214,20.302252136334115,19.6717900750794,12.783511361738274,7.257867871765464,0.8869832532625622,-1.957616424280957,-70.5804973396078,-1.3839313203844665,1.9467913807424253
Africa,2020-07-27,1371693397,17.2700166841984,21.858044328313436,18.18522112114796,17.2700166841984,-0.687725419345389,-8.584656277996938,-10.947302290758484,359.6187065947182,6.538521938085786,1.324873622614661
Europe,2020-07-27,748057173,38.30212524020935,38.31464553774391,38.31262189264885,38.30694577689041,38.30132376465732,38.29824113766535,38.2956389379659,1876.9694252585862,38.30549847466502,26.308580293501176
Oceania,2020-07-27,42936804,-8.883781197457346,-3.646950763416516,-4.681577410839104,-7.207456973657011,-9.909868082976178,-12.753571296787168,-13.069989708492876,-123.28250754987118,-5.870595597612914,0.4402144137230149
Americas,2020-08-03,1026782740,64.60945877353949,65.61962694774847,65.41125200219882,64.78068506282025,63.772548735800484,63.19204206427902,62.996082773859264,2953.733636919889,62.8453965302104,39.60479302564046
Asia,2020-08-03,4678940019,14.027885707443767,23.68262899886909,21.387551259500842,14.56246089951083,8.845836627264072,2.2499868943507293,-0.49887760307314594,-61.81213695032136,-1.2120026853004187,2.1576302237269607
Africa,2020-08-03,1371693397,18.450267305483653,23.83865723287786,19.843288052322844,18.450267305483653,0.06803320669143005,-8.273109637061424,-10.692776330526366,379.5419798293614,6.900763269624753,1.503559472190125
Europe,2020-08-03,748057173,39.47108173985373,39.4839697134241,39.4819758118656,39.47592837376865,39.470114172615915,39.4670806419772,39.46418195675096,1934.250772415123,39.47450555949231,26.582222880442856
Oceania,2020-08-03,42936804,-9.742400775153381,-4.235361900127331,-5.266646457288977,-8.02361942812844,-10.963900360777648,-13.767410003505361,-14.180503308760617,-137.80801969778526,-6.562286652275488,0.5985983493321952
Americas,2020-08-10,1026782740,68.68940357996637,69.74032338256413,69.58589395687257,68.90050096843625,67.82027911305791,67.20361493953224,66.99399290447012,3136.115321459602,66.72585790339579,42.435480947020984
Asia,2020-08-10,4678940019,15.80113017111991,26.189589600151777,23.245463627528284,16.35787806213123,10.536122869313155,3.271545545365853,0.960873198932751,-53.39176691641203,-1.046897390517883,2.3778724358124754
Africa,2020-08-10,1371693397,19.57270806941223,25.443390609303343,21.614741292484425,19.57270806941223,0.6609445067704247,-8.095984730778223,-10.515092696794717,395.91752147133,7.198500390387818,1.720227279041134
Europe,2020-08-10,748057173,41.57487508611477,41.58821356375954,41.58616540975989,41.57984417918289,41.57377549210551,41.5708189961162,41.56753470952659,2037.338377751875,41.578334239834184,26.86669124419986
Oceania,2020-08-10,42936804,-10.405558899809487,-4.749572820197383,-5.708371562413649,-8.62967033084629,-11.688753377514505,-14.570951284349064,-15.154145603987347,-148.22516830750948,-7.058341347976642,0.831503434675762
Americas,2020-08-17,1026782740,72.49850584481986,73.5872508696905,73.47256103413133,72.71838899980953,71.57760469470063,70.9412420240198,70.72357150505167,3305.8056941060127,70.33629136395771,45.08238850995879
Asia,2020-08-17,4678940019,17.63965292147209,28.389063733122235,25.17812667822699,18.50074351258844,12.248024664959939,4.432669787971433,2.139416251170819,-44.748406633479796,-0.8774197379113686,2.602453237389962
Africa,2020-08-17,1371693397,20.703288811851525,27.09040785295933,22.937804487021552,20.703288811851525,1.163294939891262,-7.856871820335283,-10.317407414194548,411.8167175965606,7.487576683573829,1.8878305499344763
Europe,2020-08-17,748057173,43.08448924922937,43.09825752401772,43.0961719295929,43.08961042689043,43.08329052613094,43.08027007231196,43.076708306318004,2111.31120311445,43.0879837370296,27.162258625919225
Oceania,2020-08-17,42936804,-11.383415791814423,-5.5379984674266405,-6.529267398176988,-9.529733343557151,-12.755946245959821,-15.756018840667501,-16.43739355177387,-165.52871675267576,-7.8823198453655126,1.0807115499327802
Americas,2020-08-24,1026782740,75.89322471399049,77.0519269251876,76.92335011537175,76.11534913773866,74.93866014519179,74.26322495469451,74.03950373972428,3456.4983120115644,73.54251727684179,47.68829479934577
Asia,2020-08-24,4678940019,19.49590929401914,30.87390689227741,27.439239895447862,20.315699634843362,13.96559815714939,5.890691823341353,3.219272256872187,-36.88580651955285,-0.7232511082265265,2.8162197306423726
Africa,2020-08-24,1371693397,21.73977701731358,28.756678705707984,24.248265221926804,21.73977701731358,1.4004094138661547,-7.755563191696555,-10.107514138784905,423.80891817036485,7.7056166940066335,2.0415097908355677
Europe,2020-08-24,748057173,44.299161058164,44.31330054248483,44.311025952808535,44.304408487582556,44.29793931789903,44.29467710500671,44.29106174654185,2170.833932428016,44.30273331485747,27.45608737047696
Oceania,2020-08-24,42936804,-12.55242059995698,-6.4948489972060335,-7.592181312933483,-10.623466561079278,-14.066582932453908,-17.138954641773513,-17.909730952570413,-186.79390146681052,-8.89494768889574,1.2856732420046915
Americas,2020-08-31,1026782740,78.99026628461472,80.21018337517079,80.09064887373935,79.24299790752598,77.99191692214983,77.30528665612967,77.06465542806637,3593.6507383474755,76.46065400739309,50.09036118000971
Asia,2020-08-31,4678940019,21.849001316430403,33.35157312117257,30.026236428722697,22.436455900745035,15.79810170723679,7.263787054432322,4.269931930246111,-30.31844207340333,-0.5944792563412419,3.048558528657642
Africa,2020-08-31,1371693397,22.780459773085834,30.156045369735665,25.57707625722802,22.780459773085834,1.7625611095291556,-7.810543877548455,-10.729834350099646,433.8444132545384,7.888080240991608,2.1732463730741425
Europe,2020-08-31,748057173,45.32920554723956,45.34378701012644,45.34123650459377,45.33488548577353,45.32798866336416,45.32451283039735,45.320750124760835,2221.308468308913,45.332825883855364,27.746974093917284
Oceania,2020-08-31,42936804,-13.367525347449417,-7.121473352943576,-8.268207882855656,-11.386545803520075,-14.936204510917415,-18.12881956030527,-19.034543462360364,-201.30963179677656,-9.586172942703646,1.5977621436378917
Americas,2020-09-07,1026782740,81.66359382578611,82.92553379975763,82.77304817436426,81.92377725639007,80.62393332260925,79.84138101723411,79.61992631276613,3708.310976702132,78.90023354685385,52.813136301843166
Asia,2020-09-07,4678940019,24.20024077624564,35.79516334824762,33.467528673739146,24.900142889428555,17.647646101417152,8.68422978467345,5.320429815584526,-25.238596520241654,-0.4948744415733658,3.2923748407641216
Africa,2020-09-07,1371693397,23.695737217708935,31.22198349819977,26.382571663024414,23.695737217708935,1.9338265054914288,-8.080413052646247,-11.393699475359222,442.13163613290783,8.038757020598323,2.2978395222237844
Europe,2020-09-07,748057173,47.69242152147523,47.70747626109573,47.70490521991634,47.698364001121156,47.69106758660447,47.687553195579206,47.68378908672274,2337.1094734749095,47.69611170356957,28.085049189148005
Oceania,2020-09-07,42936804,-14.223083007124233,-7.73594418387511,-9.029990799548631,-12.26297745037324,-15.875988749679433,-19.151888115639093,-20.11774093433935,-217.327628483806,-10.348934689705047,1.8656046220859848
Americas,2020-09-14,1026782740,84.18396609260103,85.53128406085565,85.34358867778542,84.46198169197314,83.05150561058463,82.21971318416328,82.01191852716357,3816.067726073975,81.19293034199946,54.81609166901266
Asia,2020-09-14,4678940019,26.72191277211028,38.48981050119917,36.63081987664179,27.441461357721366,19.977675830237615,9.992849355005935,6.401128478037805,-20.485355709563205,-0.4016736413639845,3.557499162717948
Africa,2020-09-14,1371693397,24.49605598187357,32.11720808246038,27.27553161361594,24.49605598187357,2.134506212793788,-8.653847534881772,-11.94151360357182,450.08124712146804,8.183295402208508,2.390572490304114
Europe,2020-09-14,748057173,50.143453694141215,50.15898998725226,50.156447502225404,50.14961309961882,50.14199849384962,50.138430056327266,50.134761828778025,2457.214026706744,50.14722503483151,28.438095466267256
Oceania,2020-09-14,42936804,-15.257910767070403,-8.515535395844479,-9.928489338167513,-13.362883373104212,-16.99329192850659,-20.313358422410904,-21.33909862661533,-236.25082510141254,-11.250039290543453,1.9750631649248975
Americas,2020-09-21,1026782740,86.78813238284134,88.21693787012128,87.99082301032465,87.06196171298062,85.5879770585457,84.68071109126765,84.49198106479427,3927.6254759054345,83.56649948734966,56.744446834001124
Asia,2020-09-21,4678940019,29.13445128288999,40.9802825725559,39.460339607541876,29.849642582730535,22.034349168120787,11.360963342855412,7.480613250975549,-16.06599138509318,-0.3150194389233958,3.829718724163025
Africa,2020-09-21,1371693397,25.12258366700163,32.79756054573649,28.085686328716225,25.12258366700163,2.350880156509489,-8.963339990726992,-12.469797601197321,459.52164315315247,8.354938966420955,2.4845450211057623
Europe,2020-09-21,748057173,52.18673360733231,52.20270273702287,52.200187176504315,52.19300194834156,52.18529349698986,52.181555240536824,52.17792888687664,2557.338719388535,52.190586109970106,28.939128961470434
Oceania,2020-09-21,42936804,-15.714150025758405,-8.850828749378149,-10.213733653259917,-13.687103222161808,-17.519126519445955,-21.012599558373374,-22.00231828209206,-244.45314924793357,-11.640626154663504,2.0682349808802725
Americas,2020-09-28,1026782740,89.07212553617524,90.4815308834005,90.31238398837912,89.37598484320063,87.81034237156189,86.83339250327987,86.64778717622153,4025.505254289887,85.64904796361462,58.700653850102704
Asia,2020-09-28,4678940019,31.62380047768759,43.92665256312963,41.71525891857175,32.16840145035119,23.920530760028193,12.892888214627687,8.598337230943748,-10.532983804064884,-0.20652909419735077,4.0877469089863965
Africa,2020-09-28,1371693397,25.702061358281323,33.88160470884168,28.985430936737945,25.702061358281323,2.1706029505514772,-9.462080387557286,-12.807207147753603,466.32850605862916,8.478700110156893,2.584786810051255
Europe,2020-09-28,748057173,54.50452753946789,54.52105089474547,54.518644813917376,54.510998609439426,54.50321973456254,54.49919750366974,54.49565704727947,2670.9145871451487,54.50846096214589,29.49991617819832
Oceania,2020-09-28,42936804,-16.087604665481297,-9.105868543007247,-10.395727662569257,-13.956006417092999,-17.940116446680907,-21.262756517347,-22.583728122938194,-251.07081888686702,-11.955753280327002,2.133447100534078
Americas,2020-10-05,1026782740,91.69724641531688,93.11865895259338,92.99648224047877,92.00260766031698,90.39582358285928,89.31868564043828,89.1851231391546,4139.521747631049,88.07493080066062,61.106225743529734
Asia,2020-10-05,4678940019,33.78390066902071,46.39183005063815,43.88308888586609,34.258310689468765,25.789392845129285,14.412873882727743,9.731768610009665,-5.040912104129367,-0.09884141380645826,4.347720577180581
Africa,2020-10-05,1371693397,26.6796477563039,34.76337303749873,29.95184523122515,26.6796477563039,1.9118616083505224,-9.9906832479189,-13.119888581932322,474.08794703776374,8.619780855232069,2.6708851322115104
Europe,2020-10-05,748057173,57.58989594254984,57.60714887227492,57.604526057255335,57.59664560691521,57.588388107851635,57.584474036410924,57.580906785179536,2822.100118004431,57.5938799592741,30.149065090242775
Oceania,2020-10-05,42936804,-16.773991622129056,-9.63146547776857,-10.977005289444106,-14.63459445246627,-18.715878745910736,-22.143936521466916,-23.391311472104725,-263.30423020978793,-12.538296676656566,2.163721827083357
Americas,2020-10-12,1026782740,94.01993413244368,95.43416897514801,95.33584532228637,94.33813267351314,92.66811813530984,91.53865471927521,91.42936588474092,4240.401013584329,90.2212981613687,62.86414631395148
Asia,2020-10-12,4678940019,35.67501982169749,48.441886069642486,45.96641468341735,36.08074006931126,27.196153455957127,15.946676907963349,10.88195611992522,1.3713295450931196,0.026888814609668917,4.594272444765016
Africa,2020-10-12,1371693397,27.72775761187385,35.748799621793935,31.187014282445283,27.72775761187385,2.2156167588858127,-10.326397717182086,-13.55940795356753,484.204255817728,8.80371374214051,2.792122939700934
Europe,2020-10-12,748057173,61.28663285853741,61.30460431568518,61.30179873953304,61.2940632392608,61.28547109472018,61.28112412614786,61.27756548558873,3003.242797606941,61.29066933891717,30.975071206221827
Oceania,2020-10-12,42936804,-17.275158201940314,-10.014052932985187,-11.308958620230065,-15.1289424445264,-19.234085113862353,-22.87443176644634,-24.08811358801444,-272.44658706111846,-12.9736470029104,2.173030857163938
Americas,2020-10-19,1026782740,96.54991916051465,98.0338219952446,97.91236845364347,96.90650987478895,95.1836427089716,94.01380712562487,93.84875329306516,4351.793586049427,92.59135289466869,64.545904131579
Asia,2020-10-19,4678940019,37.588235162197144,50.35993927944125,48.50145984884217,37.99771768296257,28.77852699099583,17.46708588596541,11.977194407447255,7.763842366926249,0.1522322032730636,4.826312179318407
Africa,2020-10-19,1371693397,28.522828402760545,36.82623761083524,32.227202530311715,28.522828402760545,2.3669781377370445,-10.64209734387562,-13.939662612104689,493.9011560029886,8.980021018236156,2.910882642383967
Europe,2020-10-19,748057173,66.35208361677121,66.37077067459799,66.36782298326173,66.3599059496787,66.350911760599,66.3465239021151,66.34286096391183,3251.452703901228,66.3561776306373,32.10466414443432
Oceania,2020-10-19,42936804,-17.573329620781518,-10.187126724096178,-11.447793619502578,-15.382261863141608,-19.572094973198126,-23.03622581097978,-24.56269721257483,-277.41210764862274,-13.210100364220128,2.1870025537997657
Americas,2020-10-26,1026782740,99.15027468262102,100.69546291693459,100.48597016379648,99.50027389731311,97.7274442654784,96.49980994151456,96.32347500243169,4466.513931632335,95.03221131132626,66.30323908639134
Asia,2020-10-26,4678940019,39.51032507647674,52.282063915693655,50.44454997579315,39.95028087633962,30.30223803170466,18.913771916881775,13.14930441508264,15.962115139878767,0.31298264980154444,5.046939029803365
Africa,2020-10-26,1371693397,29.249411271693397,37.34600879502457,32.95159822628254,29.249411271693397,2.325254842960675,-10.880146028643837,-14.27508080632607,501.8209826779946,9.124017866872629,3.0331415964379684
Europe,2020-10-26,748057173,72.50137429882152,72.52095837550307,72.51831012460731,72.50947312543192,72.5002447611782,72.49591193363851,72.49202624963988,3552.776777713831,72.50564852477206,33.731545676923815
Oceania,2020-10-26,42936804,-17.983006419574206,-10.396050950328046,-11.697438998269085,-15.762085697952806,-20.021950375536157,-23.723160213577824,-25.152329520115497,-284.4024645513777,-13.542974502446558,2.1870025537997657
Americas,2020-11-02,1026782740,102.20313738808609,103.82049185563352,103.57877403585738,102.57115924511268,100.7455021594787,99.51290463006438,99.28699446809196,4602.887622565415,97.93377920351946,68.01577342447342
Asia,2020-11-02,4678940019,41.562070984403356,54.3486336819188,52.37276958248707,42.21282088539531,31.924122921480585,20.734935087909673,14.519609721713094,26.1684949828309,0.5131077447613901,5.262180493876513
Africa,2020-11-02,1371693397,30.195149501729126,39.18401054406224,34.31878602384711,30.195149501729126,3.04605946531414,-10.365742518526229,-14.395937339594425,514.1344746036201,9.347899538247637,3.1630563429766223
Europe,2020-11-02,748057173,80.94257999565542,80.96290204739189,80.9598851817387,80.95112371649908,80.94158989585901,80.93713099507008,80.93284346507127,3966.398374729162,80.94690560671759,36.13938128763856
Oceania,2020-11-02,42936804,-18.115788602998524,-10.209064227846989,-11.508989813040188,-15.839357399727524,-20.1765032278775,-23.835613651131283,-25.381507503151216,-285.9000046156926,-13.614285934080598,2.191665220355013
Americas,2020-11-09,1026782740,105.32132437663986,106.98267838861766,106.75004834912224,105.69937397636967,103.85686301268359,102.57552398215607,102.29399439005319,4741.623406833513,100.88560440071305,69.83972539312455
Asia,2020-11-09,4678940019,43.714483379777974,56.55838492807832,54.60993466286563,44.29320630813925,33.47047960433991,22.386478335210068,15.947349966701859,37.268231009667886,0.7307496276405469,5.497554509257752
Africa,2020-11-09,1371693397,31.168347427843585,41.01076275547388,35.85356589105546,31.168347427843585,3.8952299878522183,-9.770282886579396,-14.250673333619979,528.6476563481214,9.611775569965841,3.324900673849347
Europe,2020-11-09,748057173,89.73368719140068,89.7549531543166,89.75176775066059,89.7428218112679,89.73305040538375,89.72846536185523,89.72414386119911,4397.175211294612,89.7382696182574,39.65930181649364
Oceania,2020-11-09,42936804,-18.033040120743635,-9.820994011635667,-11.110995199454418,-15.650236475666869,-20.126547353868716,-23.7339896142026,-25.38719582542875,-282.8685629700507,-13.469931570002414,2.191665220355013
Americas,2020-11-16,1026782740,108.72181424737941,110.40479776459573,110.1917873447625,109.10641742935093,107.2358660403994,105.93828276007245,105.5947089266317,4893.343533177067,104.11369219525676,71.83995515935533
Asia,2020-11-16,4678940019,45.635715722242,58.373556859102365,57.01638753894975,46.268216555119004,34.84939214516012,23.8169964412782,16.632044798298924,47.45771600043575,0.9305434509889362,5.729936244348337
Africa,2020-11-16,1371693397,32.17191907725117,42.884133624563994,37.45396991969923,32.17191907725117,4.7074377276153205,-9.437380357436693,-13.91636603884475,543.4535419875878,9.880973490683413,3.4730404115228093
Europe,2020-11-16,748057173,98.45375128087974,98.47596452519498,98.47240572269058,98.46351522869475,98.45330338027144,98.44844068058788,98.44432657430744,4824.467287477985,98.45851607097929,43.68853822888214
Oceania,2020-11-16,42936804,-18.279244714457207,-9.976122634816257,-11.091723645572788,-15.794995673673888,-20.389435104569504,-24.004041487907127,-25.777773780750902,-286.772430249591,-13.655830011885286,2.191665220355013
Americas,2020-11-23,1026782740,112.32075291817269,114.0203748898915,113.83632316019862,112.70121378777282,110.79416286752658,109.49468943578819,109.09161971942139,5054.299488708791,107.53828699380406,74.061846228541
Asia,2020-11-23,4678940019,47.637934786031934,60.57169651647328,59.46478472473912,48.254400516538425,36.19997043552689,25.231785227712496,17.322675915736827,56.24520075752635,1.102847073676987,5.988563304128134
Africa,2020-11-23,1371693397,33.14702669081998,44.76197021639427,38.85039862015718,33.14702669081998,5.3202871672167955,-8.600620577419772,-13.373150597854806,555.1968627643905,10.094488413898008,3.6440709789317443
Europe,2020-11-23,748057173,107.02924179850758,107.05264186998373,107.0485577882249,107.04004568463081,107.02922669615552,107.02404730833122,107.02003174272377,5244.68700316412,107.03442863600247,48.10183846736538
Oceania,2020-11-23,42936804,-18.45919770668564,-10.110432284566157,-10.990415668995347,-15.861045590841595,-20.592785711431716,-24.185656739302704,-26.14557047587248,-289.30684301640144,-13.776516334114353,2.191665220355013
Americas,2020-11-30,1026782740,116.29718278188673,118.03846250764006,117.86424448849893,116.68956453814326,114.72043920931456,113.35368208646011,112.97110913671746,5233.055292207053,111.34160196185219,76.39924537492712
Asia,2020-11-30,4678940019,49.62418323545777,62.71906607119482,61.92226852964807,50.38740407502024,37.79573310127312,26.684043069756466,18.08249143003148,63.3563619310382,1.242281606490945,6.243621649640984
Africa,2020-11-30,1371693397,34.262220443880125,46.71960598467823,40.36861663366654,34.262220443880125,6.056242826304563,-7.706392835336375,-12.70855515168999,571.7637833445247,10.39570515171863,3.7902419092857964
Europe,2020-11-30,748057173,115.37249884398476,115.3971348657366,115.39272530094043,115.38431055632978,115.37249884398476,115.36744408677667,115.36314223302985,5653.5301552570345,115.37816643381701,52.743597313249744
Oceania,2020-11-30,42936804,-18.19253378447351,-9.697977262897643,-10.405792693842283,-15.452956332370317,-20.33101252288666,-23.959074999199327,-25.916988247830645,-282.5094014607522,-13.4528286409882,2.1939965536326365
Americas,2020-12-07,1026782740,120.99296141606602,122.73649998827372,122.59315906700796,121.38393202189172,119.3660885557013,117.92730935442457,117.56543089692822,5444.815930175613,115.84714745054497,79.2856390437572
Asia,2020-12-07,4678940019,51.59221195619602,65.11626597708312,64.0235499518156,52.42648573114382,39.330860807667726,28.056156349986342,18.864233194887664,71.11620537858819,1.3944353995801608,6.485941746798869
Africa,2020-12-07,1371693397,35.942140175217745,49.12346347289897,42.62477303992881,35.942140175217745,7.0864579991876475,-6.723098470243831,-11.837189867101262,601.3925641468777,10.934410257215958,3.945232667763582
Europe,2020-12-07,748057173,124.0616125598276,124.0874772478083,124.08285938529163,124.07419100222482,124.0616125598276,124.05673136459018,124.05269180383084,6079.3201585673,124.06775833810816,57.27787506958375
Oceania,2020-12-07,42936804,-18.29466834175364,-9.645295194833084,-10.218411575674963,-15.429430449957032,-20.44596049655406,-24.16420556273302,-26.156277314696062,-283.45648812668617,-13.497928006032671,2.1939965536326365
Americas,2020-12-14,1026782740,125.84245812393189,127.59797119964242,127.47769500778438,126.24389229249566,124.17365192981188,122.68127677458604,122.32483427363022,5663.3766840739245,120.49737625689201,82.37499862921342
Asia,2020-12-14,4678940019,53.49424787860245,66.9351179942742,66.005423989281,54.38667760613643,40.8823153193714,29.22303606402397,19.580162105662865,78.14172225087802,1.5321906323701573,6.712210558901803
Africa,2020-12-14,1371693397,37.846324488768595,51.671258512892436,44.826741586860756,37.846324488768595,8.241001936652843,-5.648310759394445,-10.855191354410344,634.5730861843022,11.537692476078222,4.129457510248553
Europe,2020-12-14,748057173,132.17753526884877,132.20449915716534,132.19956445378017,132.19116429967616,132.17753526884877,132.17276438343768,132.1690183624667,6477.017228932718,132.18402508025957,61.7383655513721
Oceania,2020-12-14,42936804,-18.12146507929415,-9.28191259383198,-9.93252596819437,-15.081340453223213,-20.2724344430259,-24.060649827216515,-26.068660666679275,-279.150738554506,-13.292892312119331,2.19632788691026
Americas,2020-12-21,1026782740,131.08110062555883,132.86452627641518,132.7454103477443,131.49419390792778,129.37790069860756,127.82102266354207,127.47830847820886,5900.779789828155,125.54850616655648,85.74981275980545
Asia,2020-12-21,4678940019,55.27388043256642,68.7935993319668,67.66221204166153,56.072531489407076,42.216662698076874,30.214185591272475,20.273990582801396,84.0703544699859,1.6484383229408999,6.929118789372537
Africa,2020-12-21,1371693397,39.98538306286697,54.783811152368834,47.03977982410394,39.98538306286697,9.686050348586567,-4.055130750088276,-9.32952463053609,680.4120492683742,12.371128168515892,4.339635601526483
Europe,2020-12-21,748057173,140.07988283144383,140.10821890664903,140.10295940880863,140.09469817124287,140.07988283144383,140.07551129968212,140.0720342754665,6864.2613282121965,140.08696588188155,66.39937292600494
Oceania,2020-12-21,42936804,-17.890459050787893,-8.86410108884918,-9.598273578049717,-14.804919616249936,-20.09360889033635,-23.88715572625836,-26.025310897898077,-273.5929162849728,-13.028234108808224,2.1986592201878836
Americas,2020-12-28,1026782740,137.06288886141502,138.90954168212414,138.76202546140078,137.5181297823985,135.2865049821524,133.63530881823647,133.33485395139036,6168.148626813525,131.2372048258197,88.72084049640335
Asia,2020-12-28,4678940019,57.011183384236546,70.70452387694566,69.28587417821399,57.718891174987874,43.38149698638746,31.0531404988319,21.024963497594452,89.66468647587543,1.7581311073701062,7.131600611356331
Africa,2020-12-28,1371693397,42.5414563548922,58.56652627655604,49.575096561737254,42.5414563548922,12.055872798614539,-2.0120832112351725,-7.2933326945328165,736.3379847799848,13.38796335963609,4.618343292936329
Europe,2020-12-28,748057173,147.9791692585432,148.00908492338255,148.00316576563452,147.99448853656102,147.9791692585432,147.97532841419266,147.97196251025713,7251.355279147393,147.98684243157948,70.3615024355899
Oceania,2020-12-28,42936804,-17.758264984829395,-8.52872185104383,-9.356624335986037,-14.59858801978437,-19.967912939028814,-23.836420855152273,-26.100505016331912,-270.1093065297149,-12.862347929986425,2.200990553465507
Americas,2021-01-04,1026782740,143.25463597171523,145.28551126753155,145.16014082517748,143.83550928950572,141.4269343375395,139.7785032286188,139.40583463039582,6437.174282888962,136.9611549550843,92.12545625766947
Asia,2021-01-04,4678940019,58.55457547152291,72.15854697821965,70.73119302936365,59.16830672276348,44.37392981735784,31.539629998034236,21.78677371069167,92.10964654156696,1.8060715008150383,7.317732234429824
Africa,2021-01-04,1371693397,45.29181149745102,62.45133958107318,52.798298242677824,45.29181149745102,14.341096121947706,0.07785962560628384,-5.037813445165799,803.5365684338127,14.609755789705686,4.952165341654698
Europe,2021-01-04,748057173,153.44142178158205,153.47243951512263,153.46689924042383,153.45746703039714,153.44142178158205,153.43801388986836,153.4350064069876,7519.0209956683375,153.44940807486404,74.59981230605752
Oceania,2021-01-04,42936804,-17.659352546012553,-8.229594555102398,-9.145463108291445,-14.42510034514022,-19.910498410038855,-23.790337314455634,-26.172150179415222,-267.1266809455334,-12.720318140263494,2.200990553465507
Americas,2021-01-11,1026782740,150.2604057781256,152.514582604401,152.29222569186734,150.96735984812838,148.43333487998208,146.69035368619524,146.30640893727167,6743.270401931499,143.47383833896808,96.43162622698547
Asia,2021-01-11,4678940019,60.05475952271583,73.50527011267478,72.1926193508884,60.449179629066315,45.29267414490186,31.933469950543962,22.26050001783122,94.49545467504763,1.852852052451914,7.480653301360476
Africa,2021-01-11,1371693397,48.19864009628475,66.74239580795098,55.63522682105819,48.19864009628475,16.74046695726401,2.378394073996078,-2.9312549158405776,880.3522793763259,16.006405079569564,5.350358918436931
Europe,2021-01-11,748057173,158.4347541154114,158.46690228381468,158.46181389250413,158.45202662191898,158.4347541154114,158.43182081805907,158.42879867837308,7763.694935685936,158.44275378950888,79.35332678108014
Oceania,2021-01-11,42936804,-17.839929737349106,-8.203100011531355,-9.125076771498982,-14.438006264759482,-20.082197087172684,-23.989219519055457,-26.392379573843158,-269.9642370404739,-12.855439859070188,2.200990553465507
Americas,2021-01-18,1026782740,157.3793466804721,159.94641659305987,159.4736156963791,158.11564404524873,155.55047599343186,153.69513024170118,153.39056878662635,7052.416674505053,150.0514186064905,100.86956584408499
Asia,2021-01-18,4678940019,61.40542811569404,74.98667593838596,73.44036307521255,61.702173118772286,45.77353582023346,32.30854293811477,22.403544772047525,96.57753696587392,1.8936771954092921,7.658642289596745
Africa,2021-01-18,1371693397,51.053996085508786,70.17502468223559,58.55756831523908,51.053996085508786,19.005436762111156,4.577053954429664,-0.9461874071444215,944.9719946952877,17.181308994459773,5.805271803025235
Europe,2021-01-18,748057173,164.01854117789827,164.05150772461454,164.04644965803354,164.03670025602082,164.01854117789827,164.01544558599895,164.0129212954719,8037.281906392431,164.0261613549476,84.30468562594747
Oceania,2021-01-18,42936804,-17.528591569088213,-7.659045462730937,-8.60691994716976,-14.075396774279334,-19.77288451997266,-23.711742040077343,-26.133797767199372,-262.39230853567574,-12.494871835032178,2.200990553465507
Americas,2021-01-25,1026782740,163.35869113196074,166.24739221033596,165.62545771448563,164.18954065720624,161.48212627424977,159.60030703967843,159.24380956404312,7310.354530453557,155.5394580947565,105.64204672937917
Asia,2021-01-25,4678940019,62.570700757364484,76.50736703939103,74.47032498753788,62.71750334836705,46.39954502327732,32.765637227830496,22.726944768583476,98.76870913558886,1.936641355599782,7.827697822855976
Africa,2021-01-25,1371693397,53.51793175215729,72.22633295466963,61.50610476223125,53.51793175215729,20.85045012178436,6.275139250363922,0.9725230169553624,986.2281920419211,17.931421673489474,6.266236039918766
Europe,2021-01-25,748057173,169.01053891950227,169.04423708304796,169.03925750418563,169.02959942772813,169.01053891950227,169.00697837296306,169.0050357506181,8281.868509057093,169.01772467463454,89.54118657986587
Oceania,2021-01-25,42936804,-17.706502382165247,-7.605037000498814,-8.583073819694897,-14.185816535283669,-19.97445993839858,-23.98193312836537,-26.361003260180254,-265.2054100857461,-12.628829051702194,2.200990553465507
Americas,2021-02-01,1026782740,168.6524507297203,171.82089304599427,170.96529448995497,169.48905261833363,166.70573955657096,164.8199228969806,164.39580130796068,7536.872943747381,160.3589988031358,110.45640492554442
Asia,2021-02-01,4678940019,63.671052422140065,77.99159323650305,75.42686563682919,63.671052422140065,47.37899783532807,32.999836379953145,22.967368900260585,100.10656107332542,1.962873746535792,8.002352829477466
Africa,2021-02-01,1371693397,55.61021199201216,74.23119079878495,63.93429847246815,55.61021199201216,22.426211749639442,7.499440943452608,2.5186357768904615,1012.8066544455834,18.414666444465155,6.668950524954665
Europe,2021-02-01,748057173,172.48312245037815,172.51789028475773,172.51293165161027,172.50286591596603,172.48312245037815,172.47939121189847,172.47778446412588,8452.014355484138,172.4900888874314,94.49535176103444
Oceania,2021-02-01,42936804,-17.437476579996805,-6.841145811546984,-8.086600217533972,-13.737157218655575,-19.675053053673384,-23.70967681276067,-26.14678645171608,-258.6279664056684,-12.315617447888974,2.200990553465507
Americas,2021-02-08,1026782740,172.85158124238185,176.24456108792302,175.1943496574727,173.7070230150699,170.85112488389936,168.9505695627381,168.50333805424407,7713.179746549974,164.11020737340368,114.821202584687
Asia,2021-02-08,4678940019,64.76240725532693,79.23194910583413,76.28403921104025,64.76240725532693,48.3082485606579,33.23410429921972,23.26759157102146,100.55362738802016,1.9716397527062777,8.145568920574787
Africa,2021-02-08,1371693397,57.550502239241574,75.9623725948241,66.25952036862353,57.550502239241574,23.628030906317232,8.551604030380041,3.0804693055797747,1031.0236759044851,18.745885016445186,6.964644665414249
Europe,2021-02-08,748057173,175.31374515818126,175.34971024089498,175.34499355753113,175.33423307669068,175.31374515818126,175.31006994603254,175.308396959473,8590.70991194785,175.32061044791533,98.95183065105105
Oceania,2021-02-08,42936804,-17.444712721111408,-6.527788018634021,-7.894462419804449,-13.673464178182389,-19.559114666986073,-23.678696094588677,-26.160506487528828,-257.2267347231116,-12.248892129671978,2.200990553465507
Americas,2021-02-15,1026782740,176.76822251006436,180.3092692907584,179.17107023358255,177.6473543768549,174.70043244623346,172.84719110740986,172.33848586745594,7876.571478666174,167.58662720566326,119.00621693348683
Asia,2021-02-15,4678940019,65.91047859081324,80.20672269412587,77.3370303036302,65.91047859081324,49.146275859972846,33.56147567823735,23.48295193594876,102.5992464667229,2.011749930720057,8.273611019333735
Africa,2021-02-15,1371693397,59.48894808535748,77.33383565865755,68.61464314005167,59.48894808535748,24.886989276080804,9.331737221507252,3.637241963882449,1047.5647682152585,19.046632149368335,7.213242056599329
Europe,2021-02-15,748057173,177.80798215131057,177.8461072118748,177.84133768125895,177.82918880149154,177.80798215131057,177.8042924073627,177.8024092447437,8712.927093346685,177.81483863972826,102.81784758716564
Oceania,2021-02-15,42936804,-17.697064566397675,-6.262198850110185,-7.976045183083347,-13.712157626459595,-19.762660948543306,-23.87571455730031,-26.394350524898595,-260.48001808084507,-12.403810384802146,2.203321886743131
Americas,2021-02-22,1026782740,180.2982043648956,183.93002108984373,182.82784846302482,181.18477578183678,178.16957482283115,176.29479356266094,175.77419508302944,8022.463945715518,170.69072224926634,122.54143520176432
Asia,2021-02-22,4678940019,67.12445714104442,81.23340762387126,78.42728048162508,67.12445714104442,49.90545207265623,33.9393521776352,23.834608955352028,103.69263171000408,2.033188857058903,8.402208607154192
Africa,2021-02-22,1371693397,61.29910255613077,78.55913674789109,70.90162185619978,61.29910255613077,26.135096694315227,10.22888929810413,4.068306559204029,1061.6800268759775,19.303273215926865,7.4119737123732765
Europe,2021-02-22,748057173,179.69716201161046,179.7375996071744,179.73143003893358,179.71917094480744,179.69716201161046,179.69366325883394,179.69133214379642,8805.491059990502,179.70389918347962,106.1119857746488
Oceania,2021-02-22,42936804,-17.70503147490581,-5.621574793677159,-7.801331601139092,-13.53642888480054,-19.67503664226289,-23.832909382375448,-26.330299150546036,-258.93205912906717,-12.330098053765102,2.2056532200207544
Americas,2021-03-01,1026782740,184.39207681351454,188.1115951684086,186.99540779595833,185.346082749379,182.1939848848709,180.27145035168286,179.75797491482365,8195.692611628094,174.3764385452786,126.15378702216985
Asia,2021-03-01,4678940019,68.54238674832082,82.3482380705135,79.70443854474898,68.54238674832082,50.69303043686878,34.396199034366575,24.269549906216007,107.39364370912953,2.1057577197868538,8.545831478418018
Africa,2021-03-01,1371693397,63.16358025177668,79.86550305007086,73.2232922102128,63.16358025177668,27.344225900207828,11.269408966313625,4.533799918963623,1082.527441890295,19.682317125278093,7.583294650794327
Europe,2021-03-01,748057173,181.42885177547373,181.47173046169473,181.46448153564893,181.4517381539599,181.42885177547373,181.425529697131,181.42291785766886,8890.358377615972,181.4358852574688,109.0524030039613
Oceania,2021-03-01,42936804,-17.673228717065857,-5.01712378322828,-7.574753856103308,-13.26916283502445,-19.597241375280287,-23.724127920175036,-26.35655217813046,-256.306355412441,-12.205064543449572,2.214962250101335
Americas,2021-03-08,1026782740,188.24398546433332,192.04563269130227,190.9228623599654,189.20686534149957,185.96876412780716,184.03347333204096,183.50612859888201,8356.874538562846,177.80584124601802,129.511848728583
Asia,2021-03-08,4678940019,69.88612143344048,83.49200698474662,80.97007020401878,69.88612143344048,51.52272595581444,34.76372575440979,24.65890966689665,111.27661144962866,2.1818943421495818,8.669706137560128
Africa,2021-03-08,1371693397,65.05555648991549,81.50386656349572,75.47730586496886,65.05555648991549,28.38792714144306,12.439264284863855,5.00836386789596,1102.9578540953473,20.053779165369953,7.734202353968174
Europe,2021-03-08,748057173,183.67372443127397,183.7188734047193,183.71088826135372,183.69744089054478,183.67372443127397,183.67056112342664,183.66746593862806,9000.362889471748,183.6808752953418,111.96608377418767
Oceania,2021-03-08,42936804,-17.537285262018223,-4.506873184941671,-7.227238462552228,-12.960892864838526,-19.283266018086543,-23.556951518705997,-26.38412451565117,-253.04483352919024,-12.049753977580485,2.2196249166565822
Americas,2021-03-15,1026782740,191.96407674345335,195.87510145843945,194.7734908000435,192.96207035748913,189.6557479077094,187.66554518985103,187.10537322454465,8511.466833887704,181.09503901888732,132.79345998745558
Asia,2021-03-15,4678940019,71.51354708781865,84.86299187776216,82.51698542051997,71.51354708781865,52.51909602465624,35.368774471253474,25.1723531206984,116.94545589854216,2.2930481548733757,8.793772741885624
Africa,2021-03-15,1371693397,66.94625937150356,83.82642806010807,77.9502863192383,66.94625937150356,29.52671045436546,13.720428544837105,5.483548543393098,1121.3834451020075,20.38878991094559,7.87964352940601
Europe,2021-03-15,748057173,186.48150995684776,186.52889193392738,186.52048129185212,186.50616016727045,186.48150995684776,186.4783309204403,186.4748060531414,9137.942860456233,186.48862980522924,114.825759180308
Oceania,2021-03-15,42936804,-17.330382796371044,-3.9592674260993523,-6.819640950710823,-12.535221782462614,-18.962522873876928,-23.194507049117757,-26.290461670403904,-248.70731167165167,-11.843205317697697,2.242921946402904
Americas,2021-03-22,1026782740,195.78121751001132,199.73930113817187,198.7045806367399,196.85027989996124,193.46813112976722,191.40031067547187,190.8012022941427,8670.800023409256,184.48510688104804,136.18483088252924
Asia,2021-03-22,4678940019,73.10993791384708,86.18154185355512,84.14035455217504,73.10993791384708,53.828314669353475,35.99930752073777,25.595371718718134,119.57213897360448,2.34455174458048,8.98328143325575
Africa,2021-03-22,1371693397,68.79496667224885,86.14412595114385,80.29153842699695,68.79496667224885,30.722582001523364,15.242857602773707,6.557527797191602,1140.298212481075,20.732694772383187,8.031065633248069
Europe,2021-03-22,748057173,189.9781906446414,190.02848016372235,190.01930420408593,190.00366970169958,189.9781906446414,189.97513263988805,189.97141590418266,9309.293565699823,189.98558297346577,117.77192663855386
Oceania,2021-03-22,42936804,-17.182571982207016,-3.45494959561446,-6.441510205296933,-12.153961763836183,-18.65796133590852,-23.199181716513753,-26.295977977765837,-246.53157158063684,-11.739598646696988,2.266218976149226
Americas,2021-03-29,1026782740,199.6252130260325,203.66533529082673,202.70744494172382,200.72753973782503,197.27962084409634,195.1147467656074,194.57648278805613,8828.511743654197,187.8406753968978,139.9118133793328
Asia,2021-03-29,4678940019,74.92365677997742,88.25138384180103,86.4693207172273,74.92365677997742,55.130544370868876,36.94184565328383,26.360819470146247,124.72262693906426,2.445541704687534,9.152123178777599
Africa,2021-03-29,1371693397,70.75300013936976,88.52911502340835,82.75443112066071,70.75300013936976,32.46835841845743,16.864778923419024,8.749355588915185,1159.5537994638698,21.08279635388854,8.181391063443312
Europe,2021-03-29,748057173,193.78953876321674,193.84228389750447,193.8326290170159,193.81602616708616,193.78953876321674,193.7867043456964,193.78273557955626,9496.060667465286,193.79715647888338,120.99106293844736
Oceania,2021-03-29,42936804,-16.13383827148288,-3.10008541736879,-5.577475009206805,-11.328753361785509,-18.144615208670345,-23.184207810144102,-25.82101233742325,-241.92994063850034,-11.52047336373811,2.2964937026985055
Americas,2021-04-05,1026782740,204.08762893372045,208.1947682372447,207.34048909396157,205.2334569213477,201.65985241436005,199.45077219516529,198.9449373840728,9010.473577256816,191.71220377142163,143.4482976408427
Asia,2021-04-05,4678940019,77.76851623716134,91.10531803753744,89.28754927804778,77.76851623716134,57.369258179945696,38.587034213623625,27.494139560170733,133.40744019501554,2.615832160686579,9.377110162095455
Africa,2021-04-05,1371693397,72.94346010924043,90.90948901209381,85.18082073960039,72.94346010924043,34.33293534198305,18.147219637526906,11.366570649337653,1189.0700544417252,21.619455535304095,8.316699362226354
Europe,2021-04-05,748057173,197.66055430555394,197.72988552089703,197.71803663694786,197.69863962365784,197.66055430555394,197.63922376765476,197.6316822307712,9683.24403038174,197.61722510983145,124.14603622816942
Oceania,2021-04-05,42936804,-16.003374379479965,-3.0889360102229415,-5.344253984385652,-11.243772037300577,-18.15701675573046,-23.23226832898514,-25.827066263535944,-245.41787313941848,-11.686565387591353,2.338408792605989
Americas,2021-04-12,1026782740,208.64743359372818,213.31220742133215,212.09607570860075,209.88584979063864,206.21453102456073,203.8720668391729,203.46123999164578,9193.00209354442,195.5957892243494,147.95149078957053
Asia,2021-04-12,4678940019,81.18003174578652,95.41993882576091,93.32763150146165,81.18003174578652,60.14808809747935,40.34462989321412,28.90971875549444,141.92504891386588,2.7828440963503107,9.699448361319119
Africa,2021-04-12,1371693397,75.32966333910194,93.4190000016606,87.88204562819361,75.32966333910194,36.46782241414089,20.058878143886677,14.227436041894798,1219.5125368132376,22.17295521478614,8.45463222711715
Europe,2021-04-12,748057173,201.43450352384704,201.52168364893066,201.52032112543466,201.48101885402974,201.4328056657492,201.4035220920902,201.38517336567384,9866.106290424419,201.34910796784527,127.57077245484818
Oceania,2021-04-12,42936804,-15.568398077452542,-2.6146593948122363,-4.707913943829433,-10.559180546252362,-17.442326641324197,-22.67805562196888,-25.548132013552813,-238.08711498977027,-11.337481666179537,2.34540279243886
Americas,2021-04-19,1026782740,213.43760419301927,218.66149571956296,217.05709828309847,214.68562844597383,211.10716923584357,208.53193492173094,208.15007236348723,9383.79786021452,199.6552736215855,151.94707791835302
Asia,2021-04-19,4678940019,84.76507228135809,100.17072827671743,98.30237154377018,84.78050456309792,64.10988524914664,43.3426490478509,30.9130675763622,151.98959389832513,2.9801881156534336,10.127024584112327
Africa,2021-04-19,1371693397,77.58928492702519,95.66984169408828,89.9595728061634,77.58928492702519,38.18315106710539,21.66994793052052,16.454629517502955,1249.237293195726,22.71340533083138,8.616768970274485
Europe,2021-04-19,748057173,205.32233483702643,205.44372604957206,205.43119492113155,205.38016128719428,205.3113497051719,205.27141102605566,205.24719116229835,10054.262504115208,205.1890306962287,130.79873856112332
Oceania,2021-04-19,42936804,-15.253746047272081,-2.2960940547393323,-4.177740335026943,-9.99075492308792,-17.271090783881892,-22.488849569169847,-25.137248577303918,-233.5441749553222,-11.121151188348678,2.396643215456837
Americas,2021-04-26,1026782740,218.16532029722862,223.84179691069266,221.91388623012128,219.46811821084412,215.80303729198144,213.0731548165428,212.69167221606114,9568.159474449732,203.577861158505,155.82803505247858
Asia,2021-04-26,4678940019,89.91323272427569,107.2390369430292,105.79592727289554,91.11608157859092,69.86705451384498,52.311503582609895,34.07274659522028,162.2413120451766,3.1812021969642474,10.750435311361489
Africa,2021-04-26,1371693397,79.85767821281722,97.7833034592459,92.1166557358268,79.85767821281722,39.92209028860206,23.2797838072103,17.81835695242325,1279.2627727579727,23.259323141054054,8.779417052191292
Europe,2021-04-26,748057173,208.83624578439122,208.96715326865075,208.96023429261643,208.90693955095873,208.81685238302614,208.7654344099402,208.73852268504362,10223.98290903826,208.6527124293522,133.81348206121672
Oceania,2021-04-26,42936804,-14.817072726480625,-1.3066911510500525,-3.4053511452031877,-9.2381914093091,-16.650935656703624,-22.123185701156217,-24.508224864815862,-225.61672591084167,-10.743653614801984,2.4315806085613643
Americas,2021-05-03,1026782740,221.83362372699023,227.8356605991133,225.72180471519857,223.21178983422232,219.50351239352386,216.59620770842008,216.16677681419404,9702.241961468859,206.43068003125228,159.57585905661017
Asia,2021-05-03,4678940019,97.49090223570772,117.97611149956357,115.10619661596371,99.17091193763588,76.44060052820718,58.169194650280296,37.413998517591345,173.191633340295,3.395914379221471,11.521272356793594
Africa,2021-05-03,1371693397,82.11983745505111,99.91430082943296,94.34794892028629,82.11983745505111,41.51841705234584,24.97235952922348,19.20261083068573,1313.2415079351522,23.87711832609368,8.9344083209872
Europe,2021-05-03,748057173,210.99875691745635,211.15018670507632,211.13320686466514,211.06515652314212,210.9691196668898,210.90544900267503,210.86334890705595,10327.060083353355,210.7563282317011,136.40138733085846
Oceania,2021-05-03,42936804,-14.272012169882728,0.23577300064674145,-2.576567637745512,-8.218975931773038,-16.077636828700328,-21.612974488964714,-24.335892370265146,-214.5688769409266,-10.217565568615552,2.454877638307686
Americas,2021-05-10,1026782740,225.46444071532113,231.7856087636259,229.44526971789713,226.9227909894731,223.0375097971541,220.11820150942873,219.64709932347725,9832.90825517202,209.21081393983022,162.98777762859552
Asia,2021-05-10,4678940019,106.23102979687876,129.50066154845334,125.04802019592876,110.46535792522229,83.13473754806131,62.03475577375664,40.80540123337961,184.13711507775545,3.6105316681912827,12.352892143369022
Africa,2021-05-10,1371693397,84.33872604081951,101.85642255824689,97.05184479948046,84.33872604081951,43.22065583570099,26.639098355045206,20.59989755619625,1348.6115890240158,24.520210709527557,9.094137893557273
Europe,2021-05-10,748057173,212.9886957901345,213.14474167783115,213.13048816869107,213.05472178996325,212.94251257199858,212.87466627138434,212.822269377668,10421.929074896307,212.69243009992462,138.62260953147762
Oceania,2021-05-10,42936804,-14.17045925538156,0.9730519736963338,-2.1022958107984646,-7.56775480995219,-15.722844259597485,-21.563310024787448,-24.41819095670098,-213.87997317801847,-10.184760627524689,2.4711806682211375
Americas,2021-05-17,1026782740,229.13623819811633,235.7162444371912,233.2551750552853,230.65099283601302,226.60657916536226,223.6368171922838,223.26869643696745,9960.951314609805,211.93513435340012,166.2507862179296
Asia,2021-05-17,4678940019,115.13529106396032,141.12419787459692,137.3351589841897,119.5947278385771,89.77239949057729,65.78887326559892,43.361195737241616,195.03154166190552,3.824147875723637,13.191949469185959
Africa,2021-05-17,1371693397,86.53174875594827,103.83383705560829,99.69739727224648,86.53174875594827,44.753337317734676,28.27282138923963,22.438306094394218,1384.1260172391635,25.16592758616661,9.226967577215799
Europe,2021-05-17,748057173,214.50880773540413,214.67524769219366,214.6475574114418,214.57319767167527,214.44850057617123,214.37387491713906,214.30652726835967,10493.236632051407,214.14768636839602,140.4727309526113
Oceania,2021-05-17,42936804,-13.901776585875309,1.5654427955177679,-1.011847007635552,-6.990370419229282,-15.426584419101397,-20.98353516621034,-24.25556571556416,-209.74786949738947,-9.987993785589977,2.508449394603287
Americas,2021-05-24,1026782740,232.64684170081188,239.39000530863078,236.86052790394197,234.12596179923432,230.05164054781608,226.97325847857425,226.67789939212904,10079.693164264234,214.46155668647307,169.39624150674757
Asia,2021-05-24,4678940019,123.29111027251115,152.35540552471832,149.67977128202998,129.8226516525432,96.29257080741857,68.52274769279282,45.635287148942325,205.27103657615677,4.024922285806996,14.018034412421905
Africa,2021-05-24,1371693397,88.948118494743,105.93649090349092,102.21232197595779,88.948118494743,47.09314150252438,30.044074176156478,24.178682874282288,1422.4752626288375,25.86318659325159,9.380721324562883
Europe,2021-05-24,748057173,215.69562579583123,215.86713538007973,215.83625100095045,215.751410461674,215.6172271589679,215.53095624260035,215.45917239001463,10548.366254635721,215.27278070685148,141.95710974086202
Oceania,2021-05-24,42936804,-13.631748748290475,2.9278260231079947,-0.4377311162011576,-6.578462260915377,-15.130593560032779,-20.389155219792304,-24.187986008730842,-205.5962021808643,-9.790295341945917,2.555027151066018
Americas,2021-05-31,1026782740,236.1943933354083,242.95490729268909,240.58892093781213,237.72156911879455,233.485936068129,230.31097311625413,230.00369115368554,10199.07417217591,217.00157813140228,172.62389432062326
Asia,2021-05-31,4678940019,129.8055458771679,163.7278673676292,159.09733175663106,137.04637914092865,101.58238706118479,71.12612700394482,47.81874145450959,214.90386043422413,4.213801184984788,14.739800813847534
Africa,2021-05-31,1371693397,91.46238021055184,108.18776000155455,104.60882056318347,91.46238021055184,49.40301653723749,32.33393358599329,26.19173446892711,1463.0739174031075,26.601343952783775,9.523465979037589
Europe,2021-05-31,748057173,217.08246052854628,217.2718348347479,217.23491117452863,217.127772142661,216.98097129697712,216.88059871154744,216.81575920703227,10613.271023109855,216.59736781856847,143.2674376614794
Oceania,2021-05-31,42936804,-13.752115684404838,3.928079793727383,0.21185827806990812,-6.324202832830272,-15.30386350466674,-20.5744969586974,-24.220177636750538,-207.1011183859637,-9.861958018379223,2.5689988477018457
Americas,2021-06-07,1026782740,239.78593158090916,246.60179445547556,244.4014140383208,241.43360435108224,237.01956144242644,233.71754254243012,233.36202633990854,10320.760141292283,219.5906413040911,175.96403578034435
Asia,2021-06-07,4678940019,135.46945191609697,171.8793035533573,167.18832386864264,144.8573678381935,106.05807599998248,73.50121911479198,50.04230278404162,222.2528221087927,4.357898472721425,15.34649779830828
Africa,2021-06-07,1371693397,93.75920368043116,110.02942776460952,106.77460773801708,93.75920368043116,51.27286927550057,33.80037711446286,28.27157863765859,1476.306263789846,26.841932068906292,9.665189997265838
Europe,2021-06-07,748057173,219.30459329930372,219.49734944147627,219.46260732300908,219.33327302213186,219.17417527773082,219.06776633652413,218.99523363850605,10718.284274960795,218.7404954073632,144.31963317327885
Oceania,2021-06-07,42936804,-13.858212205347321,4.898724601815457,0.8259511311082469,-6.303769630851234,-15.393511583105546,-20.850869385234212,-24.249709940178395,-208.67450731669962,-9.936881300795221,2.573661514257093
Americas,2021-06-14,1026782740,243.28688817531588,250.15675526543743,248.12859071792778,244.96151578779288,240.48217391368658,237.05944641164132,236.64577427480472,10439.585995457108,222.11885096717248,179.06683316472578
Asia,2021-06-14,4678940019,138.79694791348402,175.8564489102085,171.36420921445549,149.59883045484784,109.53289784031368,75.9436261235812,51.55957485862817,228.5108123284438,4.48060416330282,16.07681286670497
Africa,2021-06-14,1371693397,96.05577753692795,112.11520450173323,109.12813958699671,96.05577753692795,52.91633269298391,35.55732855437666,30.255093090473732,1487.5297793357959,27.04599598792357,9.841397742034912
Europe,2021-06-14,748057173,221.81074201877485,221.99585601601066,221.95998641508143,221.82328165663958,221.66105062763242,221.53027802894434,221.46763926574636,10837.520851423851,221.1738949270174,145.2888120357613
Oceania,2021-06-14,42936804,-13.842442675053936,5.110661529615114,1.7646561240029108,-5.781840360120012,-15.227568941296742,-20.601433948176822,-24.180611938375762,-207.65571449119673,-9.888367356723656,2.5759928475347165
Americas,2021-06-21,1026782740,246.71698031503163,253.61145606488333,251.8279614705407,248.43567509828264,243.86272558181557,240.30728273950115,239.88330053168164,10556.549532575194,224.607436863302,182.09269402015855
Asia,2021-06-21,4678940019,142.09647540504875,179.9303458031306,175.7218699273177,153.66144345339274,112.99402837761629,78.08170442424921,52.66294071198312,234.61986625116222,4.6003895343365135,16.520439327307393
Africa,2021-06-21,1371693397,98.57276281951836,114.99679489913522,112.32136029067574,98.57276281951836,54.82808201206299,37.65661095104412,32.15184917386338,1506.4878950651423,27.39068900118441,10.056608080325985
Europe,2021-06-21,748057173,224.04817020510998,224.22140638374262,224.18173722082895,224.05045171586463,223.87872383174482,223.7352249789675,223.68136863333459,10943.529749098243,223.33734181833148,146.14115504243682
Oceania,2021-06-21,42936804,-14.093062402466424,4.982172395651984,2.215702598942637,-5.720734776364259,-15.528613159349709,-20.962128154625756,-24.336108843754065,-211.14633973975458,-10.054587606654978,2.6016212105586622
Americas,2021-06-28,1026782740,250.06883889037655,257.0421814869804,255.36972880752262,251.89603973494064,247.23601494246788,243.5400296546901,243.12923209034014,10674.529024636191,227.11763882204662,184.85179776200758
Asia,2021-06-28,4678940019,145.41652850490922,183.525029779661,179.38259158101903,157.5972914240543,116.52817297158037,79.94487572080592,53.83442239177016,241.09088420699982,4.7272722393529385,16.89319507816499
Africa,2021-06-28,1371693397,101.33451138671275,118.17573387898307,115.5540722985555,101.33451138671275,57.566306249763684,39.74478938893986,34.31134255795361,1531.7050625758689,27.84918295592489,10.325328335746155
Europe,2021-06-28,748057173,225.99144301676242,226.18665197154158,226.13791788836778,226.00099826981997,225.82165100103398,225.66474334247917,225.60799545055391,11032.981511569804,225.16288799122046,147.07544325626031
Oceania,2021-06-28,42936804,-14.27177064287757,6.4178747841274335,2.917415379195198,-5.420552272985016,-15.533466257490257,-21.242845588310672,-24.38416777542411,-214.59783771652008,-10.218944653167622,2.624918240304984
Americas,2021-07-05,1026782740,252.60725412389303,259.7839996055578,258.09241392406466,254.55257204844983,249.7899462995452,245.966746598411,245.6312842248249,10758.407277466142,228.9022824992796,187.4211824986462
Asia,2021-07-05,4678940019,148.85990282445533,187.41680912978288,184.52384424330742,161.64275673369738,119.38165592807803,82.2159268904774,55.003951733254695,246.9387134024105,4.84193555691001,17.241436302327603
Africa,2021-07-05,1371693397,104.35048346407423,122.66527736247807,118.68663460160387,104.35048346407423,60.69944276483402,41.960731436006945,36.791355318311375,1562.1382483674602,28.402513606681097,10.719368943641564
Europe,2021-07-05,748057173,228.59203949443858,228.81415747733175,228.75350471915314,228.6035838746498,228.40953069677735,228.2578505643465,228.15898443952,11154.346162055212,227.63971759296348,148.00933003017937
Oceania,2021-07-05,42936804,-14.031085190233345,6.959825923535972,4.258008619734972,-4.81676231500012,-14.998162909331931,-20.728970111200127,-24.0138747082147,-214.13660851405726,-10.196981357812248,2.662186966687134
Americas,2021-07-12,1026782740,255.13218563721315,262.33273850923734,260.72252783195376,256.9875754135998,252.37064199964388,248.41699275700375,248.05862836031437,10824.876943270761,230.31653070788855,189.65047523101137
Asia,2021-07-12,4678940019,152.39665701810307,191.36271761673382,188.74914658900073,165.9951766181805,122.4510753683871,84.176495507167445,56.480422124492335,253.51844939425243,4.970949988122596,17.706370772777372
Africa,2021-07-12,1371693397,107.72496769873739,127.70966849748473,122.96993486660739,107.72496769873739,63.798410765205816,44.197617314822395,39.47103125696558,1603.6340375317786,29.156982500577797,11.11005318924051
Europe,2021-07-12,748057173,231.59580551499667,231.86213178442551,231.79469060278777,231.61625488091087,231.41018948856726,231.2019029511042,231.11645270732444,11294.923894800575,230.5086509142975,148.9025796695355
Oceania,2021-07-12,42936804,-13.630829673887702,8.120110193527616,5.719724121740065,-3.5315291799124306,-14.47661244172159,-20.438695631286265,-23.701768463444225,-213.86123385260777,-10.183868278695607,2.7390394496991437
Americas,2021-07-19,1026782740,257.810604994609,265.04566848089087,263.47570298006696,259.70251146706215,254.93869687418407,250.91301100297378,250.5154138815028,10902.060177036867,231.95872717099715,191.730273046857
Asia,2021-07-19,4678940019,155.89106125490736,198.0496154399776,193.45789128708105,169.7054500118031,125.76722913235076,86.38434832901864,58.06331056904643,259.9054314725289,5.0961849308339,18.156814952750093
Africa,2021-07-19,1371693397,110.9143468521428,132.1222465461836,126.4399170711029,110.9143468521428,66.6265070496122,46.25272448811497,42.087590261624875,1642.5075205686005,29.863773101247286,11.563435119459132
Europe,2021-07-19,748057173,234.4904904606255,234.7962229833323,234.72554106220142,234.51918551174558,234.29074137188516,234.05406445717858,233.9613342017081,11430.566255064035,233.27686234824563,149.80572119986877
Oceania,2021-07-19,42936804,-13.137886770436237,9.120058448957783,6.710826336481007,-2.686122929811827,-13.361553557546081,-19.980745541703993,-23.364549866648268,-215.01400461157667,-10.238762124360791,2.892760718753077
Americas,2021-07-26,1026782740,260.77318749013244,268.0524818652321,266.6055712454703,262.6211820925242,257.9265523716667,253.74638604200382,253.32061514879308,10998.864608045405,234.01839591585966,193.64206940214052
Asia,2021-07-26,4678940019,159.83477107284403,203.2420506357125,197.65727297530378,173.79940914618837,129.18050355861104,88.78667488026126,59.703740116519526,268.6291133066481,5.26723751581663,18.757891668540324
Africa,2021-07-26,1371693397,114.24293047711924,136.0938805456213,129.58720460919213,114.24293047711924,69.19017573737507,49.009521298978164,44.548820311188564,1677.6480265340163,30.502691391527573,12.046269549841684
Europe,2021-07-26,748057173,237.2146062169959,237.57380174065796,237.49344808613387,237.26167598540383,236.97952081183024,236.6992358408881,236.6423773981557,11556.548915189134,235.84793704467626,150.75043749363257
Oceania,2021-07-26,42936804,-12.72871069977148,9.995013370487591,7.441957742134489,-1.7572220091977564,-13.023576187723277,-19.92574837602059,-23.095679210038313,-216.7732480833259,-10.322535623015519,3.1116778044309026
Americas,2021-08-02,1026782740,263.82305114238807,271.1311518847297,269.6634901959515,265.5446923427607,260.7600175428658,256.7497010265484,256.26009418013746,11098.691920326975,236.1423812835527,195.61824052476769
Asia,2021-08-02,4678940019,163.7341572891672,208.59347793223017,204.10805313564387,177.75159625061457,132.59762537224094,91.31469955227182,61.593606758024144,278.5226106190067,5.461227659196211,19.40079373349197
Africa,2021-08-02,1371693397,117.43024623275149,138.5119708386575,132.77484032552218,117.43024623275149,72.32169931632967,52.277771189664676,46.60136643327265,1704.320167757424,30.98763941377135,12.528884033113123
Europe,2021-08-02,748057173,239.63787780008116,240.17699634948363,240.03198734186003,239.7605350653137,238.954637450401,238.42296733356756,238.33550410780074,11581.388871671916,236.35487493207995,151.76680379214812
Oceania,2021-08-02,42936804,-12.290326206353367,11.226656544282866,9.412208323666587,-0.5498393134123919,-12.346221762670794,-19.898380505191973,-22.829782286665157,-217.45649158078737,-10.35507102765654,3.2560900434042552
Americas,2021-08-09,1026782740,267.4778358129511,274.98693771060505,273.1187713179194,269.24974552154947,264.07082487366984,259.9350339411778,259.30777132120545,11191.29829547609,238.11272969098061,197.57055207219398
Asia,2021-08-09,4678940019,167.39053538294965,214.0589882132974,208.7340514248551,181.430671140153,136.36266219536242,93.50020708094071,63.308052728983455,288.17021190356155,5.65039631183454,20.09898618450317
Africa,2021-08-09,1371693397,120.3690517953274,140.8172480140142,135.83413299608867,120.3690517953274,74.75307674315701,55.3559893050912,48.275391299374704,1724.0556276343955,31.34646595698901,12.993564916898116
Europe,2021-08-09,748057173,242.1217902025594,243.03688438786654,242.8574501934416,242.48202893083197,241.0846323263774,240.20677477728344,240.0265448936838,11611.930310648744,236.9781696050764,152.84305856124718
Oceania,2021-08-09,42936804,-12.284175214981941,14.263123090781876,9.731471469652192,0.19626167864545957,-12.284175214981941,-19.856699111156967,-22.35344077869746,-223.25562586508988,-10.631220279289996,3.4447324025328014
Americas,2021-08-16,1026782740,271.47108355161964,278.78875357143727,276.87085590253423,273.20331783454014,267.9636150933996,263.64452683238954,262.6589600670699,11293.858770879491,240.29486746552107,199.5318237429663
Asia,2021-08-16,4678940019,170.9956931263137,219.81686296185705,213.46948450039184,185.52480764701622,140.22444006125903,95.5705539568133,64.94782180819467,300.0011076861261,5.8823746605122755,20.822676376352156
Africa,2021-08-16,1371693397,123.22271085798313,143.23118086200736,138.77554428897415,123.22271085798313,76.7730048342425,57.19820893803231,50.06489066199526,1745.3548480461127,31.733724509929324,13.445342917255436
Europe,2021-08-16,748057173,245.120515987297,246.14186191118986,245.9505623725918,245.34300125523635,243.40409972090606,242.13505251458253,241.95240031507396,11642.641329570739,237.60492509328037,153.9897627584142
Oceania,2021-08-16,42936804,-12.039016949711463,16.083275453165967,11.053000693503247,1.1059652191827911,-12.039016949711463,-19.97385952649403,-22.256605265303662,-223.25562586508988,-10.631220279289996,3.6799688211539916
Americas,2021-08-23,1026782740,275.3801028655218,281.9726417934586,280.4226052026897,276.43416395294406,270.9565039031919,266.59906930821955,265.2093207816019,11324.780141892188,240.95276897642952,201.76910375412038
Asia,2021-08-23,4678940019,174.53574449632072,224.35426818498215,218.19936571544184,189.8087203371608,144.96318728737523,97.62495796223725,66.65995032772429,316.1018013115511,6.19807453552061,21.50304440566499
Africa,2021-08-23,1371693397,126.41653891044042,148.0558752765998,142.0477869855588,126.41653891044042,80.18267351367983,58.906552242138275,52.37473738644519,1762.917081744027,32.0530378498914,13.848349814575947
Europe,2021-08-23,748057173,247.7723233312869,249.30613546053698,248.90368885344148,248.2749366109813,245.79376454726503,244.03958530211804,243.82668782260788,11669.512098097948,238.153308124448,155.28431755309163
Oceania,2021-08-23,42936804,-11.828464207547805,17.456932845382493,12.16769755315395,1.7527708353620055,-11.828464207547805,-19.726338379101595,-22.010330357350472,-223.25562586508988,-10.631220279289996,3.8360214234855485
Americas,2021-08-30,1026782740,279.19355609597636,286.0982436295942,284.43916969664025,279.9328723703223,274.2365595891605,269.31137231330445,268.0532746414304,11354.765991352206,241.5907657734512,204.0783551737537
Asia,2021-08-30,4678940019,177.82152591813642,228.7993264577332,223.9058221585735,193.81157358767763,148.77629236082802,99.46590352756034,68.214954619297,329.48307772958924,6.46045250450175,22.1265830465009
Africa,2021-08-30,1371693397,129.14334325780294,151.71771512233133,144.95865135252973,129.14334325780294,82.40316664665556,60.35990310659319,53.895355156644584,1780.5434697202897,32.373517631278,14.252302331378795
Europe,2021-08-30,748057173,249.7321962648147,252.2363202572566,251.66797194316797,250.58068388064206,247.64004213565966,245.28114326499735,244.994965528118,11670.943430376117,238.1825189872677,156.68073515017278
Oceania,2021-08-30,42936804,-11.633039340630114,18.31145433067636,13.30216208907711,2.533188844436681,-11.633039340630114,-19.60136588349696,-21.438352195511335,-223.25562586508988,-10.631220279289996,3.9920740258171055
Americas,2021-09-06,1026782740,283.6267776753773,290.9124112027465,288.5882702354731,283.6267776753773,277.5643393292217,272.85139487712627,270.9026894863306,11354.765991352206,241.5907657734512,206.3614100096774
Asia,2021-09-06,4678940019,181.05165171260998,233.56649494586526,230.38083455097723,197.80190935635116,151.92683160488906,101.11147677248343,69.82429996285391,329.48307772958924,6.46045250450175,22.700538192131074
Africa,2021-09-06,1371693397,131.66746206294678,154.75539560352064,147.60070080046611,131.66746206294678,84.28566171660583,62.00774430732975,55.876863639994376,1780.5434697202897,32.373517631278,14.566148487481565
Europe,2021-09-06,748057173,251.7070779033419,255.75261634126065,254.7399632303337,253.11664606541373,249.54959496174095,246.93208625051355,246.50864289429225,11670.943430376117,238.1825189872677,158.12153478274314
Oceania,2021-09-06,42936804,-11.21561001922807,18.976945801984062,14.473823446655338,3.350611518099362,-11.21561001922807,-19.380401864651002,-21.745612058958546,-223.25562586508988,-10.631220279289996,4.173738688142694
Americas,2021-09-13,1026782740,288.06114422915505,295.81092820471906,292.51937490625727,288.06114422915505,280.78263264640657,275.8912070809511,273.6271441887418,11354.765991352206,241.5907657734512,208.8026274185326
Asia,2021-09-13,4678940019,184.12755864277617,237.59571717471692,234.9311567779211,201.83919278948218,154.54556258347674,102.47791853886206,71.3146189189012,329.48307772958924,6.46045250450175,23.197873398513426
Africa,2021-09-13,1371693397,134.09043656593263,157.5571589399931,150.0444034044747,134.09043656593263,85.82797478181597,63.2045685381948,57.886274979811475,1780.5434697202897,32.373517631278,14.82218223435831
Europe,2021-09-13,748057173,253.70896834449414,258.9222955724514,258.08001158587604,255.64683489846246,251.2914272722499,248.33385183428584,247.73397446464693,11670.943430376117,238.1825189872677,159.6119304907728
Oceania,2021-09-13,42936804,-10.821444075948353,19.519027530761342,15.506965013207015,3.924104973604778,-10.821444075948353,-19.24933705385185,-21.82187309989482,-223.25562586508988,-10.631220279289996,4.341415350802542
Americas,2021-09-20,1026782740,292.4823584368586,302.5143386648465,296.74665598120004,292.4823584368586,283.74023138325987,278.0596519912372,276.4918491643587,11354.765991352206,241.5907657734512,211.25767326396624
Asia,2021-09-20,4678940019,187.0547711238961,241.9245145722645,238.9959949491942,205.1885743236346,157.38913050356263,103.80300259278394,72.6858253823518,329.48307772958924,6.46045250450175,23.62057603884834
Africa,2021-09-20,1371693397,136.44484335910764,160.2417653435214,152.5090996800999,136.44484335910764,87.60988284921443,65.2802058782776,59.03996170589898,1780.5434697202897,32.373517631278,15.042494733245405
Europe,2021-09-20,748057173,255.8789024208355,262.3594093650836,261.59757215225306,258.57836518905503,253.07936960630835,249.6354125459983,248.72253749319333,11670.943430376117,238.1825189872677,161.2023184222578
Oceania,2021-09-20,42936804,-10.229185311697899,20.488146792834506,17.0306971906392,4.654849093137477,-10.229185311697899,-18.77461405354116,-21.510005704663744,-223.25562586508988,-10.631220279289996,4.6208981926088395
Americas,2021-09-27,1026782740,296.8978800705263,308.2960871384696,302.2185996091813,296.8978800705263,286.6162012265761,280.19597814074996,279.3703795139738,11354.765991352206,241.5907657734512,213.67434662955088
Asia,2021-09-27,4678940019,189.9928909427791,246.2585179214658,242.15692537525138,208.92264081879588,159.59532483368912,105.11689560894524,74.05419698625569,329.48307772958924,6.46045250450175,23.944923154613324
Africa,2021-09-27,1371693397,138.81050186501628,162.93016306668835,154.94313292534738,138.81050186501628,89.32883239269633,66.71071121112875,60.099257626635705,1780.5434697202897,32.373517631278,15.251872645706117
Europe,2021-09-27,748057173,258.06566423587435,267.24045350031395,265.12846281980063,261.4580225984188,254.68872500032685,250.93853562417848,249.73759257779588,11670.943430376117,238.1825189872677,162.9243814496516
Oceania,2021-09-27,42936804,-9.636360013171268,21.874446211095268,18.493995372752202,5.580539206958835,-9.636360013171268,-18.181748137595623,-21.230262568287877,-223.25562586508988,-10.631220279289996,4.898049701137513
