continent,date,population,estimated_daily_excess_deaths_per_100k,estimated_daily_excess_deaths_ci_95_top_per_100k,estimated_daily_excess_deaths_ci_90_top_per_100k,estimated_daily_excess_deaths_ci_50_top_per_100k,estimated_daily_excess_deaths_ci_50_bot_per_100k,estimated_daily_excess_deaths_ci_90_bot_per_100k,estimated_daily_excess_deaths_ci_95_bot_per_100k,estimated_daily_excess_deaths_raw_estimate_per_100k,daily_excess_deaths_per_100k,daily_covid_deaths_per_100k
Americas,2020-01-01,1026782740,-5.149998107580721e-4,0.0014457576069638563,8.748480319846037e-4,8.99034430233772e-5,-8.586357006807948e-4,-0.001466557206226282,-0.00167766122648401,0,0,0
Asia,2020-01-01,4678940019,-0.017498386305680184,-0.011863353792686647,-0.012668042924236685,-0.01730054910429205,-0.023780933646695417,-0.027672722637569407,-0.029242912908116713,-1.0997338856459735,-0.021563409522470073,0
Africa,2020-01-01,1371693397,0.015108860422107219,0.04426225379043822,0.03652785041046153,0.01549488669042746,-8.482477948067349e-4,-0.011594069829884599,-0.015096739923656276,0,0,0
Europe,2020-01-01,748057173,-1.5094068802772072e-5,2.8780206251513273e-5,2.491007893230495e-5,1.9388026774337387e-6,-1.5094068802772072e-5,-2.6982748530052544e-5,-3.757848827363089e-5,0,0,0
Oceania,2020-01-01,42936804,-0.011433696108078088,0.017733962410045167,0.009672371846309943,4.5906454667571356e-4,-0.011433696108078088,-0.018415915636943864,-0.022778329800066503,0,0,0
Americas,2020-01-06,1026782740,-4.442333095626206e-4,0.0016877928724945755,0.0014026073645020387,4.568791172410942e-4,-8.335237245000101e-4,-0.0015661848282870667,-0.0018503494014526064,0,0,0
Asia,2020-01-06,4678940019,-0.0174536520431924,-0.01166287134023486,-0.012694877527880975,-0.017205471630389317,-0.023847144560831833,-0.02764214907786614,-0.029004119660821066,-1.0997338856459735,-0.021563409522470073,0
Africa,2020-01-06,1371693397,0.015048938556893734,0.04391477923009743,0.03653846377543552,0.015279344944861778,-7.579720778156251e-4,-0.011613788797793744,-0.015646190115672233,0,0,0
Europe,2020-01-06,748057173,-1.5094068802772072e-5,2.8667915083220484e-5,2.491007893230495e-5,1.9980840873214943e-6,-1.5094068802772072e-5,-2.6887884847740044e-5,-3.7533359561751e-5,0,0,0
Oceania,2020-01-06,42936804,-0.011433696108078088,0.01636806865766604,0.009577551934365783,4.5657749079777726e-4,-0.011433696108078088,-0.018412164102079787,-0.022778329800066503,0,0,0
Americas,2020-01-13,1026782740,-2.048148511714902e-5,0.005058501067262029,0.003978042282318938,0.00155765583107065,-0.0012694526040986603,-0.004363834314397249,-0.0057555851095059535,0,0,0
Asia,2020-01-13,4678940019,-0.02202783081627011,-0.01653668063022931,-0.017999477003708332,-0.02202783081627011,-0.029126006676711707,-0.03290328882977168,-0.03442127938267797,-1.3700025863163494,-0.0268627958101245,0
Africa,2020-01-13,1371693397,0.015048928161058487,0.04441764527339225,0.03650569431722899,0.015477154862310948,-0.0010248097160449326,-0.012000614021917181,-0.015062209259114239,0,0,0
Europe,2020-01-13,748057173,-1.5094068802772072e-5,2.860457480626811e-5,2.5063772801455547e-5,2.0020230891135412e-6,-1.5094068802772072e-5,-2.7298973998887303e-5,-3.777791331851446e-5,0,0,0
Oceania,2020-01-13,42936804,-0.011436866412430526,0.015997239926320173,0.008847729291084367,3.4053957413669424e-4,-0.011436866412430526,-0.018480118495327803,-0.024539785822480984,0,0,0
Americas,2020-01-20,1026782740,-5.943199003152111e-4,0.0017102841231015102,0.001562748046072202,4.574802832873541e-4,-9.251797167066175e-4,-0.0016085746635316161,-0.0018467596694408054,0,0,0
Asia,2020-01-20,4678940019,-0.029079614929492528,-0.022260894770313074,-0.023902078986482042,-0.028368188947231057,-0.03706901944779271,-0.041584127325880814,-0.04539475854104634,-1.6925482191696344,-0.03318721998371832,0
Africa,2020-01-20,1371693397,0.014642366949225943,0.050588899283008505,0.0389530605388577,0.016820757018050542,-7.708882382026187e-4,-0.012025592524900321,-0.01694925802710392,0,0,0
Europe,2020-01-20,748057173,-3.197434738119444e-5,3.7626146809190295e-5,2.7938586687782075e-5,-2.369782142959328e-6,-3.197434738119444e-5,-4.698831012481474e-5,-5.903562834223367e-5,0,0,0
Oceania,2020-01-20,42936804,-0.011400834638210417,0.01644276011673033,0.009633470054259215,9.073318556633517e-4,-0.011400834638210417,-0.01844065719020537,-0.022406854524984317,0,0,0
Americas,2020-01-27,1026782740,-0.05885672231051818,-0.05518130800930907,-0.055812430442725026,-0.057776646642314786,-0.05974450309637875,-0.06235920573461159,-0.06381568485524512,-2.7359126473059727,-0.05821090738948878,0
Asia,2020-01-27,4678940019,-0.010151821756475554,0.015744072990349148,0.00527349630181319,-0.004735660807697867,-0.023245168373868336,-0.034628722736044955,-0.03776299008291366,-0.8939851294153385,-0.017529120184614482,0
Africa,2020-01-27,1371693397,0.015453580690327939,0.04433386952748414,0.037414490572706224,0.018762276829083224,-0.0015183968038467437,-0.015677435095363092,-0.02137302891213631,0.03397372824535422,6.177041499155312e-4,0
Europe,2020-01-27,748057173,-0.10337306628004427,-0.10328091799984448,-0.10329716549810461,-0.10333742963099263,-0.10338561476371765,-0.10342122515911666,-0.10342945299864961,-5.0623556301885175,-0.10331338020792893,0
Oceania,2020-01-27,42936804,-0.01612415910024182,0.0177719673130438,0.00906979031917391,-0.0035625408027346534,-0.017414654176027673,-0.027276752867690678,-0.03196913654169185,-0.10374863558625527,-0.004940411218393109,0
Americas,2020-02-03,1026782740,-0.0279545739551745,-0.023260107857895663,-0.024277901589284917,-0.02659452657204486,-0.029066983140597653,-0.03187905594412274,-0.03329567164321311,-1.2664536809242644,-0.026945822998388606,0
Asia,2020-02-03,4678940019,0.01856969892287853,0.04325079248652899,0.039117849058788685,0.024407972022648404,0.004176858288862604,-0.011219005565220362,-0.01909433820601207,0.6894477198332183,0.01351858274182781,0.0010472457394414827
Africa,2020-02-03,1371693397,0.02642275221894272,0.061779560041649514,0.04971538206438406,0.02927336321853034,0.006240123146864134,-0.013187125778486452,-0.01576630848626227,0.5354757847075498,0.009735923358319087,0
Europe,2020-02-03,748057173,-0.14970329138004104,-0.14959269511785586,-0.1496030506721906,-0.14966179184172163,-0.14971424999538552,-0.14975031245057274,-0.14975950391069734,-7.332512717885698,-0.14964311669154487,0
Oceania,2020-02-03,42936804,-0.01809020445249273,0.017263946491586517,0.011829464137128431,-0.0038225586856155866,-0.01809020445249273,-0.02959888546953066,-0.03390032373758271,-0.14450621036988315,-0.006881248112851578,0
Americas,2020-02-10,1026782740,-0.036557301862124414,-0.03322430134721554,-0.033733589626757945,-0.035130327859050625,-0.037703367451355864,-0.03896524432245693,-0.04024000266448421,-1.6735048310420546,-0.03560648576685222,0
Asia,2020-02-10,4678940019,-0.015649210927722854,0.00881918752406457,0.0037909331430160433,-0.008209306523582089,-0.027309719134510888,-0.04417647499494196,-0.05184917795242552,-0.9431622932332241,-0.01849337829869067,0.0017922221627009063
Africa,2020-02-10,1371693397,0.019447072009880707,0.05571075662853856,0.04352206081271039,0.022035987375436664,-8.335197177568015e-4,-0.01774416258781196,-0.024364728292723344,0.2056349637340009,0.0037388175224363795,0
Europe,2020-02-10,748057173,-0.13376609510208842,-0.13364300444533955,-0.1336633290903016,-0.13372895040453886,-0.13377597095333607,-0.1338124228010882,-0.13383077153301,-6.55193512603545,-0.1337129617558255,0
Oceania,2020-02-10,42936804,0.014951637773292609,0.046523829687564286,0.04000749799360496,0.02957757279840572,0.014938280536125932,0.00402725657350459,-9.430031487763766e-4,0.5507015652251516,0.026223884058340547,0
Americas,2020-02-17,1026782740,-0.02877497602697357,-0.025032590655190937,-0.025661612655805337,-0.027932440793665633,-0.031009458051804394,-0.03407401885205504,-0.03423013990784009,-1.3239654996924175,-0.02816947871685994,0
Asia,2020-02-17,4678940019,-0.03569966924492998,-0.005367846416752743,-0.010941808403335286,-0.024363120074006577,-0.04883454563943984,-0.06613382382858195,-0.07070134462361963,-1.8457614023229822,-0.036191400045548675,0.0026074281675889975
Africa,2020-02-17,1371693397,0.019844048662689327,0.0524950353327979,0.04730107145366687,0.022599775926349246,-0.003171405260856709,-0.01913248858314727,-0.025121887485355633,0.25365520481929604,0.004611912814896292,0
Europe,2020-02-17,748057173,-0.18577175382871455,-0.18565110015181469,-0.18566263660241766,-0.18571893738777043,-0.1857765712190942,-0.1858256522886116,-0.18583457025159864,-9.099378559658323,-0.18570160325833313,1.9116185922863945e-5
Oceania,2020-02-17,42936804,0.0039177790641601075,0.036243610124523366,0.0320097455085448,0.019242089878860617,0.002999850710616732,-0.00585315634351805,-0.00873269374697109,0.30848512079673046,0.014689767656987165,0
Americas,2020-02-24,1026782740,-0.019940259104647785,-0.01631133641509193,-0.016958859162773593,-0.018928540560590196,-0.021973426244335802,-0.025197563648272813,-0.025988742736572736,-0.8876386972058928,-0.018885929727784953,0
Asia,2020-02-24,4678940019,-0.034382112466962586,-0.006633289912278697,-0.010052823777992818,-0.027578622584151714,-0.049173143366703316,-0.06684535942471005,-0.07168572822458097,-1.637187725133293,-0.032101720100652806,0.0022960114804583477
Africa,2020-02-24,1371693397,0.0042902297140884485,0.054047518621372546,0.043441138844368905,0.015310493481609198,-0.01619993439950292,-0.03891366865005147,-0.04503531058484639,-0.18481626218401914,-0.0033602956760730752,0
Europe,2020-02-24,748057173,-0.17614026402061436,-0.17602191430714814,-0.1760287848760637,-0.17609246150040428,-0.1761564463330616,-0.17620372439690685,-0.17621744053421107,-8.627379874150261,-0.1760689770234747,1.3367962183820942e-4
Oceania,2020-02-24,42936804,0.018534643436843797,0.05014503007017918,0.04546534899642253,0.03469564245287622,0.01783532567147476,0.005881359122550922,0.0026657262401852894,0.62730421673374,0.029871629368273332,0
Americas,2020-03-02,1026782740,0.01112391916790194,0.015675344489521393,0.0150882657762809,0.011810320172587251,0.007108852063281618,0.0020143970987840953,6.2169286709714e-4,0.5242797565671209,0.011154888437598317,8.346458959760075e-5
Asia,2020-03-02,4678940019,-0.07029954715486003,-0.0636491797772647,-0.06964092265696585,-0.07029954715486003,-0.10892756933245963,-0.1276949624039047,-0.13944189899635262,-2.8477186258950105,-0.05583762011558844,0.0012151470155445905
Africa,2020-03-02,1371693397,0.03413786703753551,0.14926565441574394,0.13603800576241074,0.07671245702804333,0.009315603633046064,-0.05174822287132659,-0.0750481262914992,0.6285968313547461,0.011429033297359021,0
Europe,2020-03-02,748057173,-0.13079327681970587,-0.1306793569225755,-0.13069072548127972,-0.1307530532152083,-0.13081835309414802,-0.1308637969760544,-0.13087891728963114,-6.4069342853317925,-0.13075376092513863,8.976586606435763e-4
Oceania,2020-03-02,42936804,-0.013791531178125089,0.013567960466991253,0.00998177175328151,-0.0024662327715883935,-0.01652959264223868,-0.027986837112028953,-0.029789891348079908,-0.057423039631213584,-0.0027344304586292187,3.330476110890787e-4
Americas,2020-03-09,1026782740,0.0031784524456323466,0.012234286634238185,0.010885041760631129,0.00545441770408801,-0.001385734772852498,-0.006187023014246097,-0.009956173733938752,0.16270839036433893,0.0034618806460497645,2.504911603792639e-4
Asia,2020-03-09,4678940019,-0.036836040868025534,-0.02884992818320248,-0.03116670331400366,-0.036836040868025534,-0.07531584069495378,-0.09610096069591978,-0.10932959282118494,-1.0852385010237167,-0.02127918629458268,0.001267060482914047
Africa,2020-03-09,1371693397,0.0298165575335527,0.08133680073154018,0.06469027143059639,0.0298165575335527,-0.014272796944722199,-0.04680545475539561,-0.05595150493401899,0.5311052405072242,0.009656458918313167,1.0425070231638651e-5
Europe,2020-03-09,748057173,0.04739065898589925,0.04750605630199203,0.04748154148007747,0.04741813327039781,0.04736668142456282,0.04733575875033988,0.04732673169148577,2.319751636039614,0.04734187012325743,0.008994900714627595
Oceania,2020-03-09,42936804,-0.0144231490448322,0.010411985765459453,0.006575367808733994,-0.00322003172031514,-0.017343315760338852,-0.029256056665089736,-0.03312806831045468,-0.05742303963121567,-0.002734430458629318,6.660952221781574e-4
Americas,2020-03-16,1026782740,0.010143064455521444,0.0160309857891201,0.014956499602831663,0.010647681324058715,0.004319850706201153,-2.571210373906163e-4,-9.963822698168786e-4,0.5561799069431799,0.011833615041344251,0.0011827234259898058
Asia,2020-03-16,4678940019,-0.03710124945079013,-0.030795877990340927,-0.03710124945079013,-0.03710124945079013,-0.0819994203130027,-0.10830013921328951,-0.11932305320993764,-1.6749603969199645,-0.03284236072392087,0.002378444680805813
Africa,2020-03-16,1371693397,0.0400719506559495,0.08917143058051645,0.07300453224756252,0.0400719506559495,-0.026046398405051026,-0.05792593527811032,-0.06148853584997868,0.4454134544273818,0.008098426444134216,6.247751880079947e-5
Europe,2020-03-16,748057173,0.2947447310217799,0.2948518680325534,0.29483444553721744,0.2947759704867342,0.29471191853625095,0.2946725781494437,0.29465678138576423,14.436499295379363,0.2946224345995788,0.04401896163623846
Oceania,2020-03-16,42936804,0.017632587545114948,0.041455136622176474,0.035404727338186025,0.027325000544736723,0.01355697118755995,0.0025532846745970933,9.394058526375332e-4,0.5979587628895262,0.028474226804263154,0
Americas,2020-03-23,1026782740,0.1029949004031565,0.11891973240297872,0.11588443935158801,0.1082119782645865,0.0990108142339104,0.09272241245245043,0.0903573378801972,5.266394594479823,0.11205094881871965,0.011520158587784598
Asia,2020-03-23,4678940019,0.0032273609027373374,0.012037465367661947,0.008892722968226009,0.0032273609027373374,-0.03904120547478064,-0.0765925701573386,-0.09329238961878587,0.7452541815114345,0.0146128270884595,0.0037249462333832067
Africa,2020-03-23,1371693397,0.002525756133499729,0.040220339477467046,0.022355332302714248,0.002525756133499729,-0.08285509922210996,-0.12571959020201817,-0.16243784749051274,0.21273963420256678,0.003867993349137578,5.000388581734932e-4
Europe,2020-03-23,748057173,0.5699894233147546,0.5700512314968147,0.5700445166130829,0.5699894233147546,0.5699018039404758,0.5698591024499798,0.5698387428031608,27.916495696670417,0.5697244019728657,0.14534824866922305
Oceania,2020-03-23,42936804,0.04321821270453961,0.07007598825142095,0.06265376293072483,0.05044835952242509,0.03136791631738988,0.019570806507290747,0.010564005045864003,1.0213717397845947,0.048636749513552124,0.0013298614400829645
Americas,2020-03-30,1026782740,0.29756429653916855,0.30802891267507904,0.3072091923202797,0.299372243287253,0.2871449457533583,0.2797625003229496,0.2787270812762499,14.178862845970478,0.30167793289298883,0.05515149193099993
Asia,2020-03-30,4678940019,-0.042143117713471664,-8.775653201171229e-4,-0.006345340734850484,-0.042143117713471664,-0.08653842224968064,-0.12196166304203147,-0.13387324633744363,-0.29321160294400594,-0.0057492471165491365,0.004476099269269132
Africa,2020-03-30,1371693397,-0.01889492884403404,0.02677273080218355,-0.011333035339630522,-0.01889492884403404,-0.11750616544885031,-0.17318655943938385,-0.2010811113918577,-0.07045568022172712,-0.0012810123676677658,0.0012082875106236295
Europe,2020-03-30,748057173,0.7954447737544474,0.7955417189561486,0.7955028997122965,0.7954447737544474,0.7953367259546391,0.795275356650686,0.7952431738119781,38.95802072727126,0.7950616474953319,0.3341225898518321
Oceania,2020-03-30,42936804,0.07413452435327877,0.10423664899630865,0.0967950636871361,0.0812234029291708,0.06225781903991993,0.05171028244751412,0.04056452950146602,1.689330165381432,0.08044429358959201,0.0036611947177065157
Americas,2020-04-06,1026782740,0.41231276786351934,0.424450811951362,0.42159320095017455,0.41406583246638967,0.39964465269159644,0.3910069696039692,0.38794125966870907,19.652459378639605,0.41813743358807676,0.16356225465963714
Asia,2020-04-06,4678940019,-0.03987756549572768,-0.0064391347642799085,-0.020056802978770466,-0.03987756549572768,-0.09013619477277361,-0.12669386980566053,-0.13407483706715848,-0.5288736915341898,-0.01037007238302333,0.006289629676913369
Africa,2020-04-06,1371693397,-0.014511201672286644,0.03148297281690244,-0.008215670935712882,-0.014511201672286644,-0.11416418494439254,-0.1638836372179066,-0.18133987767753204,-0.3448280567957189,-0.006269601032649434,0.0032704101439951744
Europe,2020-04-06,748057173,0.7970849686405923,0.7971679395548689,0.7971504911554527,0.7970849686405923,0.7969825820229858,0.796910926478091,0.7968852962824607,39.04015124456086,0.796737780501242,0.4934498502562985
Oceania,2020-04-06,42936804,0.044036335529766185,0.0763740240976631,0.06736965190780952,0.05414194342353125,0.03565912917509529,0.024326310415009232,0.01471876195944418,1.1177925167012923,0.05322821508101391,0.00765310804222876
Americas,2020-04-13,1026782740,0.38640689200677597,0.4001896365703094,0.39783821740935893,0.389600526235679,0.37613948887780185,0.3694804726729862,0.36529361088008333,18.542395177614218,0.3945190463322174,0.2491697513341527
Asia,2020-04-13,4678940019,-0.03866724701837523,-5.285937694968592e-4,-0.02111729823907337,-0.03866724701837523,-0.09141744491599511,-0.12492109511505244,-0.13238134538766264,-0.5486492328005532,-0.010757828094128494,0.0073674165216948894
Africa,2020-04-13,1371693397,0.015787266658170297,0.038207538071713974,0.015787266658170297,0.015787266658170297,-0.12591173272423015,-0.1781426195515699,-0.18544184436070726,-0.4709599504774136,-0.00856290819049843,0.003603793683640514
Europe,2020-04-13,748057173,0.6750605988719323,0.67516957371752,0.6751327847579052,0.675073870622595,0.6749764980389155,0.6749126557066294,0.6748966780562409,33.06272042591404,0.6747493964472252,0.5342606346480419
Oceania,2020-04-13,42936804,-0.008285023276329458,0.02613861993826853,0.01778265270506303,0.004040200582798349,-0.015016779391306552,-0.026097138858006085,-0.03432025465007785,0.08371461933380299,0.00398641044446681,0.008316874260133568
Americas,2020-04-20,1026782740,0.38574483655287195,0.3988344865827548,0.39696111237783704,0.3882106763292085,0.3740583120541916,0.3666798777035153,0.36470123103204993,18.41882705155901,0.391889937267213,0.27481149517569803
Asia,2020-04-20,4678940019,-0.02528915091600117,0.006589590405001119,-0.009174540403524455,-0.02528915091600117,-0.08429320740893247,-0.11701010868768712,-0.13240199022324214,-0.5610128389151143,-0.011000251743433614,0.011605235326698039
Africa,2020-04-20,1371693397,0.011471344689933218,0.06682327420543148,0.026555129364545748,0.011471344689933218,-0.1344833724416764,-0.19709749229023787,-0.21819708503115406,-0.7172665548512934,-0.013041210088205335,0.003395292279007741
Europe,2020-04-20,748057173,0.4785818119748109,0.4786986201862819,0.47868662896363584,0.47861359190988373,0.4785388699166326,0.478492712994498,0.47846981287794516,23.441450475201293,0.47839694847349573,0.48281282906701034
Oceania,2020-04-20,42936804,-8.321532521202486e-4,0.03550443718333073,0.025078877460706566,0.012032210490449795,-0.007264488345626979,-0.01812918992887427,-0.026187660761573715,0.24581331675897908,0.01170539603614186,0.004324960935611323
Americas,2020-04-27,1026782740,0.36549303369129316,0.37463691295166396,0.37287811505801566,0.36549303369129316,0.35246277478598753,0.3449230893491224,0.34343270926923486,17.13391689478275,0.3645514232932501,0.28514883294590637
Asia,2020-04-27,4678940019,-0.021833899887279153,0.007095302021471133,-0.004247195850322563,-0.021833899887279153,-0.07823433504922718,-0.11032473204570965,-0.13256241052349096,-0.518222927576558,-0.010161233874050156,0.007556711532189445
Africa,2020-04-27,1371693397,0.008998481280062018,0.05911382428016766,0.02123100406848341,0.008998481280062018,-0.13532387608009466,-0.20077065268154726,-0.2131262830377775,-0.9776641882195862,-0.017775712513083387,0.003155661468858117
Europe,2020-04-27,748057173,0.30118222869499944,0.30130703307980417,0.3012864469434493,0.3012244161411031,0.3011657012393104,0.3011230403806774,0.3011186709598682,14.753074459856338,0.3010831522419661,0.3845772895222275
Oceania,2020-04-27,42936804,-0.06355739714774047,-0.02482371539413491,-0.03386568938649078,-0.052613967187532446,-0.07442010376525048,-0.09415708779992751,-0.10221793643109733,-0.8455580857329349,-0.04026467074918738,0.00765310804222876
Americas,2020-05-04,1026782740,0.4580277655187686,0.46796716687799,0.46571997564098583,0.45909099100388295,0.4478123579723919,0.43956787048953405,0.4387042207449055,21.373087332013093,0.45474653897900197,0.3055036745163831
Asia,2020-05-04,4678940019,0.04044357765656164,0.08974504974759191,0.06884921055297599,0.0456668435704788,0.0076195209372671244,-0.02267265976240935,-0.03145919500014074,-0.07952316398714801,-0.0015592777252381963,0.00768798057977413
Africa,2020-05-04,1371693397,0.05152716194689756,0.1035664818418249,0.06710249569992573,0.05152716194689756,-0.09054912052747549,-0.15191266311085733,-0.16209656194684097,1.0832718015353333,0.01969585093700606,0.003957662850803969
Europe,2020-05-04,748057173,0.22376310134236377,0.22385243813991543,0.22383756249989453,0.22378802748750387,0.22373333815767932,0.22369476027473664,0.223678785821102,10.960241023494738,0.2236783882345865,0.2803456842195135
Oceania,2020-05-04,42936804,-0.02779735989419977,0.002728986000354023,-0.0017214647964536674,-0.015315081712372964,-0.033647802699759415,-0.04679834975997573,-0.052895408268465546,-0.2991736832049733,-0.01424636586690349,0.004658008546700402
Americas,2020-05-11,1026782740,0.4502496449157652,0.4641682808432949,0.46141799827753005,0.4534771945174339,0.4416837284538101,0.4339534544793324,0.43144943131713476,21.118223985055888,0.4493239145756571,0.31545125115757205
Asia,2020-05-11,4678940019,0.046796112430625564,0.1114642536212716,0.08974459523974539,0.061138261163499914,0.021728875047874623,-0.013217998845541055,-0.021584441211303693,-0.09070335188419416,-0.001778497095768513,0.007379598768051658
Africa,2020-05-11,1371693397,0.05662126727424798,0.10737729646688514,0.07455903063265502,0.05662126727424798,-0.08498545139412288,-0.13360554441511613,-0.1613722004108875,1.1624335985689858,0.021135156337617925,0.0052283549776393655
Europe,2020-05-11,748057173,0.22602987608406233,0.22614125033604898,0.22611181818156625,0.22606512472510082,0.2260099838331349,0.22597330962675544,0.22596002701246756,11.072906208780005,0.22597767773020416,0.22036149902675956
Oceania,2020-05-11,42936804,-0.06605856042901218,-0.034668553398230044,-0.04085050345747201,-0.05466077267220706,-0.07601845130726184,-0.08986438584007103,-0.10116311500958948,-1.0859113267426692,-0.05171006317822234,6.660952221781574e-4
Americas,2020-05-18,1026782740,0.4398893169378105,0.45315703245520333,0.44819472698624485,0.4400573205491472,0.4283327147606918,0.4201923410353102,0.41740546663423767,20.355334123022228,0.4330922153834516,0.31369859216760887
Asia,2020-05-18,4678940019,0.08343997793307513,0.15629574123645967,0.13270289942206934,0.08343997793307513,0.03524238506430534,-0.006517561623218599,-0.016214688075783686,-0.04193406428872321,-8.222365546808473e-4,0.007965799913794536
Africa,2020-05-18,1371693397,0.041047154766866066,0.12087791642719749,0.07488508920232383,0.041047154766866066,-0.07195835877723913,-0.11463717914175194,-0.14350806118400472,1.397971449077216,0.025417662710494837,0.0050720518267538175
Europe,2020-05-18,748057173,0.16728236573571623,0.16739894995600468,0.167381307332143,0.16732798866006449,0.16727510083972552,0.16724751230425658,0.16723340012585872,8.195639500183045,0.16725794898332746,0.1758845510061034
Oceania,2020-05-18,42936804,-0.06905556742620178,-0.03579698618188456,-0.04010239008817649,-0.05924860229699352,-0.07947458846946887,-0.10012273460059982,-0.10428095581333284,-1.0062593805940896,-0.04791711336162332,6.660952221781574e-4
Americas,2020-05-25,1026782740,0.43386251773850765,0.4493013662011638,0.4477411359696399,0.4362535004057393,0.4222131137019387,0.4137636366854371,0.4108585870015836,19.876210648190817,0.42289809889767693,0.30992797950616113
Asia,2020-05-25,4678940019,0.1421962921179988,0.2775198932139601,0.25947251816249517,0.1421962921179988,0.05307076409302791,-0.00545325041791097,-0.009142020035421661,-0.09378646776666727,-0.0018389503483660248,0.008152038676518883
Africa,2020-05-25,1371693397,0.15311377603174947,0.15311377603174947,0.15311377603174947,0.15311377603174947,-0.06343475902222089,-0.11635686296484539,-0.1422754648460575,1.2678299129987363,0.023051452963613387,0.006748811374499895
Europe,2020-05-25,748057173,0.12115269873814001,0.1212685070582573,0.12124716521070676,0.12118846036659117,0.12113199463828737,0.1210988132337571,0.12108384198801299,5.93589778389044,0.12114077109980492,0.09328966089601283
Oceania,2020-05-25,42936804,-0.09564376616192911,-0.056820997336586354,-0.06404808403161534,-0.08488879443353503,-0.10626690981892006,-0.12304475072520685,-0.1283827072271135,-1.4981450831256458,-0.07134024205360218,9.991428332672362e-4
Americas,2020-06-01,1026782740,0.43537945040271303,0.4583648262672315,0.45463795336411805,0.44174807333554167,0.42787779230624495,0.4196406211939314,0.41453894377918366,19.537634095301065,0.4156943424532142,0.2977539338068733
Asia,2020-06-01,4678940019,0.1808507526042918,0.32966974485635037,0.27821013355717134,0.2154478708109018,0.11322788884589757,0.051355590427116675,0.032539643875541584,0.32738648357620925,0.006419342815219789,0.010680089891530622
Africa,2020-06-01,1371693397,0.12684646776009428,0.2174988041461182,0.20730367198935007,0.12959210143367228,0.05360649961973821,0.011030062033111182,-0.0016135694071955878,4.443108841446442,0.08078379711720803,0.00899843946686287
Europe,2020-06-01,748057173,0.16842530903032268,0.16854229850513627,0.16852539078153325,0.16846271222900078,0.16840882955724956,0.16837267962635954,0.16835436304951643,8.252592711250639,0.16842025941327834,0.10516816473331243
Oceania,2020-06-01,42936804,-0.1264102084771033,-0.08653213979026234,-0.09395007358448743,-0.11722641244029883,-0.13861145361730917,-0.15406572054853016,-0.16113975995692312,-2.1814749369265947,-0.10387975890126643,3.330476110890787e-4
Americas,2020-06-08,1026782740,0.4464673310854743,0.46973172939894575,0.46413315863983234,0.45163050079739325,0.4372383544233717,0.4279187571871117,0.4250664436009866,19.561501990526047,0.41620217001119253,0.3258583213036869
Asia,2020-06-08,4678940019,0.15885739627854753,0.3195879244318815,0.28384099714503586,0.21553225506508822,0.12400027013882932,0.05911532236680991,0.049172289064778066,0.31692257512660627,0.006214168139737377,0.013418872596152424
Africa,2020-06-08,1371693397,0.22694242085651467,0.25106522340276766,0.2367611303790807,0.22694242085651467,0.06597349211648917,0.024174012505280205,0.011691129216168172,4.6857494870575485,0.08519544521922814,0.010623000760861721
Europe,2020-06-08,748057173,0.15336486638293978,0.15347799380937138,0.15345498506498836,0.15338986256609116,0.1533388067664006,0.1533017168039564,0.15329100005341054,7.514467311308781,0.15335647574099553,0.08146837193685995
Oceania,2020-06-08,42936804,-0.10599182799313962,-0.06430799758182114,-0.07048991464396431,-0.09514543034483011,-0.11591111153992001,-0.13635114660138556,-0.14204737971287104,-1.724524298495285,-0.08212020469025168,0
Americas,2020-06-15,1026782740,0.4547194616189012,0.478436992174033,0.474074662686524,0.45832486231473046,0.4424559013602396,0.43277019655863846,0.42887630289232304,19.556804701557112,0.4161022276927046,0.30806351497494006
Asia,2020-06-15,4678940019,0.21317009617090185,0.31212371070666634,0.2974466292200154,0.24387384951847416,0.158078773676468,0.09572774871536392,0.07638071447287349,0.2932542107763129,0.00575008256424143,0.016820027544789947
Africa,2020-06-15,1371693397,0.24707324145889126,0.2890228921683538,0.26781071002281104,0.24707324145889126,0.09918731975557714,0.054320126428233216,0.0434497078137559,5.569474671308762,0.1012631758419775,0.01455974056861338
Europe,2020-06-15,748057173,0.10932602910324579,0.10945056209344989,0.10941414231713732,0.10936049404634722,0.10930326890515739,0.10926790825197666,0.10925795873060562,5.355862249714056,0.10930331121865419,0.0656562115473492
Oceania,2020-06-15,42936804,-0.14075282927266025,-0.10471454582738539,-0.10919267565690872,-0.1309864985382347,-0.15233950260599993,-0.17074586410766485,-0.17948496021830931,-2.4916983061368327,-0.11865230029223013,0
Americas,2020-06-22,1026782740,0.4577929313689549,0.48698500146555335,0.4793841810425137,0.4634504745963604,0.4501989325620798,0.43897738657485397,0.43246297648157034,19.556118090872555,0.41608761895473517,0.3274585624608376
Asia,2020-06-22,4678940019,0.21273943581606958,0.34080149411526706,0.3151873650217823,0.251622577166734,0.1664701398383947,0.11271423846592482,0.08463332174703027,0.5575801009660394,0.010932943156196851,0.024080539511613687
Africa,2020-06-22,1371693397,0.2597945892731161,0.3041818715035857,0.28618116692759626,0.2597945892731161,0.11477745109979301,0.06520494704154171,0.058040331330114305,5.943631587534386,0.10806602886426156,0.016424078477939922
Europe,2020-06-22,748057173,0.18459567015408684,0.18470973275518937,0.18468438321912775,0.1846301248843937,0.18457981838149387,0.1845513568889254,0.1845328669549268,9.044861031629402,0.18458900064549802,0.08078032292325871
Oceania,2020-06-22,42936804,-0.159379668092419,-0.12218077045888671,-0.1288893368217539,-0.150140570352679,-0.1716420347565986,-0.19059255111748272,-0.19841933319637456,-2.8829710240596746,-0.13728433447903213,0
Americas,2020-06-29,1026782740,0.4906965830759141,0.525766598401391,0.5181303450385552,0.5012272105533078,0.4836511942818144,0.472256154551195,0.4672727026128691,20.849616330496914,0.44360885809567896,0.31489514519887624
Asia,2020-06-29,4678940019,0.21844264512897715,0.3656351397416875,0.3456696118314495,0.2668247375166427,0.18201469295378228,0.1267909335141839,0.11616433170967297,0.5581095249054542,0.010943324017754004,0.02052969253932212
Africa,2020-06-29,1371693397,0.275678787486563,0.3297705039699109,0.3084171108359105,0.275678787486563,0.1304718927713423,0.07562982331076214,0.06270182389943123,6.313206055306544,0.11478556464193716,0.01602792580913765
Europe,2020-06-29,748057173,0.15390943922624128,0.1540182493361052,0.15400676785134212,0.15394967005510174,0.15390540624422508,0.15386705603162995,0.15384486719600063,7.541529413953749,0.15390876355007652,0.05068396022184791
Oceania,2020-06-29,42936804,-0.15016569040822841,-0.10922265834882382,-0.11403009987496984,-0.1389098157056852,-0.16135119323719813,-0.17847977270835044,-0.188802977444616,-2.691526872790294,-0.12816794632334733,6.660952221781574e-4
Americas,2020-07-06,1026782740,0.5972486216913325,0.6353018758020357,0.6323826377396428,0.6127539758399623,0.5895779428313309,0.5770222496520415,0.5741507485625436,25.389137211196598,0.5401944087488638,0.3089539662499586
Asia,2020-07-06,4678940019,0.19544715271980867,0.341589277097768,0.318617739083655,0.2526918144183387,0.18730049261071927,0.1488228716635377,0.1186443959281994,1.1110364129059414,0.021785027704038066,0.02291117209553611
Africa,2020-07-06,1371693397,0.18192786006517717,0.2841725371679221,0.2651921450754477,0.18332354241471685,0.0931761720278088,0.037614698877555384,0.01709327252617267,4.203553341575038,0.07642824257409161,0.01804863977193877
Europe,2020-07-06,748057173,0.19337568921056894,0.19348197605592135,0.19346513543195634,0.19341773391619443,0.19336576422625298,0.19333388861755701,0.19331204673998523,9.475535203141941,0.1933782694518764,0.05005366080488075
Oceania,2020-07-06,42936804,-0.148671058240099,-0.10861384019607655,-0.11219981358820418,-0.13743372158212439,-0.1600086855987501,-0.17742009033525377,-0.18581797781679263,-2.660784016382058,-0.126704000780098,6.660952221781574e-4
Americas,2020-07-13,1026782740,0.6277868605033464,0.6751528398991663,0.6690696038616767,0.6478129865201914,0.6213006203929865,0.609147763354291,0.6028526794987293,26.669502659156056,0.5674362267905544,0.34471050808664744
Asia,2020-07-13,4678940019,0.22887245207155815,0.3382026966553435,0.32359892681317814,0.2691940343439388,0.19961618114179386,0.15910255662058687,0.13526820150040822,1.149435219805825,0.022537945486388728,0.02496291885036024
Africa,2020-07-13,1371693397,0.2075698839706765,0.3280103620159751,0.30211644338724236,0.2183473419267019,0.11490724197268705,0.06302707569140355,0.04944918757647306,5.197028166286802,0.09449142120521457,0.019298554660899924
Europe,2020-07-13,748057173,0.1892829620325423,0.18939435183977316,0.18937212568981693,0.18932878792227675,0.1892777373446707,0.1892499802046449,0.18922158653268756,9.274908826687287,0.18928385360586297,0.04690256475891048
Oceania,2020-07-13,42936804,-0.15667804663743834,-0.11266304156819733,-0.11824311566904358,-0.14350768053735696,-0.16833152503736484,-0.18655739034138782,-0.2012344905052361,-2.8158957009872077,-0.1340902714755813,6.660952221781574e-4
Americas,2020-07-20,1026782740,0.6511490754308994,0.7122013911041264,0.6935543997723962,0.6747577055003792,0.6445501198300051,0.629372480595116,0.6235565735655639,27.266614185907866,0.5801407273597419,0.36660978543523237
Asia,2020-07-20,4678940019,0.2414646279398315,0.34734292024804403,0.3260031842357629,0.2810983245726061,0.20370000514008466,0.16097467230981818,0.15564403638780117,1.1359193380584203,0.02227292819722393,0.030022077528153925
Africa,2020-07-20,1371693397,0.22876784801624686,0.36471515726766374,0.33316114442527245,0.24808478607857365,0.13126054681467297,0.0686333103807422,0.04073283063700682,5.3665787590651,0.0975741592557291,0.020412943636849774
Europe,2020-07-20,748057173,0.19150963857499892,0.19161180709903888,0.19160023771118334,0.19154702726044093,0.19149468843830608,0.1914611341222175,0.19144134482999753,9.38364383109041,0.19150293532837567,0.04140258407762103
Oceania,2020-07-20,42936804,-0.13172424551652184,-0.08681775483897256,-0.10048992425340002,-0.12150060580906273,-0.14441216392249154,-0.1647640028492129,-0.17721994136758865,-2.2932671420474113,-0.10920319724035292,0.0059878699867833675
Americas,2020-07-27,1026782740,0.6480920239137762,0.6970052710127325,0.6848927449039361,0.6659379567097465,0.6375899371187215,0.6221033943337836,0.6190592928127336,26.940321530592428,0.5731983304381368,0.3884813061816758
Asia,2020-07-27,4678940019,0.2474860796335893,0.3475736988598418,0.33480877430551215,0.2867703176113441,0.21940319699547314,0.16853531401380414,0.15536826874775833,1.1407152960978213,0.022366966590153362,0.029872470993948
Africa,2020-07-27,1371693397,0.22589724755202537,0.34296292065133926,0.30740379536439993,0.23405309277556274,0.12462766909767745,0.07017502673520663,0.054441601409956755,4.709913895683202,0.08563479810333094,0.028661069657390795
Europe,2020-07-27,748057173,0.3118249153574526,0.3119398505287603,0.3119163093590127,0.3118707186776811,0.3118136131921288,0.3117842529755207,0.31176666872606307,15.27844727547898,0.31180504643834656,0.03813679091611358
Oceania,2020-07-27,42936804,-0.10526567426886757,-0.06512290621683048,-0.07341695344515864,-0.09511213333068914,-0.11873400544600611,-0.13681488292276214,-0.1493951801455393,-1.7315113113153267,-0.08245291958644413,0.013640978029012128
Americas,2020-08-03,1026782740,0.6095753959885278,0.6492656957379301,0.6399390446539143,0.6258315051149043,0.600048791194175,0.5901308653467665,0.5868216868769806,25.319209094657637,0.5387065764820773,0.38958037023489506
Asia,2020-08-03,4678940019,0.2350363222896119,0.3593602136679105,0.3388533468552534,0.28947129122075,0.2134675439047947,0.17505761653341279,0.15506267872303423,1.134327047842156,0.022241706820434432,0.03013509457856549
Africa,2020-08-03,1371693397,0.17438062579905841,0.28951439874368656,0.26559907227091445,0.18518685461976567,0.08564888912714061,0.03711297259136239,0.026760544573775143,2.84840877267335,0.05178925041224273,0.02552654993935208
Europe,2020-08-03,748057173,0.16732539304543684,0.16744512291508493,0.16741414344253988,0.16736168723653275,0.16730876450447266,0.16726815248473914,0.16725414816097198,8.198239698195227,0.16731101424888217,0.03909179813452575
Oceania,2020-08-03,42936804,-0.12730696446227127,-0.08466079341256494,-0.09096250528869745,-0.11650027419180164,-0.13912716095766012,-0.1608967258145565,-0.16985406435341124,-2.149334677954368,-0.10234927037877942,0.0226262765155972
Americas,2020-08-10,1026782740,0.5831410042165854,0.6167799131002117,0.6118121909189991,0.596547231840582,0.5764467829933597,0.5644533829667877,0.5624773828679859,24.25364380514076,0.516034974577463,0.4043839887686465
Asia,2020-08-10,4678940019,0.2533123648008519,0.3785579603074388,0.3685944207248616,0.3012367598939962,0.22608453512582294,0.1889189511440147,0.15829101811542506,1.218816880055766,0.023898370197171878,0.03149369288805153
Africa,2020-08-10,1371693397,0.15817448076093304,0.2583330037397993,0.23623744559903007,0.15984590242071825,0.0669487258723354,0.020359352144824542,0.006347739673078528,2.34158997371984,0.04257436315854254,0.03095254383585838
Europe,2020-08-10,748057173,0.3006704847570391,0.30080745241252177,0.3007838457355716,0.3007187042493911,0.3006626991093848,0.300636451828847,0.30062107788433345,14.730761778562947,0.3006277913992438,0.040638337679571986
Oceania,2020-08-10,42936804,-0.09676721974711132,-0.06389941537103154,-0.0687939982486799,-0.087066534169703,-0.11113509053658813,-0.13296605475843437,-0.14028009585084358,-1.5065294985097037,-0.07173949992903352,0.03327215504908097
Americas,2020-08-17,1026782740,0.5494175138748392,0.576195031496862,0.5728756768930527,0.5602777144679121,0.5400904492664462,0.5305477696614262,0.5264992060406014,22.522207833175973,0.47919591134416967,0.3781296518482576
Asia,2020-08-17,4678940019,0.2628261974898968,0.40143936464184776,0.37997535829309315,0.31369810560989736,0.24504607622766048,0.18486874248256158,0.1623631085868473,1.2472189172761181,0.024455272887767027,0.03204022692986781
Africa,2020-08-17,1371693397,0.16011180575520262,0.25604306703625,0.23868889411930072,0.16011180575520262,0.06317583796380141,0.020146423235332143,0.013000602272721016,2.2735406141858463,0.041337102076106295,0.02394332441333462
Europe,2020-08-17,748057173,0.21569659782928505,0.21581590274491935,0.2157967168632483,0.2157400707635486,0.21568668443408462,0.2156488915727508,0.2156364690423845,10.567764467126267,0.21566866259441358,0.042243027860117854
Oceania,2020-08-17,42936804,-0.14271500186530947,-0.10140060875484909,-0.11291192094469608,-0.13248871660330747,-0.1574425298132765,-0.17845592218585787,-0.18990029490889612,-2.5112619420330016,-0.11958390200157151,0.03560115932243117
Americas,2020-08-24,1026782740,0.5145854082468384,0.5418869428632116,0.5335318787026753,0.5212102904021432,0.5015289449971483,0.48944083713714664,0.4881141424076088,20.16658825603978,0.4290763458731868,0.3722723270552834
Asia,2020-08-24,4678940019,0.26715038646314754,0.407160012238869,0.3732051113816158,0.31673429545639553,0.23981170821389414,0.1792780070415462,0.15810977433639198,1.2240799768652395,0.02400156817382822,0.030538070464630165
Africa,2020-08-24,1371693397,0.14799111362995426,0.24442952683572686,0.19617798471452977,0.14799111362995426,0.048193824904834995,0.011154181636268141,-0.010604912265180096,1.714252780440133,0.031168232371638783,0.02195417727158455
Europe,2020-08-24,748057173,0.17361920883429438,0.173737236327886,0.17371302320038798,0.17365945852083733,0.17360989536671137,0.1735802196380564,0.17355776164494713,8.506272303612075,0.17359739395126683,0.04197553493681959
Oceania,2020-08-24,42936804,-0.17077323546385975,-0.1306320107409321,-0.13924502124767876,-0.15993049996809205,-0.1855727563883194,-0.20860405859521194,-0.21807158925526468,-3.091184006097182,-0.14719923838558008,0.029280241724558728
Americas,2020-08-31,1026782740,0.4686360468464702,0.4926166997666288,0.4888490745382988,0.4772232600080131,0.45780605231123994,0.4462716009852102,0.441513976214633,18.363537699817748,0.3907135680812287,0.3431384130979841
Asia,2020-08-31,4678940019,0.35111539606277203,0.4339992260235338,0.41993711839039094,0.35111539606277203,0.27535794952016673,0.18822608859614917,0.17372809983074558,1.1795460807850835,0.023128354525197712,0.03318514436378373
Africa,2020-08-31,1371693397,0.1487795807602435,0.2281123064542925,0.20372977927475514,0.1487795807602435,0.04586782256034805,0.004256267456705054,-0.017933971534475016,1.4358690368919802,0.026106709761672366,0.018819511748367775
Europe,2020-08-31,748057173,0.14729943373199014,0.14741337155492892,0.14740195364416014,0.1473494541953603,0.14729523823893897,0.1472655142283826,0.1472419878845369,7.216480513860775,0.14727511252777092,0.04157436239168313
Oceania,2020-08-31,42936804,-0.12078355027090298,-0.08095254342581422,-0.09148889760456272,-0.10925137297332727,-0.13441529040799285,-0.15612505044335023,-0.16870342229719698,-2.057106108729708,-0.09795743374903372,0.0445841288047429
Americas,2020-09-07,1026782740,0.39204251348481867,0.4128666013228924,0.40999496629581816,0.39835942236532107,0.37989702972965667,0.3678792061883251,0.3622018053749837,14.547542651171524,0.3095221840674792,0.388967874547638
Asia,2020-09-07,4678940019,0.34301368998849024,0.4679884516714962,0.44589420401189794,0.37622403605015725,0.28832328397674634,0.19513721077525062,0.16190062995157525,0.7924020289529827,0.015537294685352601,0.03483090172949704
Africa,2020-09-07,1371693397,0.1397232617774122,0.20092629066841047,0.17548553246912124,0.1397232617774122,0.04005460064322302,-0.00814302326208474,-0.036597973415941135,1.1853087624227578,0.021551068407686506,0.017799021307091704
Europe,2020-09-07,748057173,0.3376133695505942,0.3377366111043017,0.3377198639644677,0.3376647622376065,0.33761006125249376,0.33758126676915245,0.3375676961170512,16.541886930744703,0.3375895291988715,0.04829644217581749
Oceania,2020-09-07,42936804,-0.12831409063217084,-0.09151837967014033,-0.09899627285548028,-0.11723317922917749,-0.14453771411806485,-0.16246803039663513,-0.1744517986221479,-2.311433375379534,-0.11006825597045404,0.03826321120687046
Americas,2020-09-14,1026782740,0.37019561678294793,0.3895792107407486,0.384751525572119,0.3755342927127301,0.3552177400073873,0.3424964720744996,0.33871441617981296,13.54807726327086,0.28825696304831616,0.2861364810242136
Asia,2020-09-14,4678940019,0.36868585646304197,0.4779120839824293,0.45422848032097746,0.39340132461177885,0.3111776181841294,0.18645688664019908,0.15819574838156067,0.8057933403617017,0.015799869418856895,0.03787488176389893
Africa,2020-09-14,1371693397,0.13198872778250842,0.1892491660526948,0.16980951627395593,0.13198872778250842,0.034980996544769126,-0.014846866619425449,-0.04636487400694034,1.1370784924500117,0.020674154408182033,0.013247566868618527
Europe,2020-09-14,748057173,0.35021679539441364,0.35033935379690145,0.35031953480440237,0.350256961764124,0.3502043327748154,0.35017276623873905,0.350163244104829,17.15855102628444,0.3501745107404987,0.050435182445607005
Oceania,2020-09-14,42936804,-0.15376138336481004,-0.11552534046128521,-0.12196885126251418,-0.1415217571899552,-0.1656198841823439,-0.1887849781946671,-0.19742799593434102,-2.789345052271003,-0.13282595487004775,0.01563693469127325
Americas,2020-09-21,1026782740,0.4051053902710597,0.41990658888639804,0.4163955783478817,0.4051053902710597,0.38091634535487623,0.3691768375968677,0.3642177343539694,14.057640478450852,0.2990987335840607,0.2754793092840653
Asia,2020-09-21,4678940019,0.3725225060091901,0.4820384981145944,0.45612252348271853,0.3810067396223043,0.30093590186394725,0.20294261669336625,0.17760099976102342,1.0289485773820841,0.020175462301609492,0.03888850877786813
Africa,2020-09-21,1371693397,0.1070910640499068,0.19447475701780403,0.1788747020138536,0.12299418849701887,0.04426232244837765,-0.0025138073253588977,-0.019684064203809897,1.3494749782682325,0.024535908695786042,0.01342464725737832
Europe,2020-09-21,748057173,0.2919336781887779,0.29205374999281386,0.2920352764211834,0.29197593785043785,0.2919211852509025,0.29189167455254716,0.2918792170530821,14.302413718715343,0.2918859942594968,0.07157621360045431
Oceania,2020-09-21,42936804,-0.0791092059059616,-0.04253039794492458,-0.05107962418195588,-0.06736455428496024,-0.09051727497407941,-0.11183531739754808,-0.11931424400847228,-1.2368308036557625,-0.05889670493598869,0.013310259422196399
Americas,2020-09-28,1026782740,0.40149038733453374,0.4112629854437596,0.40740543842998644,0.40149038733453374,0.3653685258062964,0.3492528005037471,0.3454362880786922,12.476550449238868,0.2654585201965717,0.27945814515736794
Asia,2020-09-28,4678940019,0.3634733756854757,0.4526750391055649,0.43791715082280314,0.36670644073792785,0.28466588816836425,0.1838890966765964,0.15814135083472597,1.0115710151354218,0.019834725786969053,0.03685811301271139
Africa,2020-09-28,1371693397,0.09876796473678763,0.19702688752779857,0.17189347473345976,0.12004796700067905,0.033174275035436164,-0.019194029172000596,-0.04145279479126266,0.9738287662952302,0.017705977569004185,0.014320255563641821
Europe,2020-09-28,748057173,0.3312094105013329,0.33133657873582784,0.33131682262959344,0.33126196272845565,0.33120175888581105,0.33117189835222616,0.3311624127030475,16.226817430034288,0.3311595393884548,0.08011245953255501
Oceania,2020-09-28,42936804,-0.05933881022904518,-0.02798281915628468,-0.03350861382989125,-0.047616594458468095,-0.06680574474572751,-0.08894394248946182,-0.0908012087722374,-1.003464575466071,-0.04778402740314623,0.009316017093400804
Americas,2020-10-05,1026782740,0.41259407673506815,0.4273617341353172,0.4249592123242523,0.41259407673506815,0.38581734152302555,0.37204640499631486,0.3696440432735747,13.792195873727493,0.2934509760367552,0.3436531276324337
Asia,2020-10-05,4678940019,0.3120874443905102,0.3747081806952962,0.356494768218321,0.3120874443905102,0.24106981404195263,0.17970824488637352,0.15894969762945374,0.9689805502853653,0.01899961863304638,0.037126870465231325
Africa,2020-10-05,1371693397,0.15117899191380513,0.1978334326545593,0.18420804702907978,0.15117899191380513,0.04915896164540787,-0.004293198238289293,-0.019842106577333058,1.1116164625337968,0.020211208409705396,0.012299760308607799
Europe,2020-10-05,748057173,0.44074977692907535,0.4408765320260952,0.44085828893035856,0.44080474545921794,0.4407384273872221,0.44070120212642583,0.44069032744517705,21.592590756836515,0.4406651174864595,0.09273555886349344
Oceania,2020-10-05,42936804,-0.10833650922972361,-0.07036934168056913,-0.07615573834402722,-0.09557559182963606,-0.11868641848612171,-0.13604847571809855,-0.14796514036315053,-1.8307268933600622,-0.0871774711123839,0.004324960935611323
Americas,2020-10-12,1026782740,0.369328834847246,0.3884428619271983,0.3811459209468706,0.369328834847246,0.34460447678625,0.3297324370837783,0.3267504302398491,12.415258088056348,0.2641544274054542,0.2511315100602489
Asia,2020-10-12,4678940019,0.2672925585798028,0.35107288131250997,0.3295405987682789,0.27658246408424664,0.2239749633583896,0.1677050583002839,0.15183617488640835,0.9274363423336675,0.01818502632026799,0.03521863912143474
Africa,2020-10-12,1371693397,0.1601075431061744,0.21822548422259475,0.19774045288318232,0.1601075431061744,0.0643675917262192,0.014547973005924508,-0.002146163177740207,1.448311862652325,0.026332942957315,0.017319686784203425
Europe,2020-10-12,748057173,0.5281789464295508,0.528377925921699,0.528352217976852,0.5282770524781261,0.5281789464295508,0.5281594090567061,0.5281485061579857,25.87499070649919,0.5280610348265141,0.11800087371129318
Oceania,2020-10-12,42936804,-0.08523591485770438,-0.05478589518981123,-0.05917379040524907,-0.07587249316385708,-0.0967449788092404,-0.11784510031287689,-0.12626174156229744,-1.4240827472331177,-0.06781346415395799,0.0013298614400829645
Americas,2020-10-19,1026782740,0.39147746960819696,0.4199459305641932,0.41465919038889254,0.39604933533208436,0.37543762665838687,0.362795332196163,0.3598915999865704,13.931675929932675,0.2964186368070782,0.2402511168039307
Asia,2020-10-19,4678940019,0.2742282867389198,0.34181455442861347,0.3193660282776971,0.2742282867389198,0.21948463789424652,0.16829546020829475,0.15476606216828614,0.9518521287160747,0.018663767229726954,0.03314853350762734
Africa,2020-10-19,1371693397,0.12500098018306988,0.2126643767504675,0.19755825348994455,0.14994124030917827,0.07069507326921169,0.02380874849086564,-0.009766692313401992,1.3878235430665526,0.025233155328482776,0.016965671811861906
Europe,2020-10-19,748057173,0.7237553087887247,0.723997511880196,0.7239408401605345,0.7238641421176458,0.7237553087887247,0.7237365615773571,0.7237253576631572,35.45602309103859,0.7235923079803794,0.1614086521164874
Oceania,2020-10-19,42936804,-0.04840859380222246,-0.014377787032487687,-0.018795639843521516,-0.032873289078025725,-0.05167762454017903,-0.06341212681627596,-0.07465846751561189,-0.7854697754804912,-0.03740332264192816,0.0019959566622611224
Americas,2020-10-26,1026782740,0.3918983042823132,0.41650490319135836,0.4078752698986349,0.3946443644014867,0.37534924590159574,0.3637597615717891,0.359161004236,14.406984900961008,0.3065315936374683,0.2510478506874784
Asia,2020-10-26,4678940019,0.26969822603046356,0.3385854276065323,0.32289917932729173,0.2703626279691495,0.21097279332224889,0.16577461266362647,0.14195401109922395,0.9328240094818262,0.018290666852584826,0.03155475372636958
Africa,2020-10-26,1371693397,0.11721132823877158,0.21163510721858744,0.19441296222292864,0.14239614129887096,0.0703463527926961,0.02219883740488843,0.006452550638702926,1.135101510857818,0.020638209288323963,0.01746556486485733
Europe,2020-10-26,748057173,0.8786577374991108,0.8788938992959807,0.8788554789458781,0.8787619197128216,0.8786577374991108,0.8786153416402451,0.8785988419208846,43.04282555058804,0.8784250112364907,0.23256430962663865
Oceania,2020-10-26,42936804,-0.06982771382960136,-0.034880145271433606,-0.04153605727944533,-0.05897234418681605,-0.08014882158085244,-0.10306217375094315,-0.11027959519294869,-1.0397970421303318,-0.04951414486334914,0
Americas,2020-11-02,1026782740,0.4664126273185353,0.4905627826611828,0.4842119622658215,0.47031498338555006,0.45274753093280634,0.4409629900923711,0.43678055934600163,18.221692331746095,0.3876955815265126,0.24464776258315368
Asia,2020-11-02,4678940019,0.30489371823298844,0.36735179695582765,0.3536775145312331,0.30489371823298844,0.22119974943517454,0.17156158098796437,0.15971082245057538,1.1063129862228684,0.021692411494566046,0.03071214835335978
Africa,2020-11-02,1371693397,0.13509440935681838,0.22817506232258808,0.2102631254775767,0.15699189725059795,0.08152875656189443,0.030694156652643353,-0.00874623380485775,1.759382629844992,0.03198877508809077,0.018559249505521968
Europe,2020-11-02,748057173,1.206067981869089,1.2063303027192147,1.206309995489362,1.2061718544195001,1.206067981869089,1.2060023353182157,1.205990658104069,59.08763585930514,1.205870119577656,0.3440529805600835
Oceania,2020-11-02,42936804,-0.025380746958190717,0.011756699590015319,0.006964191971532148,-0.008434590970671967,-0.027431441853762156,-0.040100855839241896,-0.0438857659268054,-0.3019684883329861,-0.014379451825380288,6.660952221781574e-4
Americas,2020-11-09,1026782740,0.4771669852721155,0.4924251631367457,0.48917117028153423,0.4771669852721155,0.4584725864370529,0.4482034861901479,0.4431815821317237,18.797290057048535,0.3999423416393306,0.2605645669501613
Asia,2020-11-09,4678940019,0.3148984302790091,0.36232545384860815,0.3503134843325171,0.3148984302790091,0.22024496052089082,0.1840190233490247,0.15269783894475217,1.0857277377550483,0.02128877917166761,0.03369814516957585
Africa,2020-11-09,1371693397,0.13862353952943376,0.23760178139731272,0.22588969630668146,0.176222182967447,0.10091307189039647,0.04830896825641534,0.03214613466529157,2.0736240325415283,0.037702255137118695,0.02312061869610356
Europe,2020-11-09,748057173,1.2559753635511448,1.256299504663534,1.2562622629393143,1.25614593255283,1.2559753635511448,1.255961087438492,1.255951584819254,61.537448609112175,1.2558662981451465,0.5030749167082714
Oceania,2020-11-09,42936804,0.0037457736578740096,0.041265210993805264,0.0362059826815676,0.020369862458687597,0.0021551382925275348,-0.010068569880827915,-0.014547260490713658,0.3100938347034447,0.014766373081116415,0
Americas,2020-11-16,1026782740,0.5074874114347742,0.5263760772231679,0.5232408394288218,0.5074874114347742,0.49264717317918394,0.4823453083224204,0.4810761912820729,20.492335662731943,0.4360071417602542,0.28574710946154
Asia,2020-11-16,4678940019,0.28670929656874017,0.3502341331651185,0.33951036426798265,0.28895217211834334,0.20255116393140263,0.16187357721139442,0.1431087419065773,1.0915514010886074,0.021402968648796216,0.03320655947053721
Africa,2020-11-16,1371693397,0.14295014886316137,0.2358692080412893,0.23107794676865126,0.1805583670967467,0.10026157310874943,0.04911785304573686,0.02779029558506675,2.1154388746794197,0.038462524994171264,0.02116281966763743
Europe,2020-11-16,748057173,1.2459267072921432,1.2462298492317183,1.2461611602365548,1.2460743614937828,1.2459267072921432,1.2458857538344614,1.2458705329222353,61.03962569738668,1.2457066468854425,0.5759490257571529
Oceania,2020-11-16,42936804,-0.040011499777423375,-0.007175099143141965,-0.010466688188177014,-0.02539707768909292,-0.04450789118282066,-0.06635890289984923,-0.0704729752977927,-0.5968204293391216,-0.02842002044472007,0
Americas,2020-11-23,1026782740,0.520293289633984,0.5382056804014925,0.5352098429905968,0.5217221150543143,0.5065028009908789,0.49910465413963545,0.49761408365984927,21.533869578289433,0.45816743783594543,0.3174130098836683
Asia,2020-11-23,4678940019,0.3004253477685072,0.3631383909641498,0.35369680852391,0.3004253477685072,0.21436102151569458,0.1692190774935754,0.1572826047544641,1.0501317634755951,0.020590818891678332,0.03693755408237474
Africa,2020-11-23,1371693397,0.13933652403162292,0.2286535973165842,0.212536800365392,0.1620132627932791,0.08876922238629867,0.03665562381124332,0.021324737271632276,1.6785024146412892,0.030518225720750716,0.024432938201276476
Europe,2020-11-23,748057173,1.2252754858908665,1.2255977309151067,1.2255705184755008,1.2254746000426893,1.2252754858908665,1.2252754858908665,1.225263361361244,60.03303151290715,1.2251639084266766,0.630681473326371
Oceania,2020-11-23,42936804,-0.02919792820738101,0.009430776841506061,0.0024946221231608254,-0.013141345298222811,-0.02979684939801609,-0.04401604124792151,-0.05363723489804624,-0.3872100447376076,-0.018438573558933694,0
Americas,2020-11-30,1026782740,0.5849240426381057,0.6041236614944048,0.5975801392320962,0.5881122907183268,0.5738561319854019,0.5656137156055909,0.563685809523046,24.544646531478005,0.5222265219463406,0.3339141637694455
Asia,2020-11-30,4678940019,0.3019088022002023,0.3666570571267291,0.35189723514793925,0.3019088022002023,0.22200589754889205,0.17724232009690505,0.16999087248064557,1.1095829576133696,0.021756528580654303,0.03648881996920508
Africa,2020-11-30,1371693397,0.15828270333472236,0.26092546965554553,0.24509564762873015,0.19312961184682648,0.1206412984215298,0.0642303215413447,0.050195133621165323,2.3652968766047375,0.04300539775644978,0.020881561479150285
Europe,2020-11-30,748057173,1.192109116388865,1.192460481196433,1.1924324101472117,1.1923206716081578,1.192109116388865,1.192109116388865,1.1921086074129321,58.407808142446946,1.1919960845397335,0.6631657551126778
Oceania,2020-11-30,42936804,0.034327055096802776,0.07508823776952259,0.06930287240495273,0.05275291084264619,0.034327055096802776,0.023353220042608813,0.01666253883540393,0.9319379756879546,0.04437799884228355,3.330476110890787e-4
Americas,2020-12-07,1026782740,0.6928092462066859,0.7127173287769316,0.7096585037762184,0.6978859419449555,0.6846690551198067,0.6753114486304613,0.6725379129534667,29.877386029249227,0.6356890644521112,0.41232802569314714
Asia,2020-12-07,4678940019,0.3040602748278039,0.35846090896706634,0.3491140262395815,0.3040602748278039,0.2178539742499049,0.17277536977222957,0.15924857510685933,1.3360642234046336,0.026197337713816344,0.03459578437481141
Africa,2020-12-07,1371693397,0.2487543669247355,0.3360279234411437,0.3235666888552805,0.2538982415134252,0.16505944388211186,0.12041802353899525,0.10927872203253822,4.232862534062499,0.07696113698295454,0.022141536925397914
Europe,2020-12-07,748057173,1.2411220671908243,1.2414759562516953,1.24145221583329,1.2413468506327934,1.2411220671908243,1.2411220671908243,1.2411218680417935,60.80988982144656,1.2410181596213583,0.6479067609983334
Oceania,2020-12-07,42936804,-0.02049115684766849,0.019630802502305107,0.014525292130118175,-0.0012357246798446143,-0.02049115684766849,-0.03384965598177943,-0.037849272458735955,-0.20694511398030196,-0.009854529237157236,0
Americas,2020-12-14,1026782740,0.7163191754364252,0.7363627598095159,0.7331768575698996,0.7212290644765404,0.7075265144806542,0.6983689519585548,0.6957619583436546,30.78688362030867,0.6550400770278441,0.4413370836366027
Asia,2020-12-14,4678940019,0.29472348184460445,0.35667227349481967,0.33208286382441693,0.29472348184460445,0.2179356027702983,0.1757561777874788,0.1601280965301838,1.3075376158455967,0.025637992467560718,0.0322416828143571
Africa,2020-12-14,1371693397,0.2695193978612392,0.3659747087707535,0.3522172603713442,0.2722767394755581,0.18313110115369438,0.12224327286748214,0.11162740416236847,4.740826945129376,0.08619685354780685,0.026317834640710164
Europe,2020-12-14,748057173,1.1592254502028152,1.1595398704769095,1.1595288237577361,1.15941024479068,1.1592254502028152,1.159211614609207,1.159190379000627,56.79380641440997,1.1590572737634688,0.637193943463463
Oceania,2020-12-14,42936804,0.01976587413149746,0.05895782688558082,0.056418846525830214,0.0385281212034516,0.017995852869411605,0.007422788183100407,0.0012821282929692034,0.5504470757131861,0.026211765510151717,3.330476110890787e-4
Americas,2020-12-21,1026782740,0.7692525192052146,0.7922451534404416,0.7878760363328725,0.7757774310340685,0.7618945532744136,0.7540381254187478,0.7500955529179371,33.374893667710765,0.7101041205895907,0.4821163043702897
Asia,2020-12-21,4678940019,0.27419925150317137,0.33947010189110627,0.3150814843852111,0.27419925150317137,0.19815106686013076,0.14740827877178453,0.11150942606259794,0.6484839603531927,0.012715371771631229,0.03101743117258798
Africa,2020-12-21,1371693397,0.31203557174936564,0.44057635132381007,0.39553113324990874,0.3286549387427321,0.22989336946660072,0.1747924385869614,0.16720341648149015,6.548602860022321,0.11906550654586036,0.03002544161113287
Europe,2020-12-21,748057173,1.1287051050059704,1.129053466974648,1.1290334644827318,1.1289420967505248,1.1287051050059704,1.1287051050059704,1.1287051050059704,55.300524830704056,1.1285821394021236,0.6658964287479668
Oceania,2020-12-21,42936804,0.027892956228898008,0.06731608224687739,0.062244598710603304,0.044126424184952016,0.025581341192568035,0.013189515510603331,0.003204544075736952,0.7293146039064782,0.034729266852689435,3.330476110890787e-4
Americas,2020-12-28,1026782740,0.8500080606775636,0.8759708192490963,0.87382163476386,0.8584503672617978,0.8418446925538876,0.8326076962120649,0.8283901143990767,37.08700094056847,0.7890851263950739,0.42443253379970136
Asia,2020-12-28,4678940019,0.25212385368710577,0.31747971471655034,0.2927836959747818,0.25212385368710577,0.18889981821667015,0.13468044771689144,0.09860052042081446,0.6706886035006719,0.013150756931385723,0.028913770950394397
Africa,2020-12-28,1371693397,0.36997203838898174,0.4638017240186816,0.43660460128707795,0.37668258168311697,0.2700709058077976,0.20469245774150135,0.17505006397984033,7.989026115042626,0.1452550202735023,0.03981538448712092
Europe,2020-12-28,748057173,1.1281760110773207,1.1285395509457348,1.1285155424851794,1.1284090635042305,1.1281760110773207,1.1281760110773207,1.1281760110773207,55.27529523837755,1.1280672497628073,0.5660758499270483
Oceania,2020-12-28,42936804,0.01428535480852374,0.04838193212398193,0.04146940030568446,0.028158720969846472,0.010361438425747983,-0.006352512398276976,-0.012948108528412954,0.4412023825699728,0.021009637265236802,3.330476110890787e-4
Americas,2021-01-04,1026782740,0.9147465899344427,0.9515041604969281,0.940016067407076,0.9275769250500543,0.9073126931065936,0.8991037836438726,0.8955142193015466,39.774762601243914,0.8462715447073174,0.4863458261871445
Asia,2021-01-04,4678940019,0.22025207886499287,0.266587172850548,0.246214095836784,0.22025207886499287,0.15129091140082193,0.0960798586306624,0.06901732287965544,0.18997366046489414,0.0037249737346057676,0.026599400610952777
Africa,2021-01-04,1371693397,0.39728923964925683,0.5003520466078768,0.48105464925057556,0.40534477364179633,0.30087985173999926,0.22558779467178225,0.20834936682595045,9.594688064819163,0.174448873905803,0.04768886410262424
Europe,2021-01-04,748057173,0.7796375184960737,0.7799936943220709,0.7799564590736909,0.7798454140148506,0.7796375184960737,0.7796291496387642,0.7796056477263811,38.19704787277343,0.7795315892402741,0.6055110710100765
Oceania,2021-01-04,42936804,0.014680439817420485,0.048955782588650895,0.04036692324159394,0.028758697208311666,0.010132116868196315,-0.002676554817605294,-0.008088683641199867,0.43770167980120755,0.02084293713339084,0
Americas,2021-01-11,1026782740,1.0300308211083244,1.0695452328509052,1.0618461564581667,1.0457080384779616,1.0258512845739038,1.014300442564933,1.0123328636693012,45.0273997295738,0.9580297814802936,0.6151254548747089
Asia,2021-01-11,4678940019,0.21499484851226422,0.2485044714473742,0.2335831481673808,0.21499484851226422,0.13574893578715916,0.08288245550504608,0.05728066644119585,0.20291055445787887,0.003978638322703508,0.02325306577092071
Africa,2021-01-11,1371693397,0.414496523720513,0.5746941177756046,0.5380794049425286,0.4536199669398737,0.33695045769934223,0.26060168427455377,0.2332475194624877,10.972000228114332,0.19949091323844242,0.05688479668317598
Europe,2021-01-11,748057173,0.7126445129505267,0.713023351803664,0.7129578174695265,0.7128684742745351,0.7126445129505267,0.7126445129505267,0.7126444765464509,34.91500372523624,0.71255109643339265,0.6790161478740342
Oceania,2021-01-11,42936804,-0.025579365100683517,0.03431384420308429,0.019462324424609004,-0.003647855924688137,-0.025746252539813056,-0.03732838368538096,-0.041190272919623974,-0.4007398586076618,-0.019082850409888656,0
Americas,2021-01-18,1026782740,1.024094393705388,1.0576557262629145,1.0509393508920564,1.034831839625177,1.016424527799066,1.0066994685893627,1.000602902604556,44.38809979075996,0.9444276551225523,0.6339913738713605
Asia,2021-01-18,4678940019,0.1933999931140978,0.2365756308447141,0.21359996935994532,0.1933999931140978,0.11777469273109059,0.04797566088118033,0.03129144670347979,0.18967495597251793,0.003719116783774861,0.02542699831946702
Africa,2021-01-18,1371693397,0.41270335366228145,0.5627367505292779,0.5335823491633988,0.4366464925394704,0.31678687492385693,0.24355713755798156,0.220330167092026,9.229142332978844,0.16780258787234262,0.06498755494118633
Europe,2021-01-18,748057173,0.7969220984094227,0.7972303199742526,0.7971978324916879,0.7971017724027049,0.7969220984094227,0.7969039523345122,0.7968913229261474,39.04294132785226,0.7967947209765766,0.7073943263959586
Oceania,2021-01-18,42936804,0.045248782525939446,0.0824973966742349,0.07190213961135677,0.06016774155640762,0.04306157507162072,0.030820592635730833,0.02286022063409926,1.097974391293187,0.0522844948234851,0
Americas,2021-01-25,1026782740,0.8493477203818276,0.8877692857304892,0.8771435088573369,0.8596266904172774,0.842652723083076,0.8317862058028216,0.8287243939688029,36.54648264119904,0.7775847370467882,0.6817551296197285
Asia,2021-01-25,4678940019,0.1660741867183118,0.23340371776393812,0.20447295717080555,0.16928179384109807,0.11324306879448756,0.049845576726967156,0.015739890993043366,0.14713937574211255,0.002885085798864952,0.024150790465604383
Africa,2021-01-25,1371693397,0.34223398820523143,0.47387289344910444,0.4612744166527594,0.38497187138328415,0.2683586409504146,0.20206961215189775,0.18459554281973212,5.8937881325872725,0.1071597842288595,0.06585203384193297
Europe,2021-01-25,748057173,0.7122740793902865,0.7125961962336096,0.7125301532495393,0.7124273852697434,0.7122740793902865,0.7122438047676011,0.7122214475056038,34.89566473994361,0.7121564232641554,0.7480906810314083
Oceania,2021-01-25,42936804,-0.02462818116324744,0.01161258753459034,0.004595331842695391,-0.006351459267319605,-0.026743598407495132,-0.038789699906751296,-0.04513400901240129,-0.3844368286942091,-0.018306515652105195,0
Americas,2021-02-01,1026782740,0.7482507457638954,0.7804736006201578,0.770571971888579,0.7567207543687301,0.7413568291645892,0.7297874331467391,0.7273810682786269,31.975835901660172,0.6803369340778761,0.6877376026013059
Asia,2021-02-01,4678940019,0.1624798210489389,0.21529982177207185,0.19361190102780615,0.1624798210489389,0.10647004621572902,0.04603257588826198,0.00940090276332184,0.10705941342799902,0.002099204184862726,0.024950715231641444
Africa,2021-02-01,1371693397,0.29817572714334917,0.4083423109507003,0.3776884995423592,0.325985257006866,0.21023129406159366,0.15547929375071784,0.13453317222200187,3.7950856250219505,0.06900155681858092,0.057530640719414355
Europe,2021-02-01,748057173,0.4953769247634108,0.4957036782953998,0.4956414913535721,0.4955397902844823,0.4953769247634108,0.4953461464084725,0.49532968100610464,24.26723614911583,0.49524971732889445,0.708024358453682
Oceania,2021-02-01,42936804,0.038978182350784756,0.09550666156180569,0.08591236338231721,0.06101132189867168,0.038978182350784756,0.027002968284387193,0.02298210546068338,0.9512471220721314,0.04529748200343482,0
Americas,2021-02-08,1026782740,0.6048735297588238,0.6318960602077837,0.6259959432748873,0.6112616450840805,0.5970053363479483,0.5865307641562729,0.5831103181749594,25.401898250267912,0.5404659202184663,0.6235564497315177
Asia,2021-02-08,4678940019,0.16413049417746833,0.20183071083159088,0.18133418773520735,0.16413049417746833,0.099561212538306465,0.0524009223745931,0.01752494568691057,0.06615881889284453,0.0012972317429969515,0.020459441585331424
Africa,2021-02-08,1371693397,0.27717788963498563,0.3700312253495076,0.348432527502474,0.2919812158792413,0.18536371203655078,0.1383510603765577,0.12286461524644582,2.6000212554280617,0.047273113735055675,0.04224202006565466
Europe,2021-02-08,748057173,0.4037062826379369,0.40402615184298135,0.4039675704810119,0.40386248446299866,0.4037062826379369,0.4036927917079666,0.4036780401923743,19.77776869321952,0.4036279325146841,0.6385876872007482
Oceania,2021-02-08,42936804,-0.0018098974955700457,0.04224442426051957,0.03738021895868887,0.023474176748277634,-0.0018098974955700457,-0.01070457788071871,-0.01326905212491411,0.18384021400324213,0.008754295904916292,0
Americas,2021-02-15,1026782740,0.5609657361999647,0.5839293142203758,0.5802512667166307,0.566318930903526,0.5515830564677464,0.5428341599066534,0.5385589992312031,23.412372950986732,0.49813559470184543,0.5978591926856893
Asia,2021-02-15,4678940019,0.1666080124475246,0.20453416293450538,0.183391070971895,0.1666080124475246,0.10138324067134563,0.05034727470961619,0.02105167260473257,0.11910121283428846,0.0023353178987115383,0.018316157003935296
Africa,2021-02-15,1371693397,0.2769352479483604,0.3703047592027935,0.34864957518201145,0.2916721736381128,0.1862820191009231,0.12688575449684952,0.1112852095465927,2.361748417808783,0.04294088032379605,0.035513913026439976
Europe,2021-02-15,748057173,0.3555232411679749,0.35584610180248033,0.35577514828065765,0.35566599774839736,0.3555232411679749,0.35549556869071425,0.35547231356519654,17.41700885149369,0.35544916023456513,0.5502829394030821
Oceania,2021-02-15,42936804,-0.03594795711658847,0.027844096422014606,0.017237157323341485,-0.006613106301643474,-0.03594795711658847,-0.04128423939156252,-0.04728551360542673,-0.462458471851439,-0.022021831992925664,3.330476110890787e-4
Americas,2021-02-22,1026782740,0.5073424861417678,0.5332352738602282,0.5267671396406803,0.5127893670454279,0.4988978976039045,0.4900755245924112,0.48766571679616244,20.991274691425108,0.4466228657750023,0.5050033271887683
Asia,2021-02-22,4678940019,0.18178938909506076,0.21359996961827377,0.20128712828777776,0.18178938909506076,0.12003754095163795,0.0527150633596416,0.041617352300635284,0.08045845568781287,0.0015776167781924092,0.018349711612321483
Africa,2021-02-22,1371693397,0.25858177944183325,0.3317131884029875,0.31008125438820816,0.25858177944183325,0.16659972090519817,0.11921178667567062,0.11094938286828257,2.0146279474586173,0.03662959904470212,0.028390236539135284
Europe,2021-02-22,748057173,0.269068020295617,0.2693952890490094,0.2693382577928159,0.26922620491275806,0.269068020295617,0.26904936220868375,0.26903139565889855,13.182394910650778,0.2690284675643016,0.4706675007045217
Oceania,2021-02-22,42936804,-0.0016458020600041386,0.06175885021290622,0.05103872931814562,0.028687679520460908,-0.0016458020600041386,-0.007602291760480262,-0.011450149614116415,0.2106237631467682,0.01002970300698896,3.330476110890787e-4
Americas,2021-03-01,1026782740,0.5707792962729522,0.5943690552874927,0.5864877380772168,0.577267720030392,0.5632613363341017,0.5538996505279342,0.5493736748910034,24.10687101681893,0.5129121492940197,0.5160224060642079
Asia,2021-03-01,4678940019,0.20964098003061768,0.23428241661557533,0.22423030760373683,0.20964098003061768,0.13002710458546177,0.07192680304606333,0.05068343417545974,0.37130781991431455,0.007280545488515971,0.0204992369234302
Africa,2021-03-01,1371693397,0.2658673573822743,0.342956689364369,0.3216212370069907,0.2658673573822743,0.1780588193933382,0.1298162760477384,0.11601468014151911,2.977162910360117,0.0541302347338203,0.024474419774435933
Europe,2021-03-01,748057173,0.24668356760704707,0.24702033477798638,0.24697000177497036,0.2468483500346541,0.24668356760704707,0.24667718843932993,0.2466596321473164,12.086425290314473,0.2466617406186627,0.4200787203734226
Oceania,2021-03-01,42936804,0.003900686009738449,0.06485190417239857,0.053652813238991535,0.031806899603956044,0.003900686009738449,-0.0038557481751712746,-0.01059352774175678,0.3617545514025653,0.017226407209645966,0.0013298614400829645
Americas,2021-03-08,1026782740,0.5558546139508818,0.5775729926509047,0.5719731144921983,0.5623128679823208,0.5478004507514264,0.5373411614065225,0.5327021936388839,23.30325706777539,0.49581398016543377,0.4797231009161685
Asia,2021-03-08,4678940019,0.1999638039139416,0.23820747600262443,0.23121555557544754,0.1999638039139416,0.13479575037730582,0.07749228832714682,0.06390099819231924,0.4205131036951855,0.008245354974415404,0.017696379877444202
Africa,2021-03-08,1371693397,0.26979893400493266,0.35013196943415265,0.34178838045175836,0.270809936876186,0.18070133089960316,0.1351376737811703,0.11455229004411727,2.9187366925784057,0.053067939865061926,0.02155824331054938
Europe,2021-03-08,748057173,0.32007458332223354,0.32039641775826677,0.32036240914876196,0.32023888487538865,0.32007458332223354,0.32006513058484215,0.32004601963085777,15.683067581618172,0.3200626037064933,0.4162401100323384
Oceania,2021-03-08,42936804,0.01877792846797873,0.11574195072697183,0.09835517645638048,0.0562105959205037,0.01877792846797873,-0.0016115818065606164,-0.0061118713103566,0.45258571806322734,0.02155170086015368,6.660952221781574e-4
Americas,2021-03-15,1026782740,0.5325701298110175,0.5537864736866722,0.5511195923206926,0.5388963914336716,0.5239370327283742,0.5150790468066141,0.5115172368529342,22.152410371803935,0.4713278802511475,0.46878768141349936
Asia,2021-03-15,4678940019,0.2221658892683376,0.25855446196713844,0.24260542742208294,0.2221658892683376,0.14219009590297618,0.07943350289572347,0.04628017057516671,0.43262756913237443,0.0084828935123995,0.017723800617927946
Africa,2021-03-15,1371693397,0.26960272275075087,0.3530634339692069,0.3320576573963182,0.27672397063482296,0.18583672718983835,0.13022288035343374,0.11601667894523399,2.6300424400099507,0.04781895345472638,0.020777310776833896
Europe,2021-03-15,748057173,0.4001386459314314,0.40045220244962415,0.40041555604564116,0.4002937317854128,0.4001386459314314,0.4001177491422704,0.4000946427989157,19.605575253368,0.4001137806809796,0.4085250580171898
Oceania,2021-03-15,42936804,0.027916785293620364,0.14165976890765047,0.11970121441589023,0.07091612485626568,0.027916785293620364,0.013291049401878825,0.009225774141404727,0.5853389616441862,0.027873283887818394,0.003328147106617437
Americas,2021-03-22,1026782740,0.5484743713331637,0.5821045945077713,0.569776136960599,0.5585765756548885,0.54297157508985,0.5325524455846727,0.5303130586709076,22.94019259579828,0.4880892041659209,0.4844815564390964
Asia,2021-03-22,4678940019,0.2406305222601473,0.2980277598803721,0.27381674619577945,0.2406305222601473,0.16356380299271636,0.09594364948338,0.06356468469100222,0.42356507699298734,0.008305197588097791,0.02707267019573221
Africa,2021-03-22,1371693397,0.2636113876772023,0.3494194662963829,0.329453031471655,0.2799569955424432,0.19194916115468405,0.1267761777182005,0.11636075364176401,2.697060748641914,0.0490374681571257,0.021631729120294076
Europe,2021-03-22,748057173,0.4986441620831915,0.49899997459721307,0.49895668982815516,0.49880440897509537,0.4986441620831915,0.49862580479585195,0.4986109168109832,24.432773133870185,0.4986280231402079,0.4209001816496184
Oceania,2021-03-22,42936804,0.01947512079602792,0.12238910859259984,0.10734509268886375,0.06111283448295038,0.01947512079602792,-0.003914291834518704,-0.019111742217477763,0.27651299499794524,0.013167285476092631,0.003328147106617437
Americas,2021-03-29,1026782740,0.5426503679235121,0.5742254365646478,0.5646914743625319,0.551427114174266,0.5331640519228287,0.5256262919163335,0.5205985687173005,22.19806453303565,0.47229924538373724,0.5324260709719371
Asia,2021-03-29,4678940019,0.2668463271348479,0.36480392136407036,0.334519445893708,0.2668463271348479,0.19180823074026915,0.1317172257128802,0.09027660463914836,0.4153434346397267,0.008143988914504446,0.02413550922675335
Africa,2021-03-29,1371693397,0.2787067393790251,0.35897060551471893,0.3482297341737659,0.2932379274595381,0.2054529420684509,0.1508064839646754,0.13241753696980388,2.748613293743423,0.04997478715897133,0.021475061456463364
Europe,2021-03-29,748057173,0.5433127197115424,0.5436875459589782,0.5436103162769245,0.5434914673471344,0.5433127197115424,0.5433093347292953,0.5432967560530819,26.621921315462345,0.5433045166420887,0.4598957304564206
Oceania,2021-03-29,42936804,0.14651481725222196,0.1746600785804327,0.1617191713068863,0.14651481725222196,0.050140795165073526,0.015855827903474912,-0.0011736912386305382,0.5881337667722041,0.028006369846295436,0.004324960935611323
Americas,2021-04-05,1026782740,0.6356389112500473,0.6655472340113168,0.6583744311628744,0.642556592514024,0.6250151632398409,0.6154103594275443,0.6122876789528695,25.904514025546014,0.5511598728839576,0.5051981103616915
Asia,2021-04-05,4678940019,0.40839878734143203,0.571471827770264,0.5511851516706435,0.4467713626496547,0.29940002131425175,0.19042341558518344,0.13221328763341003,0.10800918656728574,0.002117827187593838,0.03214099761683652
Africa,2021-04-05,1371693397,0.31176209381488235,0.38868687367533017,0.3751914433418891,0.32246501294188057,0.2331263674245123,0.18197237503010144,0.15507660112812188,4.214139930265877,0.07662072600483412,0.019329756969005806
Europe,2021-04-05,748057173,0.546152177278635,0.5520721620739865,0.5515302364921456,0.548536126717815,0.5445695859665952,0.5413654098138191,0.5407949010203601,25.65656800061772,0.5236034285840351,0.4507104699602954
Oceania,2021-04-05,42936804,0.014853262010906459,0.11954513501008432,0.10097590838316886,0.03985922987814851,-0.004617550210251097,-0.0464244835550537,-0.07773666077708534,-0.5605311408441116,-0.026691959087814833,0.0059878699867833675
Americas,2021-04-12,1026782740,0.6540134154672488,0.6950614768362943,0.6823390290003075,0.667258297420539,0.647591150398877,0.6376643097978167,0.6271002215639119,26.19908090780212,0.557427253357492,0.6433133069611201
Asia,2021-04-12,4678940019,0.49778679601758874,0.6961181349875272,0.6644158380255676,0.5354519858167949,0.36790607928762825,0.2673101889758506,0.20195765501373103,0.14584742694308275,0.0028597534694722107,0.04604831417480926
Africa,2021-04-12,1371693397,0.3395970371562129,0.41424422147184475,0.4052436288125537,0.3400976893919174,0.25592764049722233,0.19523488186627017,0.15904826912008807,4.3447397111897015,0.0789952674761764,0.019704694984399636
Europe,2021-04-12,748057173,0.5353757734102155,0.5403241097229251,0.539764224579879,0.5372878073883649,0.5329393971184289,0.5302141207385238,0.5300116699468637,25.04581789154823,0.5111391406438415,0.48928626475452563
Oceania,2021-04-12,42936804,0.05710395166026521,0.17187044317864486,0.1565289888124963,0.09971652170522383,0.05710395166026521,0.02055941461963378,6.963624991433589e-4,0.9430740180307714,0.04490828657289388,9.99142833267236e-4
Americas,2021-04-19,1026782740,0.6752277947430214,0.7108738131593977,0.703364671083406,0.6859725140407642,0.668413346292155,0.656167380199529,0.6519925437699795,26.83039218579413,0.5708594082083858,0.5707703072609109
Asia,2021-04-19,4678940019,0.5112546604789912,0.9882140076047977,0.9237785551143921,0.6760632917435916,0.47409165183351065,0.3728015308614016,0.35778817094059145,0.10536206687021342,0.002065922879808106,0.06108231754188683
Africa,2021-04-19,1371693397,0.3214146735366872,0.4138173592450084,0.3969113240913189,0.3266833604670052,0.23455027367041253,0.17437476626680817,0.16064581983808834,4.245644263383467,0.07719353206151758,0.023162391879619146
Europe,2021-04-19,748057173,0.5492101982261133,0.5542744284174859,0.5538730305247398,0.5512772345474831,0.5470120329639817,0.5446279350947822,0.5437538543767512,25.7730885061968,0.5259813980856489,0.4611380151821631
Oceania,2021-04-19,42936804,0.03898845309330665,0.16922688322264554,0.1411177856475161,0.08579431338173228,0.03898845309330665,0.01699349068522825,-0.004286817766968646,0.5238532488277351,0.024945392801320715,0.007320060431139682
Americas,2021-04-26,1026782740,0.6689724904616984,0.7127525805362581,0.705734179039008,0.681880304026827,0.6587755188060289,0.6473666345469888,0.6420151618313432,26.036561248626334,0.5539693882686454,0.5544224477322243
Asia,2021-04-26,4678940019,0.7337262989099591,1.49956660530977,1.4288706057423946,1.0785623742653834,0.6911791815890435,0.48807091720188794,0.4131453756124832,0.11651111218258775,0.002284531611423289,0.08905867532130891
Africa,2021-04-26,1371693397,0.3231373382737077,0.40577727880360026,0.3919767263622519,0.3231373382737077,0.2345987251821009,0.1717210238642272,0.159342911664719,4.2886047176347235,0.07797463122972226,0.02323544027382965
Europe,2021-04-26,748057173,0.49294950082119426,0.49638590373757946,0.49541563252341464,0.49342485745923453,0.490194883776324,0.48811124709721765,0.4876005083350948,23.13097972320097,0.4720608106775708,0.4306776428704869
Oceania,2021-04-26,42936804,0.01328247429168268,0.1523063352898396,0.12782478763448485,0.0722355494030955,0.01328247429168268,-0.015005322651751632,-0.021552078036720948,0.20842494759514987,0.009924997504530946,0.00499105615778948
Americas,2021-05-03,1026782740,0.5435472609041073,0.5902037492199359,0.5784221589780733,0.5589197418787383,0.5363042050825365,0.5224908143312871,0.51810685145784,20.064060031929927,0.4268948942963815,0.535403429161655
Asia,2021-05-03,4678940019,1.0874844146217129,1.8759080640639336,1.734667439808766,1.3769388422138638,0.8728554772725844,0.5433886319250137,0.48829077155479417,0.3776957152985146,0.00740579833918656,0.11011957791887222
Africa,2021-05-03,1371693397,0.3499300083200361,0.4331753822055226,0.4132025580952178,0.3499300083200361,0.2510825687187537,0.19769685059489822,0.16659932101378414,4.855933870867231,0.08828970674304057,0.022141609827986942
Europe,2021-05-03,748057173,0.30474713181264196,0.30928930713280517,0.30871778956438883,0.3060389188754992,0.3031693149014124,0.30117817251375867,0.30065954799387523,14.228218076027568,0.29037179746995034,0.3697198689918852
Oceania,2021-05-03,42936804,-0.00512216612071699,0.13990782485589962,0.11465101344399202,0.0511500076137326,-0.00512216612071699,-0.023851777485265575,-0.04699932652449421,-0.04590231905469419,-0.0021858247168902,0.003328147106617437
Americas,2021-05-10,1026782740,0.533424765639768,0.5773479305833735,0.5703323690347923,0.5494593272138475,0.5274595556395015,0.5139687370230689,0.5074740252101104,19.180949284154778,0.4081053039181867,0.4873891822529078
Asia,2021-05-10,4678940019,1.249021945725114,1.8745471682835742,1.8266288915780289,1.478760740404064,0.861493845406284,0.5409522844119635,0.45635172298335697,0.4070008874743374,0.00798040955832034,0.1188028266536323
Africa,2021-05-10,1371693397,0.34453223795715243,0.42306312952424857,0.39103616841142125,0.34453223795715243,0.24419928846820915,0.1902288495521467,0.1737914513290606,5.055270378593068,0.09191400688351034,0.022818510367153134
Europe,2021-05-10,748057173,0.2798672501753621,0.28347337044584064,0.28259326684274955,0.2806296704264084,0.27747547339977535,0.2755708631189451,0.2750439035932813,13.060299323913679,0.26653672089619757,0.3173174572313071
Oceania,2021-05-10,42936804,-0.025350026668466506,0.11584475831590905,0.09456484143993793,0.03857379405468118,-0.025350026668466506,-0.051314687683436645,-0.06554605003569444,-0.31560101390864753,-0.015028619709935596,0.002329004273350201
Americas,2021-05-17,1026782740,0.5371714273377893,0.5749191921200428,0.5720986647026273,0.5502686395873558,0.5268108773601827,0.5113448400706697,0.5083186797671502,18.705716603202497,0.39799397028090416,0.46611623019685744
Asia,2021-05-17,4678940019,1.2737220409784717,1.9343035222974683,1.8727846646824855,1.560806899589635,0.9385421471787754,0.49907651756512084,0.4194532111189023,0.33960833424534614,0.006658986945987179,0.11986533225956278
Africa,2021-05-17,1371693397,0.3381327646332902,0.4066497326487092,0.38934182253833455,0.3381327646332902,0.24403807721706858,0.2000409008454673,0.16236086794079513,5.073600172406938,0.09224727586194434,0.018975669094075255
Europe,2021-05-17,748057173,0.21348002213432424,0.2170435155806287,0.21607296959843514,0.21348002213432424,0.2100001087575119,0.20735879814928948,0.20686666857413025,9.683151037415014,0.1976153272941839,0.2643030601619537
Oceania,2021-05-17,42936804,0.009061339673078171,0.15751961509070744,0.13809095482199843,0.06809500597958418,0.009061339673078171,-0.009736895668076333,-0.01779458447537006,0.13296520913860121,0.006331676625647677,0.005324103768878558
Americas,2021-05-24,1026782740,0.517084034638587,0.5528888379270365,0.5489531445482242,0.5303942743996763,0.505915242093376,0.49105373959907994,0.4852139130781036,17.58251961051221,0.37409616192579176,0.44933682854855933
Asia,2021-05-24,4678940019,1.1768241053224118,1.906097329858655,1.8505482474852295,1.4929594096004122,0.9215749397650072,0.3701630937661077,0.3152018809540258,0.38028054982624354,0.0074564813691420295,0.11801213474799195
Africa,2021-05-24,1371693397,0.34241251360051433,0.4191725969631595,0.40139740956017234,0.34499236746141054,0.2548586352443926,0.20724938620214095,0.1809729750481404,5.479719666595501,0.09963126666537271,0.021964821049583288
Europe,2021-05-24,748057173,0.1695803856215186,0.17537752437120538,0.1735431500893629,0.1695803856215186,0.1656070354146668,0.16309235018922333,0.16158926810462776,7.112536219003764,0.1451538003878319,0.21205411260724585
Oceania,2021-05-24,42936804,-0.011514025122851063,0.1330695888557784,0.10099925041677092,0.04602495077110542,-0.011514025122851063,-0.04146686840829484,-0.05171982995525764,-0.1954243934037757,-0.009305923495417891,0.006653965208961524
Americas,2021-05-31,1026782740,0.5184068373047931,0.5500598537865595,0.5469733499022864,0.5267449863569988,0.5026756484383236,0.48629412100241876,0.4846419562194628,17.472204160527145,0.3717490246920669,0.4610793321282359
Asia,2021-05-31,4678940019,0.9370091259861228,1.8140527191000166,1.7111977315734244,1.447921660904112,0.7398027401788924,0.36940133578512435,0.2862744118800818,0.3904262090537807,0.007655415863799621,0.10310948591794719
Africa,2021-05-31,1371693397,0.35815594700767234,0.4480665130167858,0.42616102154618085,0.35988895893620154,0.2737780486094372,0.21625559126321653,0.19461015660841158,5.802782282564961,0.10550513241027203,0.020392093496386494
Europe,2021-05-31,748057173,0.2008691345030228,0.21186335637391862,0.21019177288884208,0.20389978568779507,0.19588506108097714,0.19094848381406734,0.1893231639007671,8.005730070399121,0.16338224633467593,0.1871897029453389
Oceania,2021-05-31,42936804,-0.017535033758783746,0.10838666410428731,0.08613039239990962,0.038763830142443126,-0.017535033758783746,-0.04725279448041396,-0.05442608530677271,-0.22197504211996727,-0.010570240100950822,0.0019959566622611224
Americas,2021-06-07,1026782740,0.511847005683604,0.54558866866426,0.5397808221939833,0.5220778744886956,0.4984237300386385,0.4817805825616983,0.47872528892714755,17.325901169924986,0.36863619510478696,0.477135309072297
Asia,2021-06-07,4678940019,0.8008779629792989,1.6209900381349092,1.4853102541513503,1.0804408560615812,0.5712720325248801,0.348224677578738,0.29461881298194287,0.4592545848644211,0.00900499186008669,0.0866709977801064
Africa,2021-06-07,1371693397,0.32612405819544354,0.41036472527646023,0.39798058291526967,0.33202650717082177,0.2453746661722127,0.16972690140546834,0.15730393693301337,1.8753670295815903,0.03409758235602892,0.02024628831832162
Europe,2021-06-07,748057173,0.33184879046865656,0.3429420496990463,0.3408986353492068,0.33470125812923457,0.3257466935930569,0.32025838847894395,0.31864634957523025,14.065574667908235,0.28705254424302523,0.15031364454278148
Oceania,2021-06-07,42936804,-0.015163688123750848,0.11591688759571132,0.09244381208796004,0.04314774094395694,-0.015163688123750848,-0.04519921273158472,-0.05362573108210464,-0.22476984724798751,-0.010703326059427976,6.660952221781574e-4
Americas,2021-06-14,1026782740,0.501928693231603,0.536353728454527,0.5334738790678933,0.5146907246231383,0.4905842563265029,0.4756602631084127,0.4711977633765672,17.111090112900126,0.3640657470829814,0.44325676919734736
Asia,2021-06-14,4678940019,0.4763499632769194,0.9335892590850975,0.892022327407382,0.7009809690650125,0.4506326883545366,0.3057804572223055,0.24831183507525148,0.4666976626008947,0.009150934560801858,0.10433072405667015
Africa,2021-06-14,1371693397,0.32772738077335734,0.4202731893956768,0.4064177002101507,0.32888298937741695,0.24926941409501466,0.1700831363740587,0.16153115423465128,1.5849543588430854,0.028817351978965185,0.025172534967010562
Europe,2021-06-14,748057173,0.3726673443511001,0.38455829289848914,0.3835695641213031,0.37738153408303565,0.369785671307668,0.3636115408309571,0.361403555084281,16.48132585007089,0.33635358877695687,0.13845412321178288
Oceania,2021-06-14,42936804,0.0022460396093908113,0.15326884908198268,0.13918880839657413,0.06923497971947609,0.0022460396093908113,-0.009118975436340828,-0.01581385896162279,0.14554183221469438,0.0069305634387949715,3.330476110890787e-4
Americas,2021-06-21,1026782740,0.4896175508960262,0.5170345778711287,0.5134405453416913,0.4994908240587453,0.4778034189905475,0.4618726744962329,0.4588112001313299,16.69181075344789,0.35514490964782736,0.4322379824966672
Asia,2021-06-21,4678940019,0.47310770971676924,0.8832421272954538,0.7983053168334467,0.6483414932059912,0.37856372427199914,0.23648239743167385,0.21602229424551866,0.4712756225475959,0.00924069848132541,0.06337520865748889
Africa,2021-06-21,1371693397,0.3704890592098243,0.4778851528804995,0.45467410818611326,0.38272856628140167,0.28999538127077257,0.2110480418369444,0.19682246414866844,2.689324436128762,0.04889680792961386,0.030744334041581743
Europe,2021-06-21,748057173,0.2888563431040161,0.3019892693012233,0.3000297338690409,0.29360440227472484,0.2860882242566279,0.2811392814876582,0.2791347064922003,13.137959455423415,0.26812162153925334,0.12176328666792958
Oceania,2021-06-21,42936804,-0.03608468900240065,0.10843001495480792,0.09647762190722059,0.028981640200884104,-0.03608468900240065,-0.06100031057586391,-0.08089842201555432,-0.5056477626140197,-0.02407846488638189,0.0036611947177065157
Americas,2021-06-28,1026782740,0.47092028675821734,0.4977188110232931,0.4947145170849198,0.48031475415367664,0.4594017427125313,0.44542265668887127,0.44377061160302395,16.421711188442956,0.3493981103924033,0.39410206681113474
Asia,2021-06-28,4678940019,0.49418340164363433,0.8732645808771272,0.7648590144056497,0.6216168462345436,0.39463943547458297,0.2412594827173565,0.19785480502221767,0.4718984742410248,0.009252911259627938,0.05325082155108516
Africa,2021-06-28,1371693397,0.39624558172698243,0.49483843539940625,0.47682367837070877,0.39804564385344743,0.3113763827183056,0.23018555881931646,0.22042089550440347,3.577746630044782,0.06504993872808694,0.03838860791716707
Europe,2021-06-28,748057173,0.27331877675507477,0.28410813164055865,0.283391349986724,0.2761217244313614,0.2682089566476562,0.26213756897913026,0.26066479562728756,11.557029370701683,0.23585774225921796,0.13346974483192342
Oceania,2021-06-28,42936804,-0.026856482825387495,0.1414857964894853,0.11121911119030627,0.042294775013019384,-0.026856482825387495,-0.060027841501014555,-0.07475950694426343,-0.5210191908181331,-0.024810437658006338,0.003328147106617437
Americas,2021-07-05,1026782740,0.33277734250950153,0.3716656904338613,0.3651115966129726,0.3510463666226082,0.32936763755535253,0.31601498713203985,0.3132452965273783,10.353432787199537,0.2202858039829689,0.3670549623769484
Asia,2021-07-05,4678940019,0.49705427826184523,0.9955766200897631,0.8709494419394099,0.6520131132367005,0.4139594359311437,0.26297066783944884,0.20442210862002574,0.2878963903612854,0.005645027261985988,0.04974874630894472
Africa,2021-07-05,1371693397,0.43025482987018887,0.5842522013691026,0.5507346675882153,0.4598209642009034,0.3399287230668015,0.2649233223390282,0.2533587789289938,4.32124889161989,0.07856816166581619,0.056291515413630006
Europe,2021-07-05,748057173,0.3572141111818995,0.3826407759225298,0.37674069143773536,0.3658244144340657,0.35278665789155356,0.34602750301582885,0.34199460881212634,14.87948622568614,0.30366298419767634,0.13341239627415483
Oceania,2021-07-05,42936804,0.0337111640248217,0.2766692876889273,0.2102808759389253,0.1218895010031036,0.0337111640248217,0.015482998687163308,-0.0014193204342984058,0.05191586042601584,0.0024721838298102784,0.005324103768878559
Americas,2021-07-12,1026782740,0.3780599215851735,0.48719926885079295,0.4782672030522412,0.4248815286766886,0.36580096941637263,0.3365604616521705,0.3263456665522199,8.333669677481549,0.17731212079747974,0.318470390337882
Asia,2021-07-12,4678940019,0.5155156595032585,0.9238033331857717,0.8652501407756246,0.6696723676646692,0.4422770075459789,0.2974516895963578,0.22789893416085738,0.2861303608687303,0.0056103992327202,0.0664192100642528
Africa,2021-07-12,1371693397,0.4874251572436856,0.6480427369968416,0.6263305045429435,0.4966386776443938,0.3730058404557184,0.29802965154281175,0.2599306778130173,5.8941743232726225,0.10716680587768405,0.055812035085563656
Europe,2021-07-12,748057173,0.41723042470026855,0.4454111858276614,0.43980513088200346,0.4286495281073639,0.41139795428971065,0.4011418866833725,0.3973117780084694,17.557638909936138,0.3583191614272681,0.1276070913365869
Oceania,2021-07-12,42936804,0.05383673186953952,0.27921768835320576,0.2359489463219532,0.12744931073737012,0.05383673186953952,0.017500275124125626,0.001092893068267078,-0.030530890850578613,-0.0014538519452656482,0.010978926144572848
Americas,2021-07-19,1026782740,0.37706108691444207,0.46702872304621007,0.4451950278969527,0.4031544471531883,0.34894719991016365,0.3257461086656307,0.32024108790215866,8.2370210496938,0.1752557670147617,0.297113973692234
Asia,2021-07-19,4678940019,0.5122425360584635,0.8638037211745104,0.8340254669659467,0.6624172189066508,0.45643870280481424,0.30757203091435165,0.24091245487092675,0.2888086231504739,0.005662914179421057,0.06434916856753149
Africa,2021-07-19,1371693397,0.4623407533563639,0.6353311700879358,0.6113559652310016,0.4884944532775307,0.36695897459336646,0.2791668536861208,0.27353651117774136,5.503520592614516,0.10006401077480936,0.06476884717408901
Europe,2021-07-19,748057173,0.4317009153852291,0.4602781838259461,0.45666794220423373,0.4431609128233933,0.4246950631890538,0.4125185867774889,0.40948940419119184,18.06645223920046,0.36870310692245833,0.12902021861903862
Oceania,2021-07-19,42936804,0.06669414107554451,0.27215348378366727,0.22525041634730764,0.13128215823216363,0.04876690772895283,0.006959752574213792,-0.01392079006900755,-0.26948672929631556,-0.01283270139506265,0.021960181293419045
Americas,2021-07-26,1026782740,0.3671717967364316,0.4388298740007498,0.4179934889967935,0.3819114067453899,0.3295704133641261,0.2932267287140007,0.2857056789851293,7.265129074998253,0.15457721436166497,0.2729745924634456
Asia,2021-07-26,4678940019,0.5680088348043542,0.9818149458577793,0.8961936399966806,0.7118768956241603,0.4906253722211898,0.3214956367655117,0.24227200312342753,0.2851337981592443,0.005590858787436161,0.08586810225574726
Africa,2021-07-26,1371693397,0.48273018856135236,0.6045739298994116,0.5747371068564525,0.4915291315936493,0.37142401037038025,0.2968165205216432,0.28160485545198755,4.930141729874389,0.08963894054317072,0.06897634719750714
Europe,2021-07-26,748057173,0.4164181586519095,0.45500036425567514,0.4527591392833601,0.43160809935084277,0.4111609909902302,0.3991629021870847,0.39737329126702264,17.342435747031434,0.3539272601434987,0.13495947053768845
Oceania,2021-07-26,42936804,0.0511816450667899,0.31253955884368084,0.24446810184570117,0.13206358918196925,0.04875624279448314,-0.004544905617093913,-0.024941503625808305,0,0,0.0312738693825465
Americas,2021-08-02,1026782740,0.2815760848762655,0.4467251078561464,0.4251521246357962,0.3025622344266515,0.21635468346998765,0.18397678071569779,0.17218819032535415,-2.495317507701147,-0.053091861865981846,0.2820735962117945
Asia,2021-08-02,4678940019,0.6038797908436893,1.0168496088666412,0.9715365442018913,0.7595159189361854,0.49468886098625803,0.30982934257679545,0.26967074036704725,-0.005510199707476855,-1.0804313151915403e-4,0.09184315213594962
Africa,2021-08-02,1371693397,0.45918433021708616,0.5839649188256403,0.5582615803646586,0.47667919733882663,0.34983392390763624,0.2763428419202027,0.26453369907218005,3.5170291880363367,0.0639459852370243,0.06894492618163417
Europe,2021-08-02,748057173,0.3428959383570529,0.42798337960758365,0.41836095643288634,0.3744733070389944,0.2695023732099862,0.21520350242783332,0.20763873579776623,0.423292467101796,0.008638621777587672,0.1451951855022183
Oceania,2021-08-02,42936804,0.11195807309850417,0.3241034163100344,0.2819436512635932,0.16345032957608874,0.06911016538776533,0.012967504740904861,-0.002872763038322871,0,0,0.02063031985333608
Americas,2021-08-09,1026782740,0.5470427715253932,0.6512984636863899,0.6016076081630389,0.5470427715253932,0.3790147100991445,0.31578846726145254,0.3034365547986394,0.1525617083693205,0.003245993795091926,0.27819215192495345
Asia,2021-08-09,4678940019,0.5624224964439348,1.0176427265915735,0.9792625789597598,0.757557431417613,0.4984427654747197,0.3099540108282252,0.24275557780628235,0,0,0.09974177871588569
Africa,2021-08-09,1371693397,0.43078393562174105,0.5651130017753568,0.5511578654615604,0.44491150172969984,0.3319738023331663,0.2599631507385312,0.2484788802937475,3.093152706090589,0.05623914011073799,0.06638298339785621
Europe,2021-08-09,748057173,0.3131884660610309,0.45009921496316957,0.40950210384660574,0.3514506963594778,0.2490108714904362,0.17594662622940238,0.15646047352883966,0.011659116051619803,2.3794114391060818e-4,0.1537506812998637
Oceania,2021-08-09,42936804,0.09844805772037873,0.3398174290650964,0.2683584377783804,0.16444447317466174,0.06872460235121615,0.018551033790541804,0.013184473084137371,0,0,0.026948908446935173
Americas,2021-08-16,1026782740,0.6716921705228465,0.7966981726890774,0.7328981217435572,0.6716921705228465,0.4434340169142155,0.3635150993284947,0.32039945164020156,0,0,0.2736564309602633
Asia,2021-08-16,4678940019,0.5696104595985001,1.0034565366951678,0.9653423993319699,0.7781237565951602,0.48516924576118003,0.30452133713155,0.23603541159347435,0,0,0.10338431312128346
Africa,2021-08-16,1371693397,0.4144873272224406,0.5491401166430694,0.5196273167398098,0.4367055795971944,0.29252800212975355,0.20599641378783584,0.18597247262191294,0,0,0.06453971433676005
Europe,2021-08-16,748057173,0.4310510942415547,0.5313242407478601,0.5007757068537949,0.4310510942415547,0.2648113326757231,0.20109750948294428,0.16326189903281296,0,0,0.16368120568773695
Oceania,2021-08-16,42936804,0.09880601270686654,0.3519467805107923,0.2760712164436651,0.15393280098796694,0.0540528240522563,0.00989833288666719,-0.010588678542923304,0,0,0.03360520266017005
Americas,2021-08-23,1026782740,0.6788006647610725,0.8843515888224422,0.8082127010759259,0.6788006647610725,0.46078431813112314,0.3500371521180166,0.32561111929452535,0,0,0.315479299934473
Asia,2021-08-23,4678940019,0.5332043123362713,0.9638051815025264,0.9085224963236234,0.7480961314198792,0.46520195687623267,0.28856830417134544,0.23351012618194075,0,0,0.09719543275897678
Africa,2021-08-23,1371693397,0.46909949235935144,0.6933663299506041,0.6668711662978773,0.5166877175631132,0.34246248405141794,0.23278380541127644,0.2051116928731482,0,0,0.05757241390292994
Europe,2021-08-23,748057173,0.2999028810746528,0.5210036405729225,0.5029609765933396,0.37549663535685474,0.2563017375709087,0.1737509330564653,0.15062904268928076,0,0,0.18482183580371872
Oceania,2021-08-23,42936804,0.09363485938811572,0.28481512575406015,0.2378868845705145,0.14031000896175333,0.054592311285823744,0.007081621833325206,-0.004381370782356835,0,0,0.02229322890450812
Americas,2021-08-30,1026782740,0.7047523305378731,0.9449656184920281,0.8176283569665856,0.7047523305378731,0.4557326142097963,0.33767088164878073,0.3271100452622665,0,0,0.32680428578298854
Asia,2021-08-30,4678940019,0.5153724680042654,0.9004399405677387,0.8467133022075625,0.6886755949366257,0.44008394163563713,0.2543813323088348,0.20615219483021827,0,0,0.08907694869084408
Africa,2021-08-30,1371693397,0.4080119594489296,0.5345828294047945,0.5142544505513308,0.4332996563942026,0.28875806250287217,0.19508787149215126,0.16281635153809076,0,0,0.05770750240040705
Europe,2021-08-30,748057173,0.27970387473127756,0.5204119191987125,0.49832773429340776,0.3753481767389625,0.25481345506687275,0.16550296469768613,0.12608979787014413,0,0,0.1990680731030167
Oceania,2021-08-30,42936804,0.05892628644673316,0.2250973946228579,0.2113491441135179,0.13119346118292186,0.04967370335612967,0.0019210067067234279,-0.013035247855119931,0,0,0.02229322890450812
Americas,2021-09-04,1026782740,0.7028892459205187,0.9366548232331732,0.8116990536804565,0.7028892459205187,0.46317663266252773,0.3493268630680169,0.3363652314352704,0,0,0.34201159244262325
Asia,2021-09-04,4678940019,0.5064110471866969,0.8888749489536143,0.8460233210193728,0.6855894158331897,0.43367470416754217,0.25611855780708315,0.1995253561924013,0,0,0.07896166621066489
Africa,2021-09-04,1371693397,0.3939837555821464,0.5072336979269534,0.48690581721924675,0.40232006434175677,0.2761780888800421,0.17398593282189287,0.14188782087195706,0,0,0.04934484641249607
Europe,2021-09-04,748057173,0.273863783393375,0.5257560149279015,0.4984450738270877,0.3820501991389263,0.259300180887784,0.17482270901137775,0.12953471455414775,0,0,0.2043195433673089
Oceania,2021-09-04,42936804,0.05694762766848621,0.2252396825266331,0.20088857432799637,0.12581996941286802,0.04438516897040205,-0.0028919163296410757,-0.02053687144193694,0,0,0.02395613795568017
