continent,date,population,estimated_daily_excess_deaths,estimated_daily_excess_deaths_ci_95_top,estimated_daily_excess_deaths_ci_90_top,estimated_daily_excess_deaths_ci_50_top,estimated_daily_excess_deaths_ci_50_bot,estimated_daily_excess_deaths_ci_90_bot,estimated_daily_excess_deaths_ci_95_bot,estimated_daily_excess_deaths_raw_estimate,daily_excess_deaths,daily_covid_deaths
Americas,2020-01-01,1026782740,-3.3925253479200115,12.958807515825988,7.878725896362585,0.728079696842414,-5.222779440723483,-9.306678178517195,-10.881518309685791,0,0,0
Asia,2020-01-01,4679006159,-816.5559199049833,-554.5811329239139,-591.20174008361,-816.5559199049833,-1131.027797222368,-1298.3370091155641,-1392.4767379248392,-51455.88887799316,-1008.938997607709,0
Africa,2020-01-01,1371693397,207.92335266337375,611.6668821404825,505.7772057197597,212.63607959113205,-16.709697624081656,-163.44738131866188,-261.6968921756884,0,0,0
Europe,2020-01-01,748121993,-0.05565513592514085,0.16313230454870958,0.11934921800574023,0.01979519654160057,-0.05654612644085968,-0.12141062657004084,-0.15468363427751972,0,0,0
Oceania,2020-01-01,43198762,-4.246515786128415,7.48378302435427,4.142328300467802,0.35894055409989867,-4.246515786128415,-7.663559761075777,-9.787494376338698,0,0,0
Americas,2020-01-06,1026782740,-2.125373407076093,14.175358925589247,9.956323864349525,1.7333677458432712,-6.561453528999029,-11.966838738230605,-13.73122124069075,0,0,0
Asia,2020-01-06,4679006159,-814.5110917227341,-544.3114507277464,-597.5946557588985,-803.5601516582085,-1120.2103377351455,-1290.9188395436195,-1376.463093664593,-51455.88887799316,-1008.938997607709,0
Africa,2020-01-06,1371693397,207.10126579589544,619.920600381973,504.91223854688843,207.6795916773355,-13.185958573849344,-162.177034570073,-211.52561697389805,0,0,0
Europe,2020-01-06,748121993,-0.05565513592514085,0.16313230454870958,0.11934921800574023,0.01979650509120057,-0.056545830688439686,-0.12141062657004084,-0.15468363427751972,0,0,0
Oceania,2020-01-06,43198762,-4.247199670888895,6.853899635445829,4.077966230295824,0.20021921357548775,-4.247199670888895,-7.7046954194041,-10.01644068749649,0,0,0
Americas,2020-01-13,1026782740,5.135972806732745,69.98368702736069,59.85973037808496,20.449761615687592,-1.2341556867854728,-13.069307342332882,-15.026537689034107,0,0,0
Asia,2020-01-13,4679006159,-1028.0708373345701,-771.7879926369235,-841.2757638145046,-1028.0708373345701,-1380.9197009391448,-1561.59289338172,-1610.2438646819771,-64101.59927249069,-1256.8941033821704,0
Africa,2020-01-13,1371693397,207.10126579589544,614.0404753314216,505.4731444722012,209.52632258810166,-14.121179791106842,-165.85802450120923,-204.97061111581732,0,0,0
Europe,2020-01-13,748121993,-0.05565513592514085,0.16313230454870958,0.11934921800574023,0.016831851075679895,-0.05654525344085968,-0.12141062657004084,-0.15468363427751972,0,0,0
Oceania,2020-01-13,43198762,-4.247199670888895,6.796221372611118,3.7742588557108045,0.27858292194811257,-4.247199670888895,-8.012089352940684,-10.120604134170838,0,0,0
Americas,2020-01-20,1026782740,-4.1637545939732545,11.21003013631347,7.932474147253531,-0.1512362123927921,-8.709637721364244,-15.384186191220069,-20.217968942012686,0,0,0
Asia,2020-01-20,4679006159,-1385.8857630860773,-892.4148362505493,-1011.127826582194,-1282.9614869435795,-1689.1415204460948,-1905.55463622456,-2071.775488722337,-79193.31596759985,-1552.8101170117616,0
Africa,2020-01-20,1371693397,170.4504169662195,780.4317604604063,698.4688675429339,332.00795586080784,13.844600827336675,-202.68970654667598,-269.53743428851277,0,0,0
Europe,2020-01-20,748121993,-0.1463703920132612,0.13938110072418064,0.1033534341927898,-0.004212864492180129,-0.1463703920132612,-0.24729970456224112,-0.2749778099096394,0,0,0
Oceania,2020-01-20,43198762,-4.282467503239754,8.619336008194676,5.4949827578589545,0.4424147981566428,-4.282467503239754,-8.163384582773032,-10.467452484672583,0,0,0
Americas,2020-01-27,1026782740,-248.3040856212523,-230.226830056594,-233.26674594948844,-242.60304617699828,-253.39349270027498,-260.05539125436025,-262.17196804117776,-11492.898931634076,-244.52976450285266,0
Asia,2020-01-27,4679006159,-608.9983699599105,570.3705610153617,205.5527584448129,-295.22268212845677,-1122.817064882954,-1661.884574063445,-1755.0633093312274,-46568.428702570796,-913.1064451484469,0
Africa,2020-01-27,1371693397,205.89095436590551,744.4068024235083,680.8798038576543,337.6796124965519,27.20730694811627,-199.81334559217922,-242.57252988453754,-1295.369321258333,-23.552169477424236,0
Europe,2020-01-27,748121993,-890.004180529044,-889.6199723549752,-889.6765146253434,-889.8298378810301,-890.0078141057053,-890.1519540741878,-890.1972075266494,-43598.49220622413,-889.7651470657986,0
Oceania,2020-01-27,43198762,-5.720603895369909,7.628045941246955,4.770521936193306,-1.1356507701674725,-6.736447439338857,-12.319215101150784,-13.563348243931298,-33.49055315627468,-1.5947882455368896,0
Americas,2020-02-03,1026782740,-65.06546149482391,-44.77427981824164,-48.493407800485834,-58.75141339372218,-73.95610903026163,-82.00367975786902,-83.52686675350931,-3166.482347070508,-67.3719648312874,0
Asia,2020-02-03,4679006159,882.309884013569,1943.8312124439585,1847.5845102843964,1129.2300483741158,160.64989961864816,-464.9204223586196,-895.7712989033088,32704.868879558326,641.2719388148691,49
Africa,2020-02-03,1371693397,349.48512447218263,755.511357816842,640.3856675880569,349.48512447218263,69.7620429131318,-94.40110624797487,-239.28317712116745,5236.010320142147,95.20018763894812,0
Europe,2020-02-03,748121993,-1012.936105813896,-1012.3739937933152,-1012.4501628593846,-1012.6430995813221,-1012.936105813896,-1013.0134099883787,-1013.0514949937095,-49616.455990056515,-1012.5807344909492,0
Oceania,2020-02-03,43198762,-5.302603674894533,8.137586575948664,5.683845619224411,0.060939078871257824,-6.034844976817897,-11.050819162594077,-12.82344163197207,-24.73332290043529,-1.177777280973109,0
Americas,2020-02-10,1026782740,-143.6771650602205,-107.09630075602915,-114.31996328351923,-128.9581032428657,-149.12161376645275,-161.22474014612888,-162.6384557434071,-6701.441870879888,-142.5838695931891,0
Asia,2020-02-10,4679006159,-819.852607053407,167.71783555850277,33.144791182485804,-513.2984187857222,-1399.9847256669552,-2134.1521127749647,-2391.8593531032866,-47055.924376008596,-922.6651838433057,83.857
Africa,2020-02-10,1371693397,189.4202400781543,838.3702895084822,669.4955108028068,337.22517102673174,-47.08693860615004,-290.59412097702926,-357.9399900667169,1898.0341296659888,34.50971144847252,0
Europe,2020-02-10,748121993,-892.9955031797535,-892.5402187594844,-892.609840123068,-892.8740918720249,-893.0505869706403,-893.2181754620092,-893.2586641979896,-43748.12265672345,-892.81882972905,0
Oceania,2020-02-10,43198762,8.594342709844097,20.619897547966044,17.820071265268975,14.036002720952153,7.613186070879624,3.0513668308589463,1.0376909284605462,268.7666770995638,12.798413195217325,0
Americas,2020-02-17,1026782740,-84.7029539119681,-47.5438703429515,-58.23305951109379,-73.63045929034786,-99.46856820225902,-114.55218225566816,-119.4550884183811,-4134.682347069892,-87.97196483127429,0
Asia,2020-02-17,4679006159,-1649.3506051377497,-370.69825893965674,-591.4566926662525,-1155.7855597205605,-2329.047950084048,-3115.515390881529,-3298.791856013272,-86094.3024452039,-1688.1235773569392,122
Africa,2020-02-17,1371693397,210.51703381139754,841.9553008282164,770.2982785968387,389.19842209949053,-25.40562202718684,-305.765362559221,-404.2128096637664,1898.0341296659822,34.5097114484724,0
Europe,2020-02-17,748121993,-1282.317914126957,-1281.7291148564211,-1281.8266389083753,-1282.0205061356874,-1282.317914126957,-1282.4127789970855,-1282.4955327996968,-62816.12265672343,-1281.9616868719067,0.143
Oceania,2020-02-17,43198762,4.853486466524748,16.67847277988481,15.863796005680586,10.605255126318092,4.009110275385412,-0.11081779158266784,-1.169635058043836,184.76667709956473,8.798413195217368,0
Americas,2020-02-24,1026782740,-25.46324523817123,5.997535820809657,0.48540751908775975,-17.498529971156863,-39.12324170625711,-55.59133404848828,-60.224002503578106,-1132.9023971920656,-24.104306323235438,0
Asia,2020-02-24,4679006159,-1603.6814726900147,-402.7134425481044,-513.5915838756312,-1349.011313690243,-2501.306217118046,-3531.077421166365,-4271.61118047608,-76182.27013990248,-1493.7700027431858,107.429
Africa,2020-02-24,1371693397,-66.37324222192767,505.50118799359063,413.7968649775076,-66.37324222192767,-728.578506219233,-1211.098819631838,-1636.007777317176,-4338.251181068414,-78.87729420124388,0
Europe,2020-02-24,748121993,-1217.8929267472276,-1217.2958108678986,-1217.3408398172733,-1217.6001797035756,-1217.8929267472276,-1218.019864063602,-1218.0752868989075,-59659.2222494191,-1217.5351479473286,1
Oceania,2020-02-24,43198762,10.779907360469204,23.03490336847956,20.934566254120444,16.778104098590276,9.52706586071111,4.643731698598481,3.44563346257996,314.36737934672215,14.969875206986769,0
Americas,2020-03-02,1026782740,252.53879913380757,277.48614611128886,273.1116928535908,254.75798045831735,224.0038884096458,192.4623649760336,185.02085773433237,11460.074702961336,243.83137665875182,0.857
Asia,2020-03-02,4679006159,-3115.4600527796997,-2867.8194944762145,-3021.603196104027,-3115.4600527796997,-4895.431090166861,-5933.961485095035,-6376.439641672695,-127456.41709113712,-2499.1454331595514,56.856
Africa,2020-03-02,1371693397,361.2255686426676,2096.4229129176265,1816.8787715088522,949.7932749035309,-116.85958171444933,-1170.579017473725,-1322.7857896099063,7632.077551817193,138.76504639667624,0
Europe,2020-03-02,748121993,-842.0892935242493,-841.5867014878654,-841.6965470433776,-841.9085120615327,-842.1264865050059,-842.305044424135,-842.3342236122253,-41250.90613133897,-841.855227170183,6.715
Oceania,2020-03-02,43198762,-3.7301420887587673,6.956821704513366,5.579216952258674,0.3726654663612435,-5.5474984017312705,-10.20733937276202,-11.410995072145987,6.630691051087375,0.3157471929089226,0.143
Americas,2020-03-09,1026782740,219.22564408379782,258.02589367793166,252.7538675062462,226.82515362021374,188.6846194623946,161.05531500856407,148.40138677133976,9948.017560103859,211.65994808731614,2.572
Asia,2020-03-09,4679006159,-875.7666658231466,173.4697348048739,-90.35409512486785,-875.7666658231466,-2587.946489777097,-3443.188854218179,-3695.01642059155,-32706.149201612978,-641.2970431688819,59.285
Africa,2020-03-09,1371693397,12.811107540735954,713.0284097492118,556.9573739517251,12.811107540735954,-717.0828951238991,-1483.7773791420523,-1737.3216390457196,6024.506123245695,109.53647496810353,0.143
Europe,2020-03-09,748121993,490.1472127901613,490.6121786272032,490.53891612445915,490.2549835047236,490.07726078328534,489.91944095739603,489.8687354094441,24022.69386866088,490.2590585440996,67.28699999999999
Oceania,2020-03-09,43198762,-2.4444518462740836,7.364261922154607,5.198384876292856,1.5504795159639322,-4.279962498739591,-9.20259207918487,-10.991114435457462,39.630691051087844,1.8871757643375164,0.286
Americas,2020-03-16,1026782740,255.86839431362458,293.4436202395583,287.3707639290197,258.33560357804953,225.96501962307266,194.16887682139398,184.5683655124281,12687.33422677105,269.94328142066064,12.144
Asia,2020-03-16,4679006159,-625.5666949870309,123.3089228452249,-28.868721993592988,-625.5666949870309,-2652.6789615254656,-3767.9013457011833,-4114.990536427832,-47149.042989507885,-924.4910390099585,111.286
Africa,2020-03-16,1371693397,101.06225054134869,790.3639856672322,514.0753681870176,101.06225054134869,-1014.5039052863425,-1690.4704892003285,-2105.269411059347,4856.934694674318,88.30790353953306,0.857
Europe,2020-03-16,748121993,2339.8551029511277,2340.3076979904367,2340.261219872558,2339.987795306618,2339.773080349607,2339.6235488639727,2339.501463625093,114655.89386866172,2339.9162014012595,329.43
Oceania,2020-03-16,43198762,11.62112345860891,20.747491961114214,18.54800332912147,15.104135915508751,9.393561022990587,4.616430911768607,3.4216160219386778,327.0306910510844,15.572890050051637,0
Americas,2020-03-23,1026782740,1315.1504114978013,1386.5535072966509,1380.7224449553005,1335.370386813378,1291.78857935454,1258.4001699650046,1241.1706863476788,63279.25327439061,1346.367090944481,118.144
Asia,2020-03-23,4679006159,142.69146441176176,577.662904497013,397.15998543260116,142.69146441176176,-1884.4468815275336,-3601.863088510529,-4381.223298463616,33510.51293891832,657.0688811552612,174.431
Africa,2020-03-23,1371693397,-128.64710775329598,139.67684692334566,-15.933895063278332,-128.64710775329598,-1391.790010067265,-2258.4961226945475,-2671.757048420751,1423.3632661028976,25.879332110961773,6.859
Europe,2020-03-23,748121993,4397.5025169929195,4397.967004375722,4397.911802281798,4397.636529081659,4397.410127525891,4397.261839596504,4397.177831464768,215479.97386866124,4397.550487115535,1086.7169999999999
Oceania,2020-03-23,43198762,22.05309123206522,32.971607939840275,29.379462176502418,24.845730171839477,16.41174372063409,11.369994577850546,7.686359070609607,496.8306910510851,23.658604335765958,0.571
Americas,2020-03-30,1026782740,3234.760627935151,3295.0563122722315,3277.953674174251,3234.760627935151,3166.0325779652517,3127.9156194847633,3119.0669736735067,151023.77708391432,3213.2718528492405,566.428
Asia,2020-03-30,4679006159,-1991.813231334937,-72.94200888445813,-361.8885213936219,-1991.813231334937,-3967.8306210407895,-5781.303134456939,-6374.434415714414,-15169.603947875283,-297.4432146642212,210.005
Africa,2020-03-30,1371693397,-350.42339520276676,305.8490664219822,-187.21182601982008,-350.42339520276676,-1695.1559878628807,-2433.383724912802,-2775.189096222583,-2717.351019611442,-49.40638217475349,16.573999999999998
Europe,2020-03-30,748121993,6083.667164428398,6084.203479725676,6084.15451867686,6083.907929245644,6083.630195437292,6083.4266009381845,6083.364330266291,298104.89386866137,6083.773344258396,2498.428
Oceania,2020-03-30,43198762,35.18038353452176,47.173527595877374,44.30127307489604,37.42971579356289,29.55766394038851,24.82643767648342,19.70428584401637,780.6306910510853,37.17289005005168,1.572
Americas,2020-04-06,1026782740,4399.130300906029,4457.007659706166,4439.620191782393,4399.130300906029,4311.076249235636,4263.221444508898,4250.0808741976525,205806.81825134883,4378.868473432954,1677.5720000000001
Asia,2020-04-06,4679006159,-1261.198288643794,1339.5686331588738,-8.598564962053597,-1261.198288643794,-3640.3079533840564,-5237.861006645551,-5792.3846856210685,-17177.88523819776,-336.8212791803482,292.718
Africa,2020-04-06,1371693397,-333.7754754243668,271.2315230294952,-333.7754754243668,-333.7754754243668,-1777.1091451217696,-2458.6129506075367,-2866.578192743456,-6765.094183973917,-123.0017124358894,44.86
Europe,2020-04-06,748121993,5996.965379721868,5997.527591311743,5997.491466952867,5997.2301935403875,5996.94465357702,5996.665278262764,5996.568610743043,293856.9175245756,5997.079949481135,3691.715
Oceania,2020-04-06,43198762,20.68434695073478,33.64163450853213,29.876054038666048,24.50430015636622,16.472128992739282,11.833326001385595,8.11246348125739,504.2455297607622,24.01169189336963,3.286
Americas,2020-04-13,1026782740,4274.286555428089,4347.108801661152,4331.95901437004,4274.286555428089,4192.150716557336,4155.691799794448,4140.620319323439,200275.3658703968,4261.177997242486,2557.861
Asia,2020-04-13,4679006159,-1251.7364982270662,1004.5614125437938,-273.61677396291617,-1251.7364982270662,-3663.398121667416,-5164.215905374767,-5812.7715628546775,-20513.86809534063,-402.23270775177707,345.431
Africa,2020-04-13,1371693397,121.29019790912422,309.7581560740194,121.29019790912422,121.29019790912422,-1750.9962146726286,-2452.161495290075,-2785.7374321137904,-8114.951326831046,-147.5445695787463,49.433
Europe,2020-04-13,748121993,5084.850345260059,5085.411224183524,5085.359464316363,5085.132510069331,5084.8433366171375,5084.509309022067,5084.444922961704,249163.3175245752,5084.96566376684,3995.718
Oceania,2020-04-13,43198762,-0.7884079582265934,13.731790177630641,9.991064927957867,3.954967348741462,-3.9946764781835187,-8.68752895530217,-12.174756838901892,84.24552976076227,4.0116918933696315,3.5709999999999997
Americas,2020-04-20,1026782740,4203.484647012641,4277.592332768433,4264.030116899955,4203.906705886038,4126.137170612882,4088.3573235558542,4081.354622131604,197010.65634658904,4191.716092480618,2820.717
Asia,2020-04-20,4679006159,-1217.025551459796,298.76181783386323,-456.84982989938277,-1217.025551459796,-4006.1495909263126,-5507.450290470023,-6206.706414925061,-28474.093809626334,-558.315564894634,542.86
Africa,2020-04-20,1371693397,132.84491217844592,779.4646032253056,289.5416768143122,132.84491217844592,-1889.9299292916296,-2691.431786590631,-2904.9677600462223,-11757.52275540249,-213.773141007318,46.573
Europe,2020-04-20,748121993,3615.603200977703,3616.1367253968615,3616.098389918363,3615.8355455280957,3615.559475272174,3615.2768184175334,3615.201521476881,177169.7175245749,3615.7085209096917,3611.287
Oceania,2020-04-20,43198762,2.6135764703238937,17.663801736117854,13.520102083707544,7.387415200975348,-0.7622353497237888,-5.335626608035506,-8.635758528305615,153.84552976076316,7.325977607655389,1.857
Americas,2020-04-27,1026782740,3805.561066924085,3872.367088162697,3863.946983680699,3816.284833335794,3733.5306952242813,3697.654582649441,3673.8261489315723,178083.86825134803,3789.018473432937,2924.144
Asia,2020-04-27,4679006159,-1187.0969711985313,690.1001758925137,-266.30376082358566,-1187.0969711985313,-3682.741412257492,-5126.026341182711,-6300.117137864604,-25712.37095248339,-504.1641363232037,352.574
Africa,2020-04-27,1371693397,146.05306842801633,918.6493692115577,257.1526211108526,146.05306842801633,-1909.5268258363083,-2705.9322407653913,-2950.8445114425253,-15253.951326831058,-277.34456957874653,43.286
Europe,2020-04-27,748121993,2289.475123219276,2290.0434725874943,2289.98833318985,2289.733028791925,2289.4659509216012,2289.2348534549587,2289.2052290966926,112189.69752457575,2289.585663766852,2876.572
Oceania,2020-04-27,43198762,-25.273902480680746,-9.278737516524835,-12.332363935131603,-21.280513989603985,-30.683597473968824,-38.92251615992067,-42.195224934749604,-335.754470239241,-15.988308106630525,3.286
Americas,2020-05-04,1026782740,4773.408655251237,4845.0324156995375,4832.174014226873,4789.536580136774,4715.050840968763,4666.630363455627,4642.845598942232,222670.2305401375,4737.664479577394,3137.716
Asia,2020-05-04,4679006159,1748.5484625749962,4196.879862819208,3328.013686313059,1862.5542793780678,169.26782076592514,-1270.3859629314813,-1815.0943727850897,-9569.625330363606,-187.63971236007072,358.431
Africa,2020-05-04,1371693397,640.5741671487408,1111.2592390167829,916.3596315702825,640.5741671487408,-1366.1386776552085,-2198.0239625298796,-2476.9506538858936,12214.160501125934,222.07564547501698,54.287
Europe,2020-05-04,748121993,1721.9783395052991,1722.44450679626,1722.3991458992612,1722.1418319336753,1721.9113162310985,1721.7621951637443,1721.7137773314425,84379.91386866165,1722.0390585441153,2096.86
Oceania,2020-05-04,43198762,-9.915671231338866,2.4027206900715172,-0.08000243590850731,-6.836182294726978,-14.275297523553895,-22.227797968230202,-25.46798038185572,-93.68543798117591,-4.461211332436948,2
Americas,2020-05-11,1026782740,4681.922756455304,4766.454793027239,4750.656908612304,4709.60099430086,4634.771307720627,4586.509933380499,4558.220874452571,219086.48054013753,4661.414479577395,3242.571
Asia,2020-05-11,4679006159,2014.2225627554653,4997.557595061431,4158.112709783891,2692.9467825112524,774.4002819386711,-1024.1471075777824,-1503.0088153173385,-10711.588187506464,-210.0311409314993,347.716
Africa,2020-05-11,1371693397,697.4426464136517,1191.844185864734,961.6316096680134,697.4426464136517,-1256.0365443485457,-2146.406224315094,-2376.9701565107916,12902.446215411655,234.58993118930283,71.717
Europe,2020-05-11,748121993,1739.6072295315441,1740.0890705498218,1740.032409521548,1739.7903522474628,1739.5387285718678,1739.361636096313,1739.3023657556805,85243.71386866175,1739.667629972689,1648.287
Oceania,2020-05-11,43198762,-28.353247799913262,-15.40725672808759,-17.28069135186704,-24.905640773468807,-33.6522885363884,-41.740908371606416,-44.11282446200077,-431.48543798117674,-20.546925618151274,0.286
Americas,2020-05-18,1026782740,4565.76348885995,4633.49137833164,4615.59897868491,4565.76348885995,4480.769336413959,4433.1998029845,4419.212052679864,211562.56387346768,4501.331146243993,3220.86
Asia,2020-05-18,4679006159,3761.7374771669965,7517.235237071778,6017.521129872785,3761.7374771669965,1564.5439947584437,-534.9086172362394,-879.8146296721791,-7700.111044649365,-150.98256950292873,373
Africa,2020-05-18,1371693397,725.8594694422875,1323.5102196846665,1042.9436793757266,725.8594694422875,-1111.2218537204749,-1837.1397108451642,-2302.7037866676405,15385.303358268815,279.7327883321603,69.573
Europe,2020-05-18,748121993,1301.3512833521468,1301.8500075756015,1301.7873393814207,1301.535693803469,1301.3004713925664,1301.1578263278332,1301.073908456711,63769.11386866128,1301.4104871155364,1315.717
Oceania,2020-05-18,43198762,-27.57541215932658,-14.121495387482303,-15.565664879591363,-23.92992609362639,-32.53428182201959,-41.49283437950489,-43.31704619937586,-403.2854379811738,-19.20406847529399,0.286
Americas,2020-05-25,1026782740,4469.350387404213,4535.649077310102,4526.336145880893,4477.793560091668,4398.340051338465,4355.768964520882,4347.167650546647,207198.9495877536,4408.48828910114,3178.1440000000002
Asia,2020-05-25,4679006159,6322.22007389754,13406.598427305065,12063.815014632582,6322.22007389754,2219.7722580653576,-310.57716162965914,-530.6614156720636,-12375.64533036368,-242.65971236007218,381.715
Africa,2020-05-25,1371693397,2041.5990570474648,2041.5990570474648,2041.5990570474648,2041.5990570474648,-967.9750680176152,-1788.3653096572943,-1993.6413514681587,13700.731929697411,249.10421690358928,92.573
Europe,2020-05-25,748121993,955.9229746157001,956.4384919207353,956.3617569429028,956.1251600685531,955.8754575510632,955.6809503317647,955.6296828996961,46843.95386866092,955.9990585441004,697.86
Oceania,2020-05-25,43198762,-37.97621116931176,-21.209666606948545,-25.42382005053723,-33.82474962865951,-42.830865417760535,-50.52223833862192,-52.33776721019976,-593.4854379811723,-28.261211332436776,0.429
Americas,2020-06-01,1026782740,4310.037053012692,4409.821378174611,4383.563705808965,4321.5581757488735,4243.5283459887305,4192.857147020844,4176.309762378298,197028.8520608725,4192.103235337713,3056.286
Asia,2020-06-01,4679006159,8046.750714835487,14534.338255407352,12608.168459123654,9257.345387192692,4893.797035476988,2132.2163641712577,1123.6393457110614,17257.946190373616,338.3911017720317,499.858
Africa,2020-06-01,1371693397,1680.9856421870777,2490.5432432305665,2246.6152493316954,1680.9856421870777,16.23475437526698,-790.0377173511029,-1080.4480753109056,56989.85819697851,1036.1792399450637,123.431
Europe,2020-06-01,748121993,1432.504734366877,1433.0116639977143,1432.9285462893954,1432.6852440588284,1432.4532338015683,1432.274615911612,1432.1638664787226,70196.79085790832,1432.5875685287413,786.718
Oceania,2020-06-01,43198762,-49.49511897329323,-35.30100910973298,-38.49626192608308,-46.65340187023487,-55.36234703735483,-63.04414381825813,-64.1713565257088,-867.4744702392344,-41.30830810663021,0.143
Americas,2020-06-08,1026782740,4442.211105061697,4519.794573895687,4499.859007039338,4449.622484641094,4357.604563967043,4297.172145407937,4285.639179790592,201029.8949180179,4277.231806766338,3345.286
Asia,2020-06-08,4679006159,7151.836917234484,14580.8910508857,13927.15699408197,9840.821790711272,5683.630976686589,3024.9665541726154,1736.558120878087,19929.61761894505,390.77681605774603,627.5749999999999
Africa,2020-06-08,1371693397,3101.41887830372,3101.41887830372,3101.41887830372,3101.41887830372,154.26967187544082,-644.6069203118108,-1151.0718181592526,60920.001054121385,1107.636382802207,145.715
Europe,2020-06-08,748121993,1319.5597668163641,1320.0751666618935,1319.9876687808794,1319.7158377216958,1319.4761888485511,1319.311020976355,1319.1931027713638,64661.190857908405,1319.6161399573143,609.43
Oceania,2020-06-08,43198762,-40.52743043715395,-27.454837337197763,-29.886262461214603,-37.23225059991115,-46.25709073084741,-53.281149248220686,-55.841533368660734,-680.2744702392374,-32.39402239234464,0
Americas,2020-06-15,1026782740,4481.323461584049,4568.19557358455,4560.799660813794,4495.700452741855,4403.68555689284,4338.559572578889,4326.816241881856,202460.59729896946,4307.672282956797,3160.286
Asia,2020-06-15,4679006159,9520.349383107596,14267.182977291446,13546.411353043062,10737.076817860663,6833.136496698687,3961.853974591625,3436.849759012275,14827.869047516439,290.7425303434596,786.999
Africa,2020-06-15,1371693397,3476.0263227511746,3775.8256443899013,3581.564689589622,3476.0263227511746,1238.3926568385202,568.5093261481895,234.11073887672856,73260.42962555001,1332.0078113736365,199.715
Europe,2020-06-15,748121993,991.0175967681841,991.5259920680759,991.4315207449004,991.1750051122127,990.9351351049813,990.7654554768646,990.6933049455828,48562.59085790784,991.0732828144456,491.146
Oceania,2020-06-15,43198762,-55.792131079466955,-40.36179458132245,-42.88893867366385,-51.98021580756228,-61.23894137677733,-68.96120888862492,-71.95941350312934,-988.6744702392305,-47.079736678058595,0
Americas,2020-06-22,1026782740,4588.561701729413,4693.500440554634,4671.615170955795,4618.827783959472,4526.238767718001,4470.471784737522,4442.283793428734,206993.29967992,4404.112759147234,3358.859
Asia,2020-06-22,4679006159,9437.392914469568,15477.993622997372,14636.556279948198,11254.249250579203,7277.124744619359,4935.895026724574,4087.078198997931,25846.566954826558,506.7954304867953,1128
Africa,2020-06-22,1371693397,3545.4129936311374,3895.5546075520856,3742.761191898,3545.4129936311374,1484.3428494910515,858.2776299099341,656.7826169554924,78207.28676840714,1421.9506685164934,225.288
Europe,2020-06-22,748121993,1553.056760946691,1553.537415995383,1553.456007136745,1553.2183973066624,1552.9810235523983,1552.8384646423158,1552.7067317190451,76102.41085790841,1553.1104256716003,604.283
Oceania,2020-06-22,43198762,-64.07561464061698,-47.16347314161289,-50.02211145688261,-60.770186611169905,-69.56000570421858,-77.07428216626795,-80.97290981701674,-1162.674470239234,-55.36545096377306,0
Americas,2020-06-29,1026782740,4807.462591418849,4971.081245001287,4939.046075878418,4860.321654099704,4758.376644428769,4700.117611705199,4679.230909461301,217004.8592037296,4617.1246639091405,3232.431
Asia,2020-06-29,4679006159,9511.295756120031,16249.75859736386,15350.06581895108,11846.060446983876,7889.64873744723,5558.595660005419,4953.97282664435,22494.99266911229,441.0782876296527,958.857
Africa,2020-06-29,1371693397,3635.7374263624793,4142.202742636126,3864.390423173816,3635.7374263624793,1579.7806153075169,883.5989789935284,663.5220970291347,83135.28676840708,1511.5506685164924,219.85399999999998
Europe,2020-06-29,748121993,1324.098295734348,1324.5326752703288,1324.4998993665388,1324.280373061442,1324.0651722974726,1323.9122259588255,1323.7828920405652,64884.630857908654,1324.1761399573195,379.145
Oceania,2020-06-29,43198762,-62.24945924894346,-45.06614399597177,-47.50621406105712,-58.31977088941642,-67.64910622010464,-75.172452316319,-79.20896662464295,-1122.4744702392368,-53.45116524948747,0.286
Americas,2020-07-06,1026782740,6144.598792256009,6312.980892366084,6275.867221535191,6197.56029975599,6091.07609498043,5995.186131599944,5981.7720095995,277456.3436737768,5903.326461144187,3174.429
Asia,2020-07-06,4679006159,9194.993678529403,15432.45169456501,14995.216563813914,11717.402048990558,8602.645860913222,6507.960297929318,5477.635945629419,50141.611655287335,983.1688559860262,1070.857
Africa,2020-07-06,1371693397,2372.1815031288143,3580.539332414987,3239.982036028568,2372.1815031288143,1146.9654042287887,368.74580557657185,285.40343732644607,56159.2618836144,1021.0774887929891,247.572
Europe,2020-07-06,748121993,1274.3514716945722,1274.8284797537412,1274.7533484750775,1274.5672240488268,1274.3240694334536,1274.1699070502593,1274.0196337999782,62447.17515898334,1274.4321461017007,374.43
Oceania,2020-07-06,43198762,-61.74499891019598,-44.680670153488826,-46.02616009506475,-57.179118970002506,-66.59349347869438,-74.47652716675228,-77.54294866325546,-1108.0338250779434,-52.76351547990207,0.286
Americas,2020-07-13,1026782740,6441.307049540869,6652.47379629387,6618.105379126537,6510.064293991972,6386.5408807192935,6301.520834191476,6260.608805011285,290312.4103404433,6176.859794477517,3543.713
Asia,2020-07-13,4679006159,10873.490495197972,16055.361252287506,15180.844309842178,12158.974450588867,9138.06112663703,7005.587747099142,6346.043160151429,55017.64879814462,1078.7774274146004,1165.857
Africa,2020-07-13,1371693397,2843.5888662687526,4265.506797464008,4025.0214818526842,2855.6164814959347,1563.1998314906218,851.7308009900693,711.8351427468984,69098.40474075727,1256.334631650132,264.717
Europe,2020-07-13,748121993,1244.7229038476676,1245.2065125432603,1245.1359698751799,1244.9198382426036,1244.6924728946155,1244.5389608931262,1244.3837844791215,60995.375158984505,1244.8035746731532,350.858
Oceania,2020-07-13,43198762,-65.32931993162049,-47.145960022603525,-48.860511859040834,-59.73704843890398,-70.4058808950459,-78.09428687255992,-84.19830022373827,-1177.633825077955,-56.07780119418833,0.286
Americas,2020-07-20,1026782740,6641.6957909098855,6849.268656990442,6802.3915919121755,6694.859026130202,6553.758083781602,6455.716035429105,6425.866639983957,297158.74367377703,6322.526461144192,3756.858
Asia,2020-07-20,4679006159,11495.45083346921,16237.514933677798,15338.800141432348,12893.67295824361,9381.380288845934,7591.030148216468,6712.594768648264,55622.217369573074,1090.6317131288838,1408.43
Africa,2020-07-20,1371693397,3106.765858019968,4883.434886624209,4448.91998568369,3223.3397901092108,1780.4186653484821,956.9963842873332,745.052460672027,70644.69045504305,1284.448917364419,280.003
Europe,2020-07-20,748121993,1260.9152534564096,1261.3971134913093,1261.33362930543,1261.1034477071714,1260.8434461874026,1260.6654904432883,1260.6111433249043,61787.77515898377,1260.9750032445668,309.715
Oceania,2020-07-20,43198762,-53.75781239663976,-34.77015137664133,-40.49620745859119,-49.520963784463426,-59.393814398979174,-68.05050960849614,-73.50287335770248,-935.233825077947,-44.53494405133081,2.571
Americas,2020-07-27,1026782740,6519.412160703144,6717.884285055344,6665.147579498345,6568.297827203734,6426.912888143637,6341.6220543211175,6321.603125766526,290518.87462615623,6181.252651620345,3993.716
Asia,2020-07-27,4679006159,12247.194356911246,16370.217572959556,15673.075775918023,13633.296815768204,10310.340186372798,7793.578841839521,7418.496931983314,62305.69451243021,1221.680284557455,1397.857
Africa,2020-07-27,1371693397,2831.179919327474,4049.0775674134047,3839.159726750319,2897.5956980558153,1614.7860125067652,999.3164561475093,560.4314543685571,61151.69045504296,1111.8489173644175,393.14200000000005
Europe,2020-07-27,748121993,2160.701943248949,2161.1779325128236,2161.1083838337095,2160.8728554384716,2160.6421354755644,2160.4756493437126,2160.423650986889,105877.27515898348,2160.760717530275,285.285
Oceania,2020-07-27,43198762,-43.82627374022741,-26.91334744188645,-30.414029657951502,-40.01298125579483,-49.87009454157086,-59.200251712575074,-62.97059776319706,-724.0338250779431,-34.47780119418777,5.857
Americas,2020-08-03,1026782740,6191.828748824419,6346.770953048222,6317.442256709808,6223.11554851002,6105.739432443589,6039.9178452750075,6017.73736123241,276196.8880670192,5876.529533340834,3992.859
Asia,2020-08-03,4679006159,11399.669734398132,17008.497134491012,16300.286086310802,13465.4301072662,10314.285561077482,8189.528359417485,6888.191641303184,58637.8450193428,1149.7616670459372,1409.146
Africa,2020-08-03,1371693397,2260.343138416161,3676.799234935511,3111.286312426525,2260.343138416161,1037.786752893624,346.77893755688797,130.4149746273667,36085.22501725495,656.0950003137262,350.146
Europe,2020-08-03,748121993,1439.4824033051282,1439.9595882477126,1439.874205606423,1439.6738623171177,1439.4097229849292,1439.2396037490914,1439.1312802103353,70537.24225575825,1439.5355562399643,292.42900000000003
Oceania,2020-08-03,43198762,-52.30016157642013,-34.25614721527649,-36.9421897391251,-47.709821026744144,-57.712779594982585,-66.83457905311018,-70.52945458281903,-882.0080186263338,-42.000381839349224,9.715
Americas,2020-08-10,1026782740,5972.0361171863015,6130.836524437572,6099.553059210951,6013.2896118996205,5898.891098733483,5839.434147268754,5819.3665197416685,266956.79997177934,5679.931914293178,4135.2880000000005
Asia,2020-08-10,4679006159,11853.542657055259,17628.941935892202,17073.01780981216,13853.382280173053,10403.059611641303,8536.399844950816,6834.739412567164,56319.09359077126,1104.2959527602209,1472.429
Africa,2020-08-10,1371693397,2064.5013615103253,3352.8973950813206,2905.9833797847396,2064.5013615103253,786.6048382605416,152.4250597682867,18.43486219315815,28873.939302969222,524.9807145994404,424.57399999999996
Europe,2020-08-10,748121993,2438.6412275185985,2439.114756997115,2439.047027844491,2438.8120316866816,2438.5590430991524,2438.402774462549,2438.3040978070285,119495.24225575777,2438.6784133828114,303.998
Oceania,2020-08-10,43198762,-40.727253292777334,-26.649479713961792,-28.90250834353954,-36.64691837759319,-46.91919976770067,-56.03488050577959,-59.71717846358134,-639.0080186263299,-30.428953267920473,14.286000000000001
Americas,2020-08-17,1026782740,5573.728879998073,5705.5153824508,5678.627665073182,5601.350927689029,5493.4518885059415,5433.5457181354495,5414.809741461446,248336.2952098746,5283.750961912226,3888.855
Asia,2020-08-17,4679006159,12293.270845314102,18466.023345820144,17652.489138852565,14462.83886489195,11413.715950434333,8118.1225409049475,7033.129826144757,57809.60501934281,1133.5216670459374,1501.858
Africa,2020-08-17,1371693397,2163.3510811583546,3427.0218822249944,3058.1176711280177,2163.3510811583546,840.1651213401042,169.3623201770969,49.25107507971677,28209.225017254936,512.8950003137261,328.429
Europe,2020-08-17,748121993,1803.526941804332,1803.999050374389,1803.9306651739878,1803.6904984981152,1803.431008430494,1803.2811592075184,1803.1767871377544,88374.64225575869,1803.5641276685446,315.859
Oceania,2020-08-17,43198762,-59.868392192252536,-42.76208612462084,-47.4497267775991,-55.658480622420186,-66.50012443216978,-75.50536397499384,-80.71321537789211,-1058.408018626342,-50.40038183934962,15.286
Americas,2020-08-24,1026782740,4954.946713077765,5072.806539098432,5068.144465616388,4999.32056689067,4896.116515744385,4830.032615898203,4817.974831625949,220024.39044796972,4681.370009531271,3815.713
Asia,2020-08-24,4679006159,12411.125142659092,18698.11968153255,17214.348420360675,14323.236423895123,11139.175178746515,8262.209616547174,7256.449157102065,52583.56216219985,1031.0502384745068,1428.287
Africa,2020-08-24,1371693397,1996.0076481106942,3086.047215396259,2654.0363758748426,1996.0076481106942,578.5763574658567,27.66042839446432,-252.80706953431732,20575.225017254936,374.0950003137261,301.144
Europe,2020-08-24,748121993,1488.3366864451789,1488.8603149602723,1488.7499988678355,1488.5510163968697,1488.2945035131377,1488.1372060415104,1488.02262267281,72932.50225575775,1488.4184133828112,314.001
Oceania,2020-08-24,43198762,-71.29537703931014,-53.605149863922996,-58.72919236816162,-67.16688180985518,-78.11910781801762,-87.09107469091698,-91.70078957346759,-1301.4080186263307,-61.97181041077765,12.572000000000001
Americas,2020-08-31,1026782740,4518.20905421393,4655.74521187105,4620.663745960949,4558.158128935758,4467.0663366438375,4405.879020295755,4398.233761655457,200105.00711463555,4257.553342864586,3526.429
Asia,2020-08-31,4679006159,15551.361195020707,19295.611918606384,17912.53613076709,15551.361195020707,11119.695051369012,7332.791615122626,6214.600755597572,43918.66216219986,861.150238474507,1552.999
Africa,2020-08-31,1371693397,1778.176060934388,2508.265349431729,2327.8286594573647,1778.176060934388,66.09706698267286,-639.7146990033687,-780.0249513912855,17039.51073154067,309.8092860280122,258.146
Europe,2020-08-31,748121993,1291.033460349003,1291.5049909413,1291.4565806043654,1291.2463962862305,1290.9729965673323,1290.813861129547,1290.709336911948,63263.122255758106,1291.0841276685328,310.85699999999997
Oceania,2020-08-31,43198762,-50.026930375137674,-35.55200389041913,-38.67498498253029,-46.51138229612396,-56.633982624555195,-67.06642824997795,-70.58822000021027,-890.4080186263371,-42.400381839349386,19.143
Americas,2020-09-07,1026782740,3888.0029583085584,4019.0682802608007,3993.1660530959466,3901.7203315898005,3803.786315828864,3714.775478004537,3703.4037937451826,167829.1277356671,3570.832505014194,3454.426
Asia,2020-09-07,4679006159,15735.488944922494,21795.29255926319,19793.337155013356,16743.15258106262,12845.634968986169,7894.677568634288,7185.714514743175,34849.08695482655,683.315430486795,1629.5739999999998
Africa,2020-09-07,1371693397,1727.7123051568344,2160.441322011382,1950.575036118821,1727.7123051568344,-185.66235262437212,-985.675913720636,-1288.9168288914782,13773.94867316894,250.43543042125344,244.148
Europe,2020-09-07,748121993,2296.6189106865545,2297.1284425234558,2297.0523392495493,2296.8219682609288,2296.574542343854,2296.4274768172977,2296.3721472637862,112537.92419124141,2296.6923304334982,361.285
Oceania,2020-09-07,43198762,-52.36761920542238,-39.27339392364943,-41.42126354292914,-49.200729526518664,-59.33816601370775,-68.93809267494038,-71.63300445160422,-979.554470239234,-46.645450963773044,16.429000000000002
Americas,2020-09-14,1026782740,3662.548989905953,3797.391439323272,3758.447209066519,3662.548989905953,3567.2577618631835,3482.7598189011032,3468.921966009439,157617.81821185775,3353.570600252293,2932.429
Asia,2020-09-14,4679006159,16874.018389836343,21300.170884407515,20245.85898380713,17557.536915033314,13708.953786426293,8557.735238803194,7238.1379502105765,32673.28124054093,640.6525733439398,1771.572
Africa,2020-09-14,1371693397,1495.1580678781074,2038.2550480431037,1751.9932951481617,1495.1580678781074,-303.0071778603136,-1028.3730706852768,-1321.7166954563704,12681.80581602608,230.57828756411055,181.716
Europe,2020-09-14,748121993,2390.607034420654,2391.1430209395417,2391.0371861709527,2390.8168609686004,2390.5777981739075,2390.454922931544,2390.3893019040706,117143.92419124201,2390.6923304335105,377.284
Oceania,2020-09-14,43198762,-63.50659800315282,-48.49359616875325,-50.57844751403974,-59.12547359304663,-69.64168004487044,-79.13498455865684,-83.08573258801111,-1160.7544702392368,-55.274022392344605,6.7139999999999995
Americas,2020-09-21,1026782740,3785.3315324353243,3891.512605912204,3868.254209413496,3785.3315324353243,3684.0448407354693,3600.637848176891,3588.4171520945342,163179.82059280996,3471.911076442765,2836.288
Asia,2020-09-21,4679006159,17015.16292536794,21806.852654849594,20713.358766866724,17327.8698875777,13198.864757245083,8943.952084277478,7839.640131686378,34281.99546414342,672.1959894930083,1819.2839999999999
Africa,2020-09-21,1371693397,1184.0706468796902,2076.626537693276,1872.4729195681737,1184.0706468796902,-121.95000460304968,-914.6622739705467,-1151.3435844894648,15640.80581602608,284.37828756411056,184.145
Europe,2020-09-21,748121993,1954.8613165533036,1955.359282081526,1955.3043551944465,1955.0629491671607,1954.824868523148,1954.6776147846374,1954.6393920233556,95792.38419124234,1954.9466161478028,535.431
Oceania,2020-09-21,43198762,-28.016967895759098,-16.24370070331598,-17.511451164788596,-23.00217944452198,-31.762015604626527,-40.63839030135765,-42.8042142719973,-503.15447023924105,-23.959736678059098,5.715
Americas,2020-09-28,1026782740,3337.7739081754207,3428.2805168181585,3392.9648720387413,3337.7739081754207,3239.57635251775,3145.446966690785,3132.626026542213,143159.0515451919,3045.937266918977,2867.857
Asia,2020-09-28,4679006159,16729.214217948636,20676.32385769899,20247.47483116732,16860.693798905242,12981.38657901313,8274.154610701138,7045.79275509366,39353.72689271476,771.6417037787207,1725.283
Africa,2020-09-28,1371693397,1112.1994830630586,2148.683343670329,1822.913145069203,1112.1994830630586,-186.75474623543093,-1040.2373910229492,-1266.0009496855903,10890.377244597485,198.00685899268154,196.43
Europe,2020-09-28,748121993,2248.078717925415,2248.63054203886,2248.5304956594423,2248.290218655639,2248.050237164615,2247.8949317336933,2247.8235504565273,110160.02419124183,2248.1637590049354,599.287
Oceania,2020-09-28,43198762,-22.79624366901684,-8.561664997014564,-11.097112052958717,-18.026373123429696,-25.18141546124226,-30.851985453434356,-35.2320301047218,-402.95447023923776,-19.18830810663037,4
Americas,2020-10-05,1026782740,3842.793634282447,3949.0951579840307,3934.4088053798378,3847.1196623625674,3749.4548809663197,3654.8723015057863,3634.8736034252624,167062.76854979972,3554.5269904212705,3535.428
Asia,2020-10-05,4679006159,14493.831374036583,17002.88019583871,16363.058747897781,14493.831374036583,10863.567662662286,7962.477297930208,7199.744178302984,37074.6128834982,726.9531937940824,1738.002
Africa,2020-10-05,1371693397,1881.9700203649033,2117.1598150716777,1923.5142447397584,1881.9700203649033,-75.91515804588842,-929.4469557325698,-1063.420126461173,13014.72732140244,236.63140584368074,168.715
Europe,2020-10-05,748121993,3661.2684502447983,3661.808646768963,3661.7800727812414,3661.505037500452,3661.249064404293,3661.104768322217,3661.0583523664714,179404.7558041452,3661.3215470233717,693.715
Oceania,2020-10-05,43198762,-42.562783308891234,-28.119587543669343,-30.63293556650907,-38.843069707220685,-48.099503363085184,-55.911031038503154,-60.23572961848843,-747.4144702392407,-35.59116524948765,1.857
Americas,2020-10-12,1026782740,3409.0235199617655,3515.369810323872,3502.2501241005552,3419.729065108269,3320.654986063137,3241.155870260672,3221.00274040185,148177.6090259895,3152.715085659351,2579.86
Asia,2020-10-12,4679006159,12713.25433594656,16479.2677313503,15377.000943970113,12903.197515227921,10283.218580677281,7861.2127423760885,7106.99249422072,44275.375740641044,868.1446223655107,1648.145
Africa,2020-10-12,1371693397,2029.631685017713,2466.26693734131,2148.809054882597,2029.631685017713,112.08515356481169,-631.9908427028432,-843.5882482498613,17611.15589283102,320.20283441510946,237.573
Europe,2020-10-12,748121993,4314.752227175667,4315.507914218279,4315.35773923708,4315.062247331385,4314.752227175667,4314.585325304153,4314.54738089901,211425.55580414517,4314.807261309085,882.714
Oceania,2020-10-12,43198762,-30.629875869065305,-18.16756158962058,-19.662272303267365,-25.425657879806014,-33.74953528428268,-39.87763954967844,-43.20424063701134,-557.8144702392381,-26.562593820916096,0.571
Americas,2020-10-19,1026782740,3704.9343370289366,3834.184645322842,3821.5606964871245,3736.30587147798,3627.840350794614,3556.4982530607926,3539.8218499508994,163281.05902598912,3474.065085659343,2471
Asia,2020-10-19,4679006159,12908.060130661343,15870.611678746509,14939.27161393661,12908.060130661343,10182.551368399898,7736.869363399582,7204.582002542326,44272.31574064106,868.084622365511,1550.714
Africa,2020-10-19,1371693397,1517.869481315332,2415.83266626746,2209.380075764246,1517.869481315332,213.1599032948615,-534.2615538059941,-644.8838804589111,16404.29874997387,298.2599772722522,232.71699999999998
Europe,2020-10-19,748121993,5777.432675100482,5778.330190787849,5778.185247002793,5777.76032104391,5777.432675100482,5777.255259526695,5777.2192312251345,283097.15580414515,5777.492975594799,1207.143
Oceania,2020-10-19,43198762,-18.321356669751612,-4.87439365175674,-6.557073164963073,-12.627958995342913,-20.637959088950637,-25.41801293709573,-31.154566362390415,-304.6144702392374,-14.50545096377321,0.857
Americas,2020-10-26,1026782740,3816.458355209784,3917.4378617132334,3896.184740338988,3833.0488517996196,3732.477408386233,3662.008389546647,3646.3956418716557,168502.53521646615,3585.1603237545987,2579.288
Asia,2020-10-26,4679006159,12913.269159816138,16008.157568961384,15085.12036093948,12913.269159816138,10071.985074272246,7848.425706069404,6825.431939363773,55465.35859778398,1087.556050936941,1475.571
Africa,2020-10-26,1371693397,1392.9672768468504,2353.0424408572385,2050.38816916144,1392.9672768468504,188.84798135838062,-533.93683102865,-708.3849294632647,12383.013035688155,225.14569155796644,239.57399999999998
Europe,2020-10-26,748121993,6935.684019369129,6936.877905332332,6936.646012574121,6936.239235817798,6935.684019369129,6935.596347025285,6935.526774150181,339857.77580414526,6935.872975594801,1738.5720000000001
Oceania,2020-10-26,43198762,-25.018049018211894,-11.658856105396087,-13.384750591846577,-19.508921719379725,-28.08869954025176,-35.129364510523644,-37.88054669529458,-425.814470239238,-20.27687953520181,0
Americas,2020-11-02,1026782740,4484.260449067091,4623.5308656542265,4592.1465802815155,4523.249491228341,4426.781676915409,4351.915709043479,4336.668604110849,200475.79773566808,4265.4425050142145,2516.715
Asia,2020-11-02,4679006159,13738.197288642703,17292.29346862178,16600.905068671767,14038.097715318883,10322.027569831895,8259.968223083037,7749.624430457553,68727.44403557185,1347.596941873958,1437.7160000000001
Africa,2020-11-02,1371693397,1818.8817626101143,3124.4170319835057,2853.584628376007,2150.408660238559,1100.374135863408,493.2995297332411,170.00688343133186,21684.10105412129,394.2563828022053,254.576
Europe,2020-11-02,748121993,9324.35144375611,9325.612062135424,9325.408307498994,9324.851995916233,9324.35144375611,9324.096577636761,9323.997370079722,456895.83085790835,9324.404711385885,2573.141
Oceania,2020-11-02,43198762,-7.681989984362855,7.157200653408581,5.047114856408391,-1.098267761690846,-9.466177104348105,-14.686435860836847,-16.533899041105176,-82.89447023923745,-3.9473557256779737,0.286
Americas,2020-11-09,1026782740,4587.789221174178,4685.50288628159,4670.884889152655,4602.722182965777,4502.736802446341,4422.689520463525,4409.635446593263,204343.4501166192,4347.732981204664,2678.4320000000002
Asia,2020-11-09,4679006159,14449.149894405506,17294.14755735259,16365.707968871726,14449.149894405506,10722.58446363971,8810.563442013387,7466.907907386537,76040.55260700044,1490.9912275882439,1573.43
Africa,2020-11-09,1371693397,1864.2916417377241,3369.208653141111,3078.905607728276,2339.431792287574,1342.4596811293318,749.9399754487763,390.8749843913663,25941.101054121267,471.65638280220486,317.144
Europe,2020-11-09,748121993,9698.134356623465,9699.59977980751,9699.34482887742,9698.935781588547,9698.134356623465,9698.134356623465,9697.990457325015,475221.83085790847,9698.404711385887,3761.574
Oceania,2020-11-09,43198762,5.621669441917362,20.544071914600337,18.592746860280165,12.050720928170673,3.994228726273674,-0.8753352558127366,-3.098972187787076,197.90552976076228,9.424072845750585,0
Americas,2020-11-16,1026782740,4993.815090549033,5108.609151025086,5072.08677807518,4995.61656735732,4912.2083435807635,4834.90540299535,4826.004472217959,223062.5429737614,4746.011552633221,2936.288
Asia,2020-11-16,4679006159,12922.056905426969,16285.995506844483,15718.895845815725,13522.329669550607,9810.691525983404,7727.85671509408,6999.308294986798,69222.14403557187,1357.296941873958,1556.429
Africa,2020-11-16,1371693397,1931.4816486682037,3327.217973610808,3117.3038183259873,2469.818295128713,1323.6008235919892,762.080978773873,452.8318891878118,26736.243911264126,486.1135256593477,290.289
Europe,2020-11-16,748121993,9622.0852773129,9623.569476095781,9623.3383469223445,9622.94103868861,9622.0852773129,9622.0852773129,9621.961668905991,471497.8308579085,9622.404711385889,4305.9980000000005
Oceania,2020-11-16,43198762,-14.889390161967683,0.12382190715080707,-1.8606288524870152,-8.319743310576955,-16.052385229434787,-21.77644002132475,-25.285472223043804,-230.49447023923742,-10.975927154249401,0
Americas,2020-11-23,1026782740,5276.866772877587,5373.074467893987,5349.454821989108,5276.866772877587,5187.13330042456,5119.501729647671,5103.26598209904,236323.48106900175,5028.159171680888,3260.8559999999998
Asia,2020-11-23,4679006159,13476.09439212824,16825.869413144777,16362.734968883851,13981.349533751005,10130.26175739734,7799.8733719502015,7507.598192606591,60707.03832128615,1190.334084731101,1732.143
Africa,2020-11-23,1371693397,1857.4390660817294,3150.8973140392895,2907.3870485718085,2241.493306360664,1180.2802220942747,662.943214701108,377.3566242947247,19842.386768407006,360.770668516491,335.145
Europe,2020-11-23,748121993,9468.003874924112,9469.596120500997,9469.387175569585,9468.921072455323,9468.003874924112,9468.003874924112,9468.003874924112,463953.9308579085,9468.447568528745,4716.287
Oceania,2020-11-23,43198762,-10.925231751044073,4.525393358034741,1.7075274497922759,-5.130519222964695,-12.249965086895966,-18.337138021787638,-21.9134103158609,-152.49447023923773,-7.261641439963702,0
Americas,2020-11-30,1026782740,5830.479735898021,5937.320465767405,5927.217533579369,5844.970488942917,5760.903302359025,5688.382634240902,5669.421762939504,262453.0191642385,5584.106790728479,3425.8579999999997
Asia,2020-11-30,4679006159,13324.621505711937,16447.720094965247,15935.422790044095,13466.377454472387,10064.983991390362,7861.4444939194345,7494.10095946815,50464.05260700043,989.4912275882436,1708.8609999999999
Africa,2020-11-30,1371693397,2148.3894262365125,3626.6528783229032,3324.487701897761,2613.664780040539,1600.0562760861603,945.3020047119735,630.6498031337808,30025.24391126413,545.9135256593478,286.431
Europe,2020-11-30,748121993,9219.5351013453,9221.151120488332,9220.974655107613,9220.522394394624,9219.5351013453,9219.5351013453,9219.5351013453,451782.3308579085,9220.047568528746,4960.43
Oceania,2020-11-30,43198762,16.612343846697566,33.36812978438166,30.983681950272608,24.041645794053117,16.33852404621312,11.38165206028033,8.851316790403008,422.9055297607629,20.138358560036327,0.143
Americas,2020-12-07,1026782740,6864.586110885049,7009.428431381113,6973.314013050486,6893.628261894654,6805.001446412614,6730.100000294845,6715.256040642876,310856.0988028141,6613.959548996044,4232.57
Asia,2020-12-07,4679006159,13256.880731051178,15963.422507496713,15383.643991456653,13256.880731051178,9888.26912595906,7658.522192799743,6912.739127565587,53853.086431885255,1055.9428712134363,1622.859
Africa,2020-12-07,1371693397,3278.5503207613324,4278.74083959211,4007.404154440764,3278.5503207613324,2119.6824258512797,1518.6826617317631,1143.2272646242955,55297.05451034251,1005.4009910971365,303.714
Europe,2020-12-07,748121993,8877.774212461527,8879.498938670882,8879.278440642162,8878.788308261504,8877.774212461527,8877.774212461527,8877.774212461527,435035.5745138227,8878.27703089434,4845.57
Oceania,2020-12-07,43198762,-6.151981909669426,10.545782896399695,8.120265702096006,1.5606337178222267,-6.245135781283896,-11.652042062872896,-13.481036960617741,-55.13059927149572,-2.6252666319759865,0
Americas,2020-12-14,1026782740,7120.203638089228,7242.142184671272,7217.4501372402165,7137.835046535369,7046.362890503621,6980.529570093213,6965.185770651252,321217.9202313862,6834.423834710345,4532.145
Asia,2020-12-14,4679006159,12834.97698934519,15296.239005924184,14606.066352399794,12834.97698934519,9683.872414480798,7794.900901704416,7009.3481720005275,48063.712146170976,942.4257283562936,1515.1399999999999
Africa,2020-12-14,1371693397,3531.060524980414,4830.737900220895,4509.700294097049,3772.294754348104,2431.2404501121496,1741.1615582577022,1551.6617889577344,61761.91165319973,1122.943848239995,361
Europe,2020-12-14,748121993,8265.229798050668,8266.705063283849,8266.606857770652,8266.121410659294,8265.229798050668,8265.195590594776,8265.104445752455,405013.9745138227,8265.591316608627,4766.86
Oceania,2020-12-14,43198762,11.165340947397949,27.10499284304326,25.758549619443766,18.4277199018481,10.0209765410115,5.595359813316589,2.5798477518087726,276.0694007285042,13.146161939452583,0.143
Americas,2020-12-21,1026782740,7620.2942128318655,7756.625272123546,7731.125826900002,7654.685241608538,7563.617938944106,7499.592803238954,7483.040180268183,345485.02737424173,7350.745263281739,4934.43
Asia,2020-12-21,4679006159,11934.966623995355,14881.970861198895,13870.610174455987,11934.966623995355,8752.542156160669,6809.702826336446,6163.083054847172,36907.14307127848,723.6694719858525,1451.572
Africa,2020-12-21,1371693397,4149.229078139818,5594.885495287879,5298.635542290901,4412.776050088881,3041.3343538206113,2378.3279071742654,2080.5274127949156,87717.19736748537,1594.8581339542793,411.85699999999997
Europe,2020-12-21,748121993,8036.995959186044,8038.804104973081,8038.59718420915,8038.1549724879105,8036.995959186044,8036.995959186044,8036.995959186044,393843.3745138227,8037.6198880371985,4981
Oceania,2020-12-21,43198762,14.42514957083772,29.41804694886243,28.644138652875117,20.975456385639113,12.783078268487843,7.78190457530279,3.135180524452399,346.86940072850393,16.51759051088114,0.143
Americas,2020-12-28,1026782740,8654.5968490363,8770.19470396988,8765.184592218153,8671.25469419843,8569.273373461001,8501.452422048464,8484.18000854176,391715.0308252849,8334.362357984784,4333.143
Asia,2020-12-28,4679006159,11614.118551804691,14584.812689506158,13291.70955262186,11614.118551804691,8270.36083424839,6057.137183296444,5551.099803457718,34884.85932741178,684.0168495570937,1359.858
Africa,2020-12-28,1371693397,4738.202446145525,6348.291730005943,5959.39409951763,5124.3087256665995,3665.2252808989024,2769.450804066471,2536.976818517879,106477.53090259421,1935.9551073198948,546.145
Europe,2020-12-28,748121993,8048.107060085239,8049.9236489553505,8049.768072968194,8049.22622221209,8048.107060085239,8048.107060085239,8048.107060085239,394387.65145202534,8048.727580653578,4234.57
Oceania,2020-12-28,43198762,8.363991973399944,21.883905187390443,19.429163177909867,13.341300437320054,5.715462729913893,-0.8022618114560153,-3.846215756761206,219.63653555994415,10.458882645711626,0.143
Americas,2021-01-04,1026782740,8974.187654531526,9287.421577258234,9213.030139654491,9076.68012909205,8901.443282169905,8848.425635186617,8809.103228345355,394480.00475240056,8393.191590476608,4994.429
Asia,2021-01-04,4679006159,10412.034759027167,12126.111896397973,11205.30674541804,10412.034759027167,6890.612565853179,4772.287805118181,3590.6986719933975,15655.135178904484,306.96343488048007,1219.426
Africa,2021-01-04,1371693397,5336.219244171655,6945.511114011128,6521.853266502606,5692.008802184906,4142.448221591432,3211.924113012273,3050.430053455031,130727.73026206688,2376.8678229466705,654.145
Europe,2021-01-04,748121993,5852.081093041067,5854.254851777271,5853.879106282644,5853.3498865092215,5852.081093041067,5852.081093041067,5852.0515881359615,286767.7416528977,5852.402890875463,4529.283
Oceania,2021-01-04,43198762,6.751024936112009,21.36022392713284,17.806012823894342,12.782949216248667,4.5281913054847545,-0.7039492873234461,-2.948922859453123,197.9049157317939,9.4240436062759,0
Americas,2021-01-11,1026782740,10226.626463540213,10550.393156940014,10506.93327911894,10352.223198547832,10193.625665632671,10102.26969665674,10094.94637584106,453126.14422119927,9640.98179194041,6292.573
Asia,2021-01-11,4679006159,10039.655552277032,11304.04087449337,10381.199124119627,10039.655552277032,6205.554917116615,3666.60721162931,3269.780837195755,16220.130403435014,318.04177261637284,1088.569
Africa,2021-01-11,1371693397,5630.225777225591,7475.576953176223,7188.64238365264,6110.378950821263,4642.440879137363,3587.072156593827,3170.3355466652306,149105.58740492328,2711.010680089514,780.285
Europe,2021-01-11,748121993,5332.895317513977,5334.796197301894,5334.679226970436,5334.065317186042,5332.895317513977,5332.895317513977,5332.895317513977,261312.0083195532,5332.898128970473,5079.286
Oceania,2021-01-11,43198762,-10.821928776324315,14.807224299413125,8.164529551493331,-1.7099818554709063,-11.068339662903341,-15.903752429423395,-17.495785324730306,-168.0950842694275,-8.00452782235369,0
Americas,2021-01-18,1026782740,10379.738773247225,10734.355352128028,10611.2128973898,10462.92610953119,10311.210732280839,10216.256239595248,10186.95772089483,456958.9942211978,9722.531791940379,6499.857
Asia,2021-01-18,4679006159,9041.471720683707,10344.780268601671,9492.754530887294,9041.471720683707,5503.033152327041,2537.3629934283135,2045.7475924044031,14917.930403435028,292.50843928303976,1189.714
Africa,2021-01-18,1371693397,5568.861485469056,7660.577643477581,7375.318222957628,6060.277208664111,4533.220852896547,3529.2385546496284,3301.663631006828,125746.30169063783,2286.2963943752334,891.43
Europe,2021-01-18,748121993,5960.739928216757,5962.496305632865,5962.141285573426,5961.630425266479,5960.739928216757,5960.640405830586,5960.520281394026,292056.0083195532,5960.326700399046,5291.285
Oceania,2021-01-18,43198762,19.209427664249574,34.753819544895485,30.450150205808455,25.436018516314817,18.05417372323468,12.8594400654833,9.058494477597296,467.40491573057284,22.257376939551087,0
Americas,2021-01-25,1026782740,8732.614075994336,9104.863991016586,8963.681226643612,8824.210325822678,8681.044916570709,8585.556677510902,8550.365710106784,382052.96803072264,8128.786553845162,6943.002
Asia,2021-01-25,4679006159,7895.813709359517,10133.75977149309,9071.636694492088,7895.813709359517,5342.92033741787,2504.584549182456,2106.6009459019438,15531.144689149316,304.53224880684934,1130.43
Africa,2021-01-25,1371693397,4731.038562531888,6351.931809563085,6013.210797797627,5146.680970562136,3603.2401791290645,2851.233281229694,2534.4832597783775,80308.44454778067,1460.1535372323758,903.288
Europe,2021-01-25,748121993,5331.434417012178,5333.175571828411,5332.735439705808,5332.209164692568,5331.434417012178,5331.240565828718,5331.054435390075,261217.50831955302,5330.969557541898,5596.003
Oceania,2021-01-25,43198762,-10.514554648473817,3.6887555971260366,1.8011623299707256,-3.1144835342889503,-11.80737573920613,-17.301113582285534,-19.322439884476424,-163.5950842694262,-7.790242108067914,0
Americas,2021-02-01,1026782740,7728.418444718189,7980.624738749771,7889.31894603849,7795.573596139773,7660.666908525355,7550.4436701294,7528.027243606083,335723.7788853756,7143.059125220758,7037.142
Asia,2021-02-01,4679006159,7306.690517960895,9711.07383410624,8414.6115615938,7306.690517960895,4614.059606766486,2179.5237796989954,1575.234800865626,9166.664941809137,179.73852827076738,1167.143
Africa,2021-02-01,1371693397,4072.4617568462772,5548.717653930801,5193.9586574724435,4359.523026218515,2867.774243929589,2153.138306126519,1946.8436608356474,50585.32249417618,919.7331362577487,789.144
Europe,2021-02-01,748121993,3691.71766247102,3693.586862116453,3693.2312660748585,3692.67364858889,3691.71766247102,3691.5878354215956,3691.44641854621,180881.28736708942,3691.454844226315,5294.284
Oceania,2021-02-01,43198762,17.042630401169486,41.312501996704036,37.11823324580025,26.516310050736266,17.042457975682943,11.910370002915254,10.175806060562003,415.4049157305738,19.781186463360658,0
Americas,2021-02-08,1026782740,6114.054867622635,6368.306409452237,6247.536700637142,6175.220274603861,6041.801748115229,5937.094385072141,5889.40251248005,261480.3407901358,5563.411506173102,6433.57
Asia,2021-02-08,4679006159,7262.432830762981,8844.235947550667,8113.353575288938,7262.432830762981,4281.674844385167,2318.1355405377303,1598.731185100214,3868.979227523507,75.86233779457856,957.999
Africa,2021-02-08,1371693397,3775.0683792254895,5126.199235162011,4768.32557086543,3986.6782255971925,2505.0885236459776,1860.974663793151,1605.4855797408197,33904.608208461876,616.4474219720341,579.431
Europe,2021-02-08,748121993,3006.805809768977,3008.641527602045,3008.322519384547,3007.7341750944347,3006.805809768977,3006.692791693748,3006.55772490748,147327.83736708987,3006.6905585120385,4762.573
Oceania,2021-02-08,43198762,-0.3071984723655982,18.623315775382636,16.475073903232524,10.48914147059561,-0.3071984723655982,-4.121615391356746,-5.224334071334476,88.9049157305754,4.233567415741685,0
Americas,2021-02-15,1026782740,5676.487238767678,5845.197623380526,5811.863730624775,5734.406148100188,5599.771462743217,5526.225705990958,5485.485105800916,242589.8098377555,5161.485315696926,6161.429
Asia,2021-02-15,4679006159,7500.346949461496,9085.57631078959,8174.663931756342,7500.346949461496,4466.318526316802,2457.028277737068,2033.3939616394337,12676.55779895205,248.55995684219704,856.145
Africa,2021-02-15,1371693397,3789.45436243999,5210.463149562281,4854.316837128421,3877.816517078011,2578.491021963627,1863.37058507659,1515.5027662814573,31775.52114227941,577.7367480414438,487.142
Europe,2021-02-15,748121993,2645.896954371175,2647.644189500069,2647.465489023917,2646.741272580121,2645.896954371175,2645.6961578567893,2645.6061605561868,129648.17070042295,2645.881034702509,4131.431
Oceania,2021-02-15,43198762,-14.796877562701892,12.620096422986084,8.151868456405312,-2.168176011678197,-14.796877562701892,-17.08258828004388,-19.6353823752243,-184.59508426942563,-8.790242108067886,0.143
Americas,2021-02-22,1026782740,5120.588523599893,5301.583311175586,5256.459464011106,5163.817944949374,5048.25715072444,4967.5117689285225,4957.977191011452,216708.1407901369,4610.811506173126,5174.43
Asia,2021-02-22,4679006159,8050.723640530042,9498.456399353292,8946.1339534594,8050.723640530042,5017.70429502668,2332.9056930271836,2121.6839165512197,6503.250656094913,127.51471874695908,860.001
Africa,2021-02-22,1371693397,3518.1449434400665,4626.166046679222,4235.022612512651,3518.1449434400665,2263.634753073999,1681.350091603997,1522.461434024293,26371.116380374675,479.4748432795395,389.427
Europe,2021-02-22,748121993,2001.016233731799,2002.9436915095391,2002.4233672538899,2001.856518200742,2001.016233731799,2000.8736855353434,2000.7120032030427,98043.17070042304,2000.881034702511,3520.148
Oceania,2021-02-22,43198762,-0.1137582193399594,27.145351185739813,22.52011826745336,12.861769608314127,-0.1137582193399594,-2.6315028771584297,-4.296547533358082,103.404915730575,4.924043606217857,0.143
Americas,2021-03-01,1026782740,6008.187201456947,6233.454394556303,6146.50093243725,6080.937549557567,5940.5876967462455,5871.00744622667,5845.044674480808,257975.8877615731,5488.848675778151,5294.715
Asia,2021-03-01,4679006159,9479.393459685238,10438.9072245461,9501.220094054626,9479.393459685238,5664.006947163852,3102.736719214542,2628.2388497102793,25773.618657247054,505.36507171072657,960.147
Africa,2021-03-01,1371693397,3635.3015471760523,4743.09635707371,4376.145436010001,3635.3015471760523,2415.603638170046,1793.8555723552936,1597.1260019698043,39278.535827115236,714.1551968566407,335.714
Europe,2021-03-01,748121993,1925.625534155375,1927.8410026840165,1927.3423125665875,1926.6156207542372,1925.625534155375,1925.625534155375,1925.493503063098,94369.36444686286,1925.9053968747523,3142.286
Oceania,2021-03-01,43198762,2.481537004422068,28.65796782629452,23.807691974465758,14.492527616419292,2.481537004422068,-0.8246961068429778,-3.714335168219516,173.0056179777321,8.238362760844385,0.571
Americas,2021-03-08,1026782740,5639.078738942159,5840.95985797928,5785.245531193599,5702.556048510472,5563.68528132135,5476.088616445095,5438.602847956772,239426.9891351992,5094.191258195728,4931.428
Asia,2021-03-08,4679006159,8987.249104227507,10747.7687133728,10066.82093801521,8987.249104227507,5867.57685872876,3472.799613579855,2645.230186217905,26791.28722867556,525.3193574250109,827.718
Africa,2021-03-08,1371693397,3715.2711425836806,4788.005977364181,4696.454881853695,3715.2711425836806,2516.1423221199075,1842.7719655839323,1650.845629939102,39349.250112829526,715.440911142355,295.713
Europe,2021-03-08,748121993,2483.3752647025044,2485.2983477753446,2485.0617118335244,2484.303223887553,2483.3752647025044,2483.2298209351,2483.136964313576,121691.20444686263,2483.493968303319,3113.857
Oceania,2021-03-08,43198762,9.15506372503582,50.82401340374222,43.335472270444434,25.261472792451055,9.15506372503582,0.6299200990649111,-0.8246083574038,218.0056179777351,10.381219903701671,0.286
Americas,2021-03-15,1026782740,5436.130670369968,5677.355547054001,5579.187267736996,5496.335762997684,5374.2826603604835,5290.213836317213,5265.892165305433,230374.78913519875,4901.591258195718,4777.431
Asia,2021-03-15,4679006159,10411.61672057379,11564.494127197186,10797.479730187619,10411.61672057379,6324.861750622305,4385.803894131857,2586.2699518697787,32454.18151438978,636.3565002821525,829.571
Africa,2021-03-15,1371693397,3717.8291106412294,4919.474494440119,4544.77669636524,3809.6119871325805,2539.3668233926014,1777.1857390635705,1660.7769640079591,35197.53582711516,639.9551968566393,285.001
Europe,2021-03-15,748121993,3085.932631281636,3087.8380531727385,3087.379774351331,3086.7893443208122,3085.932631281636,3085.7142812290117,3085.599719027899,151208.8044468624,3085.8939683033145,3055.858
Oceania,2021-03-15,43198762,13.829541701309237,62.689198206881926,53.2243080730178,32.298212489024195,13.829541701309237,7.394732492208888,5.817358601532196,290.0056179777347,13.809791332273079,1.429
Americas,2021-03-22,1026782740,5608.3167611328545,5919.516206586589,5796.707332710472,5705.108012723748,5580.5357522208305,5499.934527759351,5466.110226180013,239230.82008758018,5090.017448671919,4994.573
Asia,2021-03-22,4679006159,10662.116229802012,12752.8625174905,12157.43475441101,10662.116229802012,6992.095694819818,4418.304547427755,2881.4564483792687,18043.621514390026,353.7965002821574,1267.143
Africa,2021-03-22,1371693397,3674.483647280106,4871.180024567644,4568.687129510029,3850.271893198995,2648.9158527315208,1804.4859866921197,1609.3795717896535,36093.250112829526,656.240911142355,296.721
Europe,2021-03-22,748121993,3820.9802639072705,3823.240414938988,3822.853534198522,3821.9832616509207,3820.9802639072705,3820.92840371712,3820.887200868866,187242.00444686323,3821.2653968747595,3148.288
Oceania,2021-03-22,43198762,9.635483662260686,53.81708599784311,47.754656655316595,27.6252674263054,9.635483662260686,0.2306599981972732,-6.6300787689804865,145.40561797773097,6.924077046558617,1.429
Americas,2021-03-29,1026782740,5570.560254834554,5861.335775702163,5785.25245107749,5681.985021261367,5509.757498204242,5434.611789754773,5415.486787033687,232946.0248494856,4956.298401052885,5461.573
Asia,2021-03-29,4679006159,12612.644827014397,17259.47220684492,15491.255781267273,12612.644827014397,9281.773497615342,6302.773447055111,5022.048701158209,35688.31008581843,699.7707859964398,1128.858
Africa,2021-03-29,1371693397,3858.5011879131876,4899.3604428168965,4772.986467982795,3983.767783662536,2840.134754677471,2050.8733833425945,1829.0443885318894,36566.250112829526,664.840911142355,294.572
Europe,2021-03-29,748121993,4162.379739608816,4164.694543774038,4164.136156461424,4163.4352900968415,4162.379739608816,4162.368196287654,4162.283052998522,203968.0844468623,4162.6139683033125,3440.14
Oceania,2021-03-29,43198762,64.89655484613738,76.99390108968284,71.67477165148298,64.89655484613738,23.470047392488066,8.808661347194734,1.5274925212346586,294.20561797773183,14.009791332272943,1.857
Americas,2021-04-05,1026782740,6508.25985565197,6765.861431929167,6724.745421743057,6602.409909073527,6438.5843779968845,6333.584649751985,6315.638169669416,270230.566047642,5749.586511651957,5192.43
Asia,2021-04-05,4679006159,19159.637084089783,25430.554455831065,23795.315147816327,19917.95404410171,14160.477930515879,9490.62418225389,7551.408190246462,60338.93994756976,1183.1164695601913,1505.572
Africa,2021-04-05,1371693397,4305.612349984248,5307.59800433656,5116.7459291737105,4404.241885950773,3188.810473972287,2468.3398993982946,2126.7671912849073,56361.52230945002,1024.7549510809094,265.145
Europe,2021-04-05,748121993,4146.957929714828,4191.6467963497025,4182.835872775391,4159.92592325872,4136.289587171016,4119.9556515132035,4113.121451996372,200532.82923956795,4092.506719174856,3371.572
Oceania,2021-04-05,43198762,9.002717104622203,53.852769893199074,45.33601910265736,19.21218011295695,1.1684950081168026,-15.791814244737868,-28.13411193116484,-192.99438202226548,-9.190208667726928,2.571
Americas,2021-04-12,1026782740,6647.957546131285,7041.265800741476,6945.249870545243,6786.937194958921,6601.097523934669,6507.07074259488,6463.006341196978,271696.966047642,5780.786511651958,6606.573
Asia,2021-04-12,4679006159,22944.12133011119,31321.241898392705,28935.342316329105,24200.31291489337,16985.87670840334,12489.39415557041,9642.413918616876,59141.16851899834,1159.6307552744772,2156.573
Africa,2021-04-12,1371693397,4659.0701424559875,5839.901711124142,5584.270911491474,4659.0701424559875,3555.8568715549795,2676.4309770525683,2375.128985929155,57958.09373802154,1053.7835225094825,270.288
Europe,2021-04-12,748121993,4044.342095384873,4079.738641580799,4075.1699289682615,4058.739398236144,4036.1524856447036,4022.0963518454223,4017.1976118937973,195943.06923956823,3998.8381477462904,3659.855
Oceania,2021-04-12,43198762,28.39258118791073,77.58332304110361,71.22470067581206,46.66661867389122,28.39258118791073,12.630270206082256,4.307002736051451,485.6056179777309,23.124077046558615,0.42899999999999994
Americas,2021-04-19,1026782740,6984.112004436744,7335.771046994588,7244.00060040252,7082.609581956517,6922.234221037424,6821.9066338294415,6754.145075855534,284085.9422381184,6044.381749747199,5862.429
Asia,2021-04-19,4679006159,23985.787581467826,43827.43209976612,39627.82030074512,30334.00651390295,21988.412126891148,17699.63271614471,16605.318125071586,69524.91423328404,1363.2336124173341,2859.148
Africa,2021-04-19,1371693397,4435.39839318759,5737.919095912899,5502.61046913256,4484.252819335864,3261.0923694905046,2419.715169526205,2278.422302643887,56931.950880878685,1035.1263796523397,317.717
Europe,2021-04-19,748121993,4172.4970144236895,4223.100262159287,4203.426420958482,4188.674426506677,4164.459750177946,4146.846003067843,4140.365108175603,201943.46923956796,4121.295290603428,3449.576
Oceania,2021-04-19,43198762,20.869238792574098,77.25002160970422,64.87302783513752,40.81967406452896,20.869238792574098,11.538678603432366,2.224211456047419,311.60561797773386,14.838362760844468,3.143
Americas,2021-04-26,1026782740,6890.71125846408,7303.38509648764,7210.454021191066,7017.666133445446,6794.147874589279,6693.102711340585,6640.957382638069,274160.66128573904,5833.205559271043,5691.428
Asia,2021-04-26,4679006159,34646.809822218915,68561.24892880424,64546.281358439584,47076.68883833182,31113.79557967718,22351.382533523232,19644.96645368245,70834.30280471261,1388.9078981316197,4166.144
Africa,2021-04-26,1371693397,4427.026075310474,5578.117718592782,5381.620960519374,4451.235385814068,3305.684548852045,2350.2366957238264,2114.075735799939,57225.808023735815,1040.4692367951966,318.719
Europe,2021-04-26,748121993,3778.5946346216415,3802.9236234712157,3800.07690266245,3786.6558054974485,3766.013891947053,3754.8346861882164,3751.4976576338418,182897.86923956763,3732.609576317707,3221.572
Oceania,2021-04-26,43198762,30.06899560519312,86.6943198002296,73.76019972746032,51.49683381473651,30.06899560519312,21.64770079492257,14.195491342051396,555.2056179777342,26.438362760844484,2.143
Americas,2021-05-03,1026782740,5610.368848218463,6054.934809360799,5944.1066467842375,5724.246774281476,5553.069258245833,5420.629200713845,5366.658986860623,213622.4022424134,4545.157494519434,5512.43
Asia,2021-05-03,4679006159,50489.62426867431,83745.29965126101,79747.91651706997,60117.411222503084,38815.85251271412,25302.077341753848,21603.224990366078,76550.26686001202,1500.985624706118,5152
Africa,2021-05-03,1371693397,4398.816110876415,5625.2010579463995,5374.50321288861,4405.845842087798,3332.424982585899,2514.8732988972192,2304.9614313678258,65055.74320038713,1182.8316945524932,303.715
Europe,2021-05-03,748121993,2390.1236664048106,2408.3402288627403,2406.9633716089957,2393.025285844216,2373.748365892974,2361.718787608091,2353.38104048057,114334.80665892315,2333.363401202513,2765.716
Oceania,2021-05-03,43198762,36.431569176511424,96.01721204919762,84.09001780197683,58.578651799000696,36.431569176511424,29.429955961275144,21.498145834177468,740.6056179777303,35.26693418941573,1.429
Americas,2021-05-10,1026782740,5613.34176969622,6027.350547662964,5984.969749011488,5762.07622483916,5575.845167547684,5442.756220717459,5395.66516089936,211055.86652813098,4490.550351662361,5023.142
Asia,2021-05-10,4679006159,58255.47917481219,85811.35947539638,80746.96091012968,63588.28074236492,39309.00928458885,25147.84123643069,21649.854680458942,76663.63257429772,1503.208481848975,5560.284
Africa,2021-05-10,1371693397,4314.842532215591,5574.057687771361,5258.473933043879,4329.591862086005,3200.61778430599,2447.0967543606,2345.870403909736,67062.45748610141,1219.3174088382075,313
Europe,2021-05-10,748121993,2212.4342096222786,2234.436185695186,2228.0790455121783,2213.8959824525455,2196.3397689410317,2186.4803171937,2182.373467081779,105971.90665892311,2162.691972631084,2373.573
Oceania,2021-05-10,43198762,10.48337691914553,70.62698526490881,56.02070602028716,33.68630089967869,10.48337691914553,-3.0829906075376097,-12.347442137089418,141.20561797773001,6.724077046558572,1
Americas,2021-05-17,1026782740,5649.906591422497,6033.555259848837,5981.968929893909,5762.976469334685,5570.483135840224,5448.254475255385,5386.128968615985,206652.9736709879,4396.871780233785,4793.858
Asia,2021-05-17,4679006159,59392.097223018915,87091.81178961256,85866.39039226195,67289.94148195378,42332.785565535916,24256.12574438555,20442.780849244205,76519.08400286916,1500.3741961346893,5609.57
Africa,2021-05-17,1371693397,4233.670760799024,5356.158368324899,5127.311101219275,4351.98531286444,3124.0561058154262,2428.9423854540073,2173.8760612338497,66900.60034324427,1216.3745516953504,260.288
Europe,2021-05-17,748121993,1724.6694525457374,1745.2260912789186,1729.9065644969987,1724.6694525457374,1695.6414257794063,1678.0706716279544,1675.9794993823164,80879.70665892321,1650.6062583453718,1977.138
Oceania,2021-05-17,43198762,21.292641527733263,81.69872999653771,70.34200579374216,43.829344779754884,21.292641527733263,13.73417671958977,6.6911675895849445,352.4056179777273,16.7812199037013,2.2859999999999996
Americas,2021-05-24,1026782740,5380.786690608729,5764.262747353236,5722.669279428786,5491.648564553392,5307.010921441848,5182.090755626205,5131.8068481131095,193180.1998614612,4110.217018328962,4615.428
Asia,2021-05-24,4679006159,54343.82941742075,85892.36632868549,83364.0273749249,65914.01772392626,41470.700652318126,18719.281684409638,15134.449949050868,72345.38971715485,1418.537053277546,5521.002
Africa,2021-05-24,1371693397,4330.29065860335,5499.720946478946,5304.157148863645,4503.423396177331,3374.4917584219006,2680.9337222838553,2495.2850300640503,71746.88605752998,1304.488837409636,301.29
Europe,2021-05-24,748121993,1389.09722319303,1403.0993604741675,1396.6349755302206,1389.09722319303,1365.6625025237984,1352.8881072395752,1351.2672015778992,64833.6223892598,1323.1351508012203,1586.286
Oceania,2021-05-24,43198762,23.28708239809517,85.19443205568145,62.71098782537454,45.144573585195786,23.28708239809517,14.410042577328024,7.513604727451442,395.6056179777309,18.83836276084433,2.857
Americas,2021-05-31,1026782740,5481.002339259184,5786.78181681443,5730.28877883117,5553.060748945691,5357.480909308932,5217.9609499402295,5154.061612588651,194570.7284328904,4139.802732614689,4733.854
Asia,2021-05-31,4679006159,42901.818066328786,79972.19249868635,76361.2294115876,61132.9103608347,34209.887993928336,17055.235988351964,11959.511791735873,66358.42686001198,1301.1456247061174,4824.575
Africa,2021-05-31,1371693397,4863.943582416446,5861.305245640358,5564.427995138018,4866.25457683474,3708.843468015895,2936.165005893435,2548.7285888492797,76310.31462895856,1387.4602659810646,279.717
Europe,2021-05-31,748121993,1567.0435274920073,1580.6677608078155,1575.7912578049543,1567.0435274920073,1545.3602565956887,1531.4139597832504,1526.9773801577219,73510.26238925947,1500.2094365154994,1400.286
Oceania,2021-05-31,43198762,-2.462390578543044,53.89328305602303,39.929785327116086,21.010450051352414,-2.462390578543044,-6.247817123903994,-8.939717743263529,-94.59438202226622,-4.504494382012677,0.857
Americas,2021-06-07,1026782740,5374.7249233673265,5676.950895306904,5633.891688910214,5456.572366552655,5264.941210102806,5132.59321140713,5060.485177151659,190766.8148384204,4058.868400817455,4319.571
Asia,2021-06-07,4679006159,37421.411390233334,70775.25689951821,64214.574416199706,47517.6650998812,26032.76415971613,15647.917876953155,12676.827069071232,76216.35709042686,1494.4383743220953,4055.1420000000003
Africa,2021-06-07,1371693397,4158.999831176785,5405.980767594537,4968.044969435833,4222.384893785843,3153.8138284755987,2477.720504822836,2278.0348453066476,43418.45088087867,789.4263796523395,277.717
Europe,2021-06-07,748121993,2412.359032642501,2418.029170772718,2412.8506375082916,2412.359032642501,2379.111130092311,2363.5823237962463,2361.749046390119,114068.23830323815,2327.9232306783297,1124.432
Oceania,2021-06-07,43198762,16.468093671912172,74.83412406379274,64.91415973439372,40.554469558627844,16.468093671912172,12.561529390708902,11.028502345884837,290.00561797773423,13.809791332273058,0.286
Americas,2021-06-14,1026782740,5457.88742359272,5778.772461515422,5723.530632142091,5557.626815117656,5362.446711910063,5204.416084549079,5168.478533221479,196829.14340985144,4187.854115103222,4531.569
Asia,2021-06-14,4679006159,21773.004240611317,41125.46628923036,39495.73236366195,30722.71194526604,19648.519918424252,13492.409927266965,11039.900729435447,68916.79994756973,1351.309802893524,4881.429
Africa,2021-06-14,1371693397,4302.6264501838505,5581.6099114465505,5306.76434321463,4338.680977949153,3181.442050942088,2556.198763447475,2474.691907706546,40138.87945230725,729.7978082237681,345.29
Europe,2021-06-14,748121993,2724.7645972129862,2725.833950024643,2724.7645972129862,2724.7645972129862,2693.7597531140636,2682.869487704012,2678.3523950745034,129702.03830323825,2646.9803735354744,1036.573
Oceania,2021-06-14,43198762,18.509427014664066,78.49212082209603,68.57986463930575,43.30476215940891,18.509427014664066,14.140698228371598,12.455385600754035,342.2056179777339,16.295505617987327,0.143
Americas,2021-06-21,1026782740,5249.276604324627,5552.039250959351,5510.648987184255,5358.1950652125615,5146.18431622596,4995.107328222477,4969.944611467435,191001.7029336602,4063.866019865111,4443.288
Asia,2021-06-21,4679006159,21835.376146569673,40565.389999367086,35498.94774260257,28152.08308014176,16740.79317619749,10979.113069031328,9339.190443939327,68705.9741900849,1347.1759645114687,2965.431
Africa,2021-06-21,1371693397,4746.155840371087,6333.772440069141,5997.896587854765,4912.376130670553,3742.613337153946,3127.765373311016,2877.316936249861,55498.022309450105,1009.054951080911,421.718
Europe,2021-06-21,748121993,2453.126512076487,2464.2776289054163,2461.482580017147,2453.126512076487,2428.662978924483,2415.971414639171,2411.692173813902,116329.23830323762,2374.066087821176,910.859
Oceania,2021-06-21,43198762,-2.455621756650387,60.78600954200731,44.603031679779285,21.573078819123534,-2.455621756650387,-11.518375205004507,-15.495563180048245,-212.19438202226098,-10.104494382012428,1.572
Americas,2021-06-28,1026782740,5311.536016171385,5589.963627619474,5544.858685175807,5418.506275942499,5223.2291442419855,5103.360934278115,5095.209494154905,198515.5481717536,4223.735067484119,4055
Asia,2021-06-28,4679006159,22251.12342014717,38808.30353725714,33695.723658558476,27144.258005423962,17994.998649205252,12524.310320541872,10063.583097643159,71409.5570472278,1400.187393082898,2491.717
Africa,2021-06-28,1371693397,5219.009482865433,6628.280817110211,6433.020992377727,5360.306886173298,4101.535845439501,3429.579905028325,3204.437845655896,67609.02230945019,1229.2549510809124,526.574
Europe,2021-06-28,748121993,2209.1965506592937,2209.1965506592937,2209.1965506592937,2209.1965506592937,2176.90821568608,2164.896141097395,2156.65867688067,104225.95830323827,2127.060373535475,1000.287
Oceania,2021-06-28,43198762,1.1669431447385163,65.77693131418533,52.74332457246772,27.253826350598,1.1669431447385163,-5.957742150279433,-11.893711885950857,-227.19438202226513,-10.81878009629834,1.429
Americas,2021-07-05,1026782740,4058.139725717512,4433.926801775436,4386.025602901961,4225.413375012141,4030.654858672716,3940.2751927706636,3913.661718284804,146732.85833135844,3121.9757091778392,3778.857
Asia,2021-07-05,4679006159,22082.05015210096,43984.50008660092,36930.98291803354,28011.06306211125,17856.50706701007,12087.531360291969,8940.746423441773,71663.42210305123,1405.1651392755143,2327.714
Africa,2021-07-05,1371693397,5764.373111860181,7876.116467348186,7565.586455847023,6083.888137435253,4582.397008825033,3598.9362141296842,3341.2016009917184,56795.8765133177,1032.65230024214,772.147
Europe,2021-07-05,748121993,2876.5566026761994,2887.7618874650807,2884.363190409619,2876.5566026761994,2846.335390716926,2832.549660010922,2831.4750124235557,135918.82575733692,2773.853586884427,998.286
Oceania,2021-07-05,43198762,18.23991965554524,134.21928065603944,90.34447653213886,49.82230714099319,18.23991965554524,13.499590378782235,10.016788075923083,-6.9943820222679,-0.3330658105841857,2.286
Americas,2021-07-12,1026782740,4123.8507238731345,4795.443302792476,4591.485557478388,4302.148321419536,4005.197252642876,3877.15360950969,3839.2822949637657,124395.16782841552,2646.705698476926,3263.57
Asia,2021-07-12,4679006159,22752.63189456436,42210.59437189243,36867.07579869563,29148.95248606611,19812.68297901667,12716.123593849246,9942.232636320323,77129.7478173369,1512.3479964183707,3107.8579999999997
Africa,2021-07-12,1371693397,6455.377614374414,9002.361564107992,8581.173565602427,6890.5735476753935,5123.2978753989855,4018.0368906953186,3703.6903037527322,80522.87651331787,1464.052300242143,765.57
Europe,2021-07-12,748121993,3228.9090043284905,3251.045104833564,3247.0092136270446,3228.9090043284905,3200.0560075228063,3181.1554291713683,3178.0886234424784,152759.14575733632,3117.5335868844145,955.0029999999999
Oceania,2021-07-12,43198762,33.81111287118937,140.9623903086971,105.24926605348652,63.3647315475408,33.81111287118937,21.927613822692454,18.202725731292468,102.20561797773694,4.866934189416044,4.714
Americas,2021-07-19,1026782740,4535.820097882578,4944.914312441489,4855.120308108129,4638.821900876035,4395.212535319527,4276.797122990944,4240.610875549373,148270.72020936717,3154.6961746673865,3051.7149999999997
Asia,2021-07-19,4679006159,22455.218517229936,38760.65814161131,35010.04103833254,28789.794009386307,20214.924325059194,13866.149321824592,11184.185428734987,77043.48496019412,1510.6565678469435,3010.286
Africa,2021-07-19,1371693397,6296.329908610954,8764.44009545311,8477.911248035625,6722.938784100918,4867.66172843363,3881.965184863048,3757.7129676639775,74609.59079903198,1356.5380145278543,888.43
Europe,2021-07-19,748121993,3191.7532644973217,3208.7597948269017,3206.9296732628127,3191.7532644973217,3163.1803196800297,3147.864887432938,3142.6036424098506,151602.74575733748,3093.9335868844382,965.145
Oceania,2021-07-19,43198762,41.214517417734875,140.7145722527181,112.5497454003555,68.61645790811022,39.2417400956144,25.274304180989756,21.289506692652253,23.60561797772609,1.1240770465583854,9.429
Americas,2021-07-26,1026782740,4959.478604834553,5391.515115197089,5260.554680931404,5054.225507140293,4810.747194746408,4701.629880278812,4620.726630348515,176894.167828416,3763.7056984769356,2807.8559999999998
Asia,2021-07-26,4679006159,26369.186173620976,43532.91112291989,40034.77952217037,30612.022423858438,22257.72123268711,15287.29073538911,11797.18093707256,92914.53924590837,1821.8537107040856,4018.003
Africa,2021-07-26,1371693397,6288.594347006783,8283.10119719973,7830.630280105971,6681.137724385161,5011.648254505264,3973.5290689342823,3757.2373010719566,66609.44794188913,1211.0808716707113,946.144
Europe,2021-07-26,748121993,3245.6848261611726,3262.671555196579,3258.7339349552117,3245.6848261611726,3216.752840497181,3199.8994670940874,3195.3623552493377,153802.14575733672,3138.8193011701374,1009.574
Oceania,2021-07-26,43198762,26.581199500876792,127.52728124938211,101.45563994402312,58.29803753743043,23.40155360562252,7.104071233273015,3.6281765299450353,-71.9089887639681,-3.424237560188957,13.428
Americas,2021-08-02,1026782740,5175.611231905066,5477.290406475175,5394.15843689243,5214.92601898812,4988.006635487364,4870.540122015696,4839.8243026680775,189030.25730614047,4021.920368215755,2899.426
Asia,2021-08-02,4679006159,27660.164956358727,44936.64868785815,42679.40844527751,32863.52699730786,24197.25000505691,17456.81129609719,14033.706564951928,111681.87479204692,2189.8406821969984,4287.143
Africa,2021-08-02,1371693397,6091.998468095739,8284.543913920088,7906.0296432144305,6656.762433793428,4829.724733059451,3905.5473445374773,3682.914585150778,49765.30508474627,904.8237288135686,945.7130000000001
Europe,2021-08-02,748121993,3148.817823094913,3162.462036309691,3157.300569453886,3148.817823094913,3123.169783639909,3111.002796443537,3107.2485120800698,149624.16188636865,3053.554324211605,1086.2859999999998
Oceania,2021-08-02,43198762,28.515324804338654,130.1504873000337,104.7870987656465,63.79519705805774,28.41423698956692,12.355331858799111,5.418093674305936,-11.90898876396693,-0.5670947030460443,8.858
Americas,2021-08-09,1026782740,5965.3437318634615,6277.577294654526,6173.871065509516,5970.965362396088,5781.585848495794,5678.648398157945,5619.461662600638,231499.34540138108,4925.517987263427,2861.429
Asia,2021-08-09,4679006159,26090.930222634895,43220.60100804439,39739.353072024016,32114.280997738828,23539.48747780096,16693.53354240387,12612.896935564595,110244.84050633265,2161.663539339856,4667.43
Africa,2021-08-09,1371693397,5481.657428164521,7558.193112969179,7240.225684867827,5862.625775685826,4522.22833996599,3571.4434723345157,3289.455205407024,36779.01937046056,668.7094430992829,910.571
Europe,2021-08-09,748121993,3555.739026967486,3571.1658254005765,3569.374395313474,3555.739026967486,3525.6296895650503,3511.293637228746,3506.454740897777,168752.64188636935,3443.9314670687622,1150.715
Oceania,2021-08-09,43198762,24.816829768533992,113.70201515235894,100.8663940238648,63.49724373207701,24.816829768533992,13.187951839081121,5.455479259205477,-19.708988763968367,-0.9385232744746842,11.571
Americas,2021-08-16,1026782740,6623.8524990602245,6839.949791703172,6754.324346530128,6623.8524990602245,6397.987314756467,6291.173349205967,6250.9175656908865,264091.9430204271,5618.977511072917,2874
Asia,2021-08-16,4679006159,25539.1105334485,41128.8127093986,39587.38071937308,32488.298920317153,22627.621706051978,15768.797159445874,12266.649585432451,125819.07479204691,2467.040682196998,4837.575
Africa,2021-08-16,1371693397,5475.459343675283,7442.3865285485335,7219.781468055284,5908.085125762283,4500.5424906181115,3508.16946157596,3330.787272215949,39976.8765133177,726.85230024214,885.287
Europe,2021-08-16,748121993,3521.0034029603416,3531.0502290753643,3525.4761177416103,3521.0034029603416,3476.6854300750733,3461.2121328242597,3455.8317543078724,165649.85649311036,3380.6093161859258,1226
Oceania,2021-08-16,43198762,21.138675939746093,117.83067255391805,101.68401954968564,62.01395118779078,21.138675939746093,11.617759105541824,4.140034685958631,-25.108988763967563,-1.195666131617503,14.429
Americas,2021-08-23,1026782740,6673.567255458728,7211.912787239449,6837.1188988759795,6673.567255458728,5206.977273553372,4902.596519081622,4757.449006009582,142084.04906438626,3023.0648737103456,3286.144
Asia,2021-08-23,4679006159,25048.91042362148,40986.03723626324,38503.86097327567,32262.01075049774,22929.894012150184,16022.005797906008,13616.789920705569,153735.60050633238,3014.423539339851,4548.573
Africa,2021-08-23,1371693397,6169.526945464264,8548.849050116056,8114.174483990105,6718.0593082750065,4945.4963636477,3798.720124657339,3608.525844985733,34525.59079903198,627.7380145278543,789.717
Europe,2021-08-23,748121993,3362.6431698628203,3396.7986267583506,3385.2970227730552,3362.6431698628203,3335.7928707077476,3316.0605408432743,3309.1615520093383,158312.45649311133,3230.8664590430885,1384.002
Oceania,2021-08-23,43198762,9.383054109802893,96.60782146451253,89.24706480839855,46.496623775471335,9.383054109802893,-5.159868842391399,-7.988029366277278,-116.9089887639696,-5.5670947030461715,9.572
Americas,2021-08-30,1026782740,6522.786129241413,7426.401230878721,6798.831733473875,6522.786129241413,5156.873208783681,4917.3194614184795,4761.664320058013,137949.83954057674,2935.1029689484412,3385.142
Asia,2021-08-30,4679006159,23607.933057214606,38416.3949992629,36205.72334974539,29940.21148063829,20926.06079635614,15277.318152563525,11213.061338464064,135316.02137310363,2653.255321041248,4167.571
Africa,2021-08-30,1371693397,5185.05966103061,7262.295419870315,6802.216277937995,5582.937322362464,4176.232911779723,3197.5719347890795,2887.0542639110636,33188.30508474627,603.4237288135686,791.57
Europe,2021-08-30,748121993,3419.8366406028463,3502.14869559586,3486.4151706669268,3419.8366406028463,3321.099201680524,3251.630631335601,3242.373693786193,150415.78166165066,3069.709829829605,1495.001
Oceania,2021-08-30,43198762,14.1545254658182,91.73631123521456,77.07793331404052,47.67770815234259,14.1545254658182,3.3370685216807447,-3.6844327881185186,-42.508988763967494,-2.0242375601889284,9.572
Americas,2021-09-06,1026782740,5874.032093726074,6792.69407528058,6104.457277143196,5874.032093726074,4513.744332239357,4221.689616969616,4140.985457601072,105970.0565314919,2254.6820538615298,3374.287
Asia,2021-09-06,4679006159,21601.565656082006,36321.35666427137,34188.14393687309,27368.633434739284,19150.846030596033,13832.781178469408,10235.333804662192,85787.57254342215,1682.109265557297,3836.86
Africa,2021-09-06,1371693397,4830.805442279311,6561.704609628641,6128.873081943508,5259.805439391317,3822.878691372496,2861.4967419761933,2469.948067586856,23052.590799031987,419.1380145278543,615.001
Europe,2021-09-06,748121993,4490.33257673445,4638.394828762154,4606.265960814918,4505.212179376823,4385.983751728558,4308.654360316549,4280.595711114013,186828.24133554698,3812.821251745857,1531.715
Oceania,2021-09-06,43198762,11.874207929596325,91.09577440066037,74.58780065679443,45.52815809693702,11.874207929596325,4.96378467949476,-1.608504760100328,-17.30898876396783,-0.8242375601889442,11.143
Americas,2021-09-13,1026782740,4429.051887183156,6316.182531656313,5724.648659359873,4838.81175890952,4190.921512045476,3867.608005052723,3817.296205836252,91875.42796006324,1954.7963395758138,3622.572
Asia,2021-09-13,4679006159,20770.089602587053,32008.86910172062,29675.159183763444,24110.86754059165,17236.167216443457,11660.656882103323,9368.13468914928,73963.44111485072,1450.2635512715829,3323.573
Africa,2021-09-13,1371693397,4508.774002408764,5934.3662786201985,5592.02111519732,4794.537937757048,3441.0154901078263,2545.434124300815,2272.248128541826,15277.162227603416,277.76658595642573,501.714
Europe,2021-09-13,748121993,4143.122387610209,4281.991726009793,4255.795307518907,4143.122387610209,4008.866471595541,3936.1885390578423,3912.291919628589,166321.4613355466,3394.3155374601347,1592.573
Oceania,2021-09-13,43198762,-11.037670200151773,70.1942904642725,51.658360936393066,25.53528326339877,-11.037670200151773,-23.89060074516367,-27.168250690748323,-302.308988763966,-14.395666131617428,10.285
Americas,2021-09-20,1026782740,4189.853786094777,5679.729415143076,5148.389461275628,4413.2199936298375,3774.665101314037,3467.086186306997,3332.249399497891,79318.14700768238,1687.620149099625,3670.57
Asia,2021-09-20,4679006159,19381.5155918784,29367.830348988282,27821.708032539518,21691.45401037578,15788.926631528122,10604.835175170823,8432.937586646776,62403.540054090685,1223.5988245900135,2824.715
Africa,2021-09-20,1371693397,4620.860085320469,6124.43671063168,5668.869177283452,4712.382772037978,3462.2949779674527,2566.3581618061885,2280.095636003307,13133.733656174843,238.79515738499714,431.716
Europe,2021-09-20,748121993,3944.1791672933446,4122.662793149663,4093.488512257783,3965.04441411221,3840.476105809151,3772.061797037791,3755.2948615330574,153804.95796476025,3138.8766931583723,1699.5729999999999
Oceania,2021-09-20,43198762,2.7855762464236316,77.54699578306459,69.1442535468166,36.61180021201108,2.7855762464236316,-12.336951616347353,-18.057925399032094,-237.50898876396838,-11.309951845903257,17.143
Americas,2021-09-27,1026782740,3609.18841469638,5315.243383168091,4817.210289060633,3829.0294597899574,3287.690217820884,2992.2478978265126,2876.7935999906827,54170.29155021853,1152.5593946855006,3628.283
Asia,2021-09-27,4679006159,17791.009349742893,29001.178105394374,26057.730744786768,20895.67052611619,14632.195591078571,9798.796257349737,8534.798341815876,50534.9657683764,990.8816817328707,2193.429
Africa,2021-09-27,1371693397,4277.175123769017,5877.440364399557,5527.344383461667,4630.918550869683,3085.2978233224885,2113.6964585818687,1726.4380837912265,8810.733656174843,160.19515738499715,410.289
Europe,2021-09-27,748121993,3957.711791349553,4200.61306170355,4190.806345387557,4022.59118078856,3868.8507279062487,3764.798849377341,3730.623085123326,147741.54380745688,3015.1335470909567,1797.431
Oceania,2021-09-27,43198762,8.27302675250404,81.08351386585109,70.12024001292524,44.65002478528295,8.27302675250404,-6.104891750975339,-8.14202531101359,-208.7089887639687,-9.9385232744747,17
Americas,2021-10-04,1026782740,3539.410132262843,5384.250343557171,4754.318192734213,3539.410132262843,2801.889052240948,2435.3296922472323,2301.66297687451,11126.991983405878,236.74451028523146,3319.429
Asia,2021-10-04,4679006159,18484.278545340447,27334.972053310565,24647.880991414684,19079.483302270546,13642.26862270078,9080.039272395976,6702.693823434572,22424.28162576833,439.69179658369274,1940.998
Africa,2021-10-04,1371693397,4254.958993293129,6125.433459671012,5857.757083576764,4660.022553122619,3112.2714312729404,1930.0568375703706,1735.1873382894516,5378.733656174843,97.79515738499715,432.715
Europe,2021-10-04,748121993,5397.047110054367,5805.690932535014,5700.352797835745,5543.240843983572,5284.675854155038,5153.054782020719,5110.978141031343,200722.4057097487,4096.375626729566,1926
Oceania,2021-10-04,43198762,7.505971143702603,85.49744132517384,79.38456817095037,41.795229645762205,7.505971143702603,-6.028843668490995,-11.954800030720639,-199.7089887639681,-9.509951845903243,21.429000000000002
Americas,2021-10-11,1026782740,3422.257819166729,6006.989687768191,5292.598732634865,3890.4935919274794,2847.9536498296716,2264.5473707391966,2183.4579769901475,2932.338291586854,62.39017641674158,2798.998
Asia,2021-10-11,4679006159,18501.996931128488,26328.802590500014,23842.17747688339,19322.704238460035,13334.795434523898,9213.340186779049,7813.0335109450825,33048.74734005405,648.0146537265499,1607.716
Africa,2021-10-11,1371693397,4079.91205165364,5809.135433886454,5499.5416512131205,4306.651697956729,2874.1325485616117,1792.932641060647,1579.4326724368343,8072.162227603413,146.7665859564257,271.573
Europe,2021-10-11,748121993,5784.692309166085,6332.901429878198,6202.29537229127,5945.718751219062,5681.236042466967,5489.173346908017,5386.17511022349,205096.89526030826,4185.65092367976,2202.574
Oceania,2021-10-11,43198762,4.180684061440012,78.767088414253,64.6015879829636,41.98130784087781,4.180684061440012,-9.638814177698434,-16.709114507912748,-234.5089887639681,-11.1670947030461,19.285
Americas,2021-10-18,1026782740,3085.5582978994707,5934.761227304955,5173.170222305133,3674.769306139706,2538.0654056521025,2045.0335093640765,1837.7591839325398,365.5787677773293,7.778271654836794,2746.1459999999997
Asia,2021-10-18,4679006159,17907.55501759264,25062.831798870913,23439.05771172256,18145.171847366706,12414.869207177615,8677.39866097627,7386.7979832793435,24683.581625768333,483.9917965836928,1460.284
Africa,2021-10-18,1371693397,4015.8666421615408,5940.973479384928,5643.163734597682,4403.9976367406,2812.6840898189516,1608.5788879429674,1353.6311899177515,4318.019370460557,78.50944309928286,218.429
Europe,2021-10-18,748121993,6365.004756193114,6723.044931661152,6683.845849123086,6365.004756193114,5899.245103471587,5637.122217398808,5542.04799726203,198117.17952996818,4043.2077455095546,2421.717
Oceania,2021-10-18,43198762,42.51389601634549,114.38684930357513,109.77386604982802,71.51242079979828,36.0517126412877,11.338137160753515,6.569881117253969,0,0,24.429
Americas,2021-10-25,1026782740,3010.0995201086243,5548.333858323364,4917.971818420953,3404.437665394619,2425.6630422386115,1948.5229658699827,1717.6683976331194,308.6677655757954,6.5673992675701145,2539.8559999999998
Asia,2021-10-25,4679006159,17880.10450624301,25667.8730404814,24949.792212243785,19052.630599052576,12665.80159483523,8774.619773308475,6067.665379555491,20336.0501971969,398.74608229797843,1516.143
Africa,2021-10-25,1371693397,3981.4824324186748,6653.731024772864,5594.880809215617,4385.007165513099,2692.829275752122,1530.0733215642176,1344.9825300102968,2573.7336561748425,46.79515738499714,207.573
Europe,2021-10-25,748121993,6491.579983879301,6997.716696905429,6754.901579778821,6491.579983879301,5469.145411231336,5059.33066533805,4903.412058769984,168600.63346254997,3440.8292543377543,2813.717
Oceania,2021-10-25,43198762,33.81563478251312,104.52572348619822,91.57580970903001,56.742657527260164,25.594884002699047,5.986911549415759,-1.2597735629640916,0,0,18.714
Americas,2021-11-01,1026782740,3003.7800541806146,5554.327140500918,5067.8036220694585,3379.3272205488497,2379.430023489984,1654.8848950178776,1511.6808835504312,0,0,2109.285
Asia,2021-11-01,4679006159,13825.81992879115,23797.054728212344,22310.1999738333,16489.06321589856,9183.692272123675,4587.231354716548,1806.9057190575202,0,0,1672.429
Africa,2021-11-01,1371693397,3986.504507003647,6282.01194426736,5770.744749044517,4207.195699529274,2175.4955842158083,887.0089603314714,438.48486366985225,0,0,181.858
Europe,2021-11-01,748121993,5464.153913582663,7195.61050486045,6790.302229442921,5464.153913582663,3508.682512880279,2639.761102951484,2078.6754261171805,0,0,3199.285
Oceania,2021-11-01,43198762,43.091250370728005,108.12341096491262,99.49815626375116,60.49471296225929,26.84760615437606,8.86812352447477,4.452441234276956,0,0,19.857
Americas,2021-11-08,1026782740,2936.6601120782652,5616.237815275647,4691.075249458224,3409.0182346606853,2334.5924599490204,1605.5998217676502,1333.0230895015811,0,0,1870.714
Asia,2021-11-08,4679006159,13179.00574049085,24118.625193918884,20957.821331556064,16289.958412826394,8366.750546847643,3043.4753338421024,793.0344568528614,0,0,1433.146
Africa,2021-11-08,1371693397,4146.256091403618,6316.389256044237,5978.906651330062,4202.7277452389335,2185.9354376032543,705.2448334297367,336.0640802892671,0,0,179.433
Europe,2021-11-08,748121993,5623.973754628693,7777.756501491826,7197.285487076613,5631.905978321122,3760.463457669844,2912.4207046845095,2410.9721374966452,0,0,3554.2850000000003
Oceania,2021-11-08,43198762,40.81712855130654,100.48818459354688,90.81894901917704,56.00017633677734,22.03701495408862,-3.0244682643352756,-19.50137853332324,0,0,18.143
Americas,2021-11-12,1026782740,2969.1076606230677,5657.688435085576,4578.334973704145,3438.0585338571063,2390.4252359594566,1569.195943618204,1335.688802289099,0,0,1833.145
Asia,2021-11-12,4679006159,14027.096650738004,23180.982571298908,20663.873276973405,15787.94207686148,8377.151637811596,3473.234348501431,1185.8598411210944,0,0,1354.859
Africa,2021-11-12,1371693397,4116.94512131816,6082.952650200224,5566.719677546598,4116.94512131816,2068.6935013756492,614.206803576021,295.51429947766457,0,0,170.427
Europe,2021-11-12,748121993,5616.617589408653,7913.913930679208,7144.911779288335,5616.617589408653,3756.279898305143,2758.848708966463,2353.88627154366,0,0,3700.9990000000003
Oceania,2021-11-12,43198762,40.48343553778503,103.7132934235371,97.63872006816888,58.47402373238313,20.56744962505211,-2.018825463257935,-17.612200392469212,0,0,14.715
