world,date,population,estimated_daily_excess_deaths,estimated_daily_excess_deaths_ci_95_top,estimated_daily_excess_deaths_ci_90_top,estimated_daily_excess_deaths_ci_50_top,estimated_daily_excess_deaths_ci_50_bot,estimated_daily_excess_deaths_ci_90_bot,estimated_daily_excess_deaths_ci_95_bot,estimated_daily_excess_deaths_raw_estimate,daily_excess_deaths,daily_covid_deaths
World,2020-01-01,7948769202,-552.8308055962046,935.3622840054085,569.0623455619811,-476.4759359732906,-992.60315422332,-1298.660133045738,-1398.8900056677264,-231047.03045216535,-1008.938997607709,0
World,2020-01-06,7948769202,-551.0414672356948,875.6154439081827,539.9205314896438,-489.0093178827526,-1000.4942640278075,-1299.505926700483,-1455.8530693291561,-231047.03045216535,-1008.938997607709,0
World,2020-01-13,7948769202,-797.6782989401783,676.7105989174172,284.2590676889174,-730.1161552256442,-1221.007724928731,-1542.4432467769527,-1675.106945711933,-287828.749674517,-1256.8941033821704,0
World,2020-01-20,7948769202,-734.6355043245649,855.3118498797363,592.5116980813619,-565.1047488798188,-1589.9543013321909,-2095.8962573382287,-2291.496112533699,-355593.5167956934,-1552.8101170117616,0
World,2020-01-27,7948769202,-1292.1645340778423,529.8684802101141,296.6033560682197,-923.5839274524784,-1980.609136131525,-2719.56231953656,-2918.6972673497676,-491533.6643246776,-2146.435215391605,13
World,2020-02-03,7948769202,139.3756728424263,2089.2864996433914,1977.013551910064,524.7141273085314,-532.8315679196371,-1276.485013671229,-1519.3901717360777,-93561.64546532085,-408.5661374031478,49.9
World,2020-02-10,7948769202,-1471.5466855167092,691.8359095100553,-134.85813467782586,-1091.3598559989352,-2340.1293696427247,-3490.8796784657447,-3743.2171378922135,-462394.0025064248,-2019.1877838708506,83.857
World,2020-02-17,7948769202,-2640.664487020315,-306.7013473097182,-997.5845334667588,-2416.20456424787,-3599.6088970517403,-4900.03863347637,-5183.518563912407,-715765.3412877141,-3125.6128440511534,122.74733333333333
World,2020-02-24,7948769202,-3526.00981071209,-1096.1267636704147,-1624.4632196734872,-2863.628214881538,-4103.658186228566,-5395.896002568038,-5605.4068339866735,-671690.5676918223,-2933.1465838070844,109.779
World,2020-03-02,7948769202,-4426.647442938862,-1512.0100912378264,-1687.0907724854724,-3805.1523898846763,-5882.32007803369,-7926.401637583105,-8041.036805656471,-727267.9809473653,-3175.8427115605473,66.90433333333333
World,2020-03-09,7948769202,-1381.7901537850414,1719.4517397391305,1431.5036364983064,-394.3642000460819,-2661.9599496900832,-4051.792462762582,-5114.929344247177,-4070.5377347411295,-17.775273950834627,135.51133333333334
World,2020-03-16,7948769202,1190.5304316553368,3886.0191150112646,3630.5688537954898,2045.241516454765,-475.0154394117575,-2049.5188746267904,-2512.7165119678175,368989.83007480024,1611.3093016366822,471.479
World,2020-03-23,7948769202,3852.9955967435553,7897.605623501459,7757.527839371685,5300.159716979313,2742.878810805663,568.760893847338,403.9496056339326,1429854.7420490414,6243.907170519832,1479.3293333333334
World,2020-03-30,7948769202,5021.636626757282,9387.487012343858,8636.316059155068,6402.438260814306,3648.781310757721,1664.5177262444279,1068.672099639718,2011522.658773046,8783.941741367013,3512.511
World,2020-04-06,7948769202,6812.024186707183,12253.050530438873,10924.179942108607,7757.302872550995,4872.1128510365215,3013.0161605044514,2250.460860153158,2223408.6586040813,9709.208116175027,6222.572666666667
World,2020-04-13,7948769202,5777.6895244403595,11838.763536965878,9977.179871710752,6756.173366786172,3892.0497905766197,2100.0742402504206,2008.7485952103716,1969871.4176516966,8602.058592365487,7377.515
World,2020-04-20,7948769202,3625.8861629155576,9339.83032457861,7554.499982786171,4806.070749647452,1968.0749699407995,23.97365045548673,-57.16161211517633,1591316.5338421743,6948.980497127399,7208.707
World,2020-04-27,7948769202,1656.6336815819345,7169.115751453171,5984.63315371462,3371.4158706615103,309.10421191463007,-2143.527955365555,-2350.321843636807,1192623.7171755107,5207.963830460745,6412.842000000001
World,2020-05-04,7948769202,7560.981794927319,12489.244318464163,11565.447321672384,8559.717605657961,6114.593464966243,4030.0699199585633,3697.1654687281416,1482354.1759619918,6473.162340445379,5804.158
World,2020-05-11,7948769202,7876.502433907103,13180.054255588315,12279.324501724544,9468.215255831936,6785.253955545169,4982.634844846027,4473.850450275565,1477628.3792953265,6452.525673778719,5437.29
World,2020-05-18,7948769202,7737.120190978466,13255.569553061425,12841.737972257031,9549.462837418105,6480.377820438063,4806.703532653152,4384.123013854014,1356339.8378667508,5922.881388064414,5071.556333333333
World,2020-05-25,7948769202,7333.04947918843,22041.794613933052,14722.226343953915,10725.199893330051,6146.72359001858,4518.105774890591,3984.2102040801115,1215769.1692953198,5309.035673778689,4753.683333333333
World,2020-06-01,7948769202,10978.077879720244,18916.764400727952,18386.407706735165,14125.070176228466,10812.463999407571,8310.955510435624,8195.44726890854,1627623.066223126,7107.524306651205,4506.602666666667
World,2020-06-08,7948769202,11668.86720697187,19621.05549021651,19432.419462025708,15066.907146296851,11259.43888815226,8798.896594789518,7949.998555913423,1649935.2995564593,7204.957639984538,4761.006
World,2020-06-15,7948769202,13438.439222608104,21582.01944698214,20599.52336554322,17077.774362406806,12862.996461002502,11025.942921810138,9872.538642020114,1608140.9457469303,7022.4495447464205,4656.859
World,2020-06-22,7948769202,17018.302666793334,23208.448040949053,22321.927520157282,19505.512286212885,15046.041605904566,11753.91760193442,11552.363141983593,1816880.669667143,7933.976723437306,5160.289
World,2020-06-29,7948769202,17131.763307577556,24053.203988827827,23452.659594474506,20623.263416250753,15876.70640942857,13136.939438150699,12122.229634559626,1831253.9091909572,7996.741961532564,4817.288
World,2020-07-06,7948769202,19706.397203346405,25923.55341380888,25633.972562917086,23075.689085983886,18252.637813772322,15671.345489300187,14555.560150892106,2189385.109651779,9560.633666601654,4894.403
World,2020-07-13,7948769202,20403.052280447122,26829.241902738653,26637.16514574558,23919.704986645458,19534.10969812381,17225.71207686407,15362.610270948802,2321529.886794646,10137.685095173125,5352.279
World,2020-07-20,7948769202,22676.135576351677,28060.06503566927,27275.675564169123,24696.235134376013,20020.56367476252,17970.492446565284,16869.499298150327,2364684.8277470204,10326.134618982622,5634.604
World,2020-07-27,7948769202,20992.033158295326,28432.200439226464,27970.61575992843,24877.28364727185,20749.683028075528,18444.306986026135,17889.36369466216,2534859.852985118,11069.256999935013,6094.332333333334
World,2020-08-03,7948769202,19012.3244072697,25412.382457338757,25072.79556866908,22691.961234265254,18988.748366490043,15736.671562784068,15251.355958632614,2100065.429037349,9170.591393176195,6072.294
World,2020-08-10,7948769202,19544.66905374311,26936.730416766753,26086.581030142657,23450.151073585388,19486.442653234,16716.53628974756,15653.019257620608,2237947.0923706777,9772.69472650951,6393.176
World,2020-08-17,7948769202,17979.270533533472,26765.236728418004,25573.04479452503,23080.885012284733,17979.270533533472,15658.606355324571,14859.570428567326,1995846.5476087776,8715.487107461911,6060.287
World,2020-08-24,7948769202,19383.4070572775,25322.088022327414,24615.64381088138,22213.24577767752,18398.85489345922,15279.911254189317,14506.62569909302,1730360.7409421047,7556.160440795217,5867.718
World,2020-08-31,7948769202,17293.708259247906,24104.786267009862,23943.998009768497,20650.027653934463,16401.926617885696,13357.870796463192,12842.07382247957,1534556.2537992487,6701.119012223794,5678.72
World,2020-09-07,7948769202,19708.338746164452,25880.646101268514,25379.816085003295,22321.094320374643,18571.48437643354,15622.695241081668,15240.37572285974,1534538.2063306891,6701.04020231742,5702.5779999999995
World,2020-09-14,7948769202,18896.165527829733,25749.719426321495,24951.89882913659,21936.09131424524,17827.972699246802,15613.598290351643,13345.797646936886,1488735.8072830737,6501.029726126959,5292.645
World,2020-09-21,7948769202,18714.26746737871,25382.062965022207,25033.102114194917,20897.053076617416,17578.615668295166,14390.191646188392,12848.02986901411,1431490.294829659,6251.049322400258,5373.577
World,2020-09-28,7948769202,16270.828572030478,24200.297770931375,22494.692622219613,18995.91654594643,15927.410640692398,13153.435992876579,12918.478579879817,1393084.4867344175,6083.338370019291,5402
World,2020-10-05,7948769202,17947.19259271971,24476.15143536408,23398.261837170256,20159.13012010082,17215.058943861957,14861.7709553823,13679.163342390953,1830549.2846069231,7993.664998283507,5805.455666666667
World,2020-10-12,7948769202,17691.051753641164,24543.448493988937,23107.292329789314,20443.36629072558,17669.74458483853,15175.773451928113,14490.74774565885,1954585.171749781,8535.306426854939,5368.293
World,2020-10-19,7948769202,18884.241208749165,23757.354288699713,23632.352696307535,21114.67375159806,18278.261384221136,15997.783350492935,15654.541936031037,2365370.715083114,10329.12976018827,5494.575
World,2020-10-26,7948769202,20359.121298670707,25005.657094529797,24814.82467038226,22576.42586023816,19602.825580786946,17800.646169205058,17647.81773735701,2689620.3207973996,11745.066903045414,6108.292
World,2020-11-02,7948769202,25260.069674826354,31523.850724891196,29564.305297060953,27710.819917816225,24353.124368676163,21942.6635465982,21484.30907550956,3568819.7678772756,15584.365798590723,6866.291
World,2020-11-09,7948769202,26075.67077021623,32533.93207573152,31292.343552537768,28725.823235954922,25572.15628875599,22541.549016419976,22033.21430357204,3723570.116448705,16260.131512876442,8452.723
World,2020-11-16,7948769202,26864.635646339793,32605.866710598955,30907.314609144552,29074.60465299977,25349.929944227024,23151.534087111184,21694.58375520719,3771547.4702582285,16469.639608114536,9135.863
World,2020-11-23,7948769202,26744.119827691215,31401.044413208165,31038.86500158959,29389.724831526604,25180.676995373957,23050.619959305935,22119.832565429937,3723973.047401086,16261.891036685965,10150.432
World,2020-11-30,7948769202,26490.875314180623,32183.176019210863,32109.88289171912,29698.957745253803,26490.875314180623,23490.53547846329,23100.060476369585,3795115.714067749,16572.557703352617,10457.866
World,2020-12-07,7948769202,26777.893448213046,32208.07808617057,32164.378484907123,30403.449683381932,26777.893448213046,24365.86675614656,23894.551400115088,4016602.3011046206,17539.748039758168,11077.142
World,2020-12-14,7948769202,25786.889640212812,31625.938814903922,31498.208361660894,29423.16525266555,25786.889640212812,23587.44843055427,23310.00519364869,3929666.1587236696,17160.114230234365,11208.289
World,2020-12-21,7948769202,25708.759265361747,31184.893060336934,30914.96898724639,29629.190202586433,25708.759265361747,24023.29943209769,23609.781792702208,4076156.19277746,17799.808702084978,11782.826
World,2020-12-28,7948769202,30110.587500942253,37134.85806515348,36577.81726789817,33417.45936214754,30110.587500942253,28052.652539996732,27028.5158134663,4389032.909738569,19166.082575277593,10643.596666666666
World,2021-01-04,7948769202,26605.16638757165,31533.038146477164,31209.0088090868,29194.108319318046,25636.78707464669,23162.898790897663,22821.637310975115,3989378.5157333515,17420.866880931666,11546.359
World,2021-01-11,7948769202,29695.430743835703,33362.40118800744,33073.253721695284,30552.58015324716,26772.755602319896,24004.566481482067,22969.28527463313,4226595.253828069,18456.747833310346,13389.394
World,2021-01-18,7948769202,26628.69429704443,33450.31243105907,32760.65278942701,30366.217042945933,26152.230885185643,23652.617047090767,22733.90649654524,4301695.803828068,18784.69783331034,14172.679
World,2021-01-25,7948769202,23489.554219474325,29305.247418811952,29255.727823705452,26671.193609044447,23450.39252627212,21073.514594208464,20464.22784214509,3585826.2645423547,15658.629976167487,14607.722
World,2021-02-01,7948769202,20165.308515498647,25342.518698549356,24355.174703950095,22417.930801469553,19533.30320968947,17420.774941976266,16770.83942587285,2786395.5503396657,12167.666158688497,14247.999
World,2021-02-08,7948769202,16653.76763770151,21559.600679617713,21203.215957165652,19135.347916776773,16149.265895064864,13949.931625480005,13679.091360557315,2177901.930101572,9510.488777736122,12877.191333333334
World,2021-02-15,7948769202,16191.404610675843,21463.795071843764,20911.884990690414,18660.821049170703,15596.726674797299,13173.865463776296,12603.47929755144,2019255.6464857513,8817.71024666267,11563.574
World,2021-02-22,7948769202,14654.998313093298,20336.974239025098,18983.337558009218,17067.36062852184,13675.497108242413,11583.342356148318,11006.912808816422,1697739.101247656,7413.7078657102875,9891.292
World,2021-03-01,7948769202,15078.107511602677,19949.10932112326,19624.700357924474,17690.52580641042,14534.976383832474,12981.29752957807,12031.622111610443,1967984.4323055253,8593.818481683516,9744.717
World,2021-03-08,7948769202,15797.105423978635,21047.68940727973,20872.186700937753,18206.41005647932,14783.376804049989,13226.649912835146,11983.731360557422,2002794.4241732224,8745.827179795731,9185.146
World,2021-03-15,7948769202,17243.151610292716,22517.274213685465,22007.073527825385,19699.205897063755,16294.377454073945,13676.167082189995,12993.74068419146,2114788.2917922684,9234.883370271915,8973.491
World,2021-03-22,7948769202,18512.94773791274,25703.768026247948,24943.876191345567,22056.397902382145,18177.513589901617,15227.784046293578,14974.435915135678,2265451.388107903,9892.80082143189,9722.37
World,2021-03-29,7948769202,24389.21447127289,32464.41865571669,31485.206361031254,27972.053460457402,23796.631822330764,20896.0910670437,19761.994024412834,2402720.3128698026,10492.228440479486,10372.145
World,2021-04-05,7948769202,28789.262613049654,35788.37390315658,34582.09232804138,32074.19701955232,27316.606931682796,24606.56890768323,24037.443738267797,2741491.707635053,11971.579509323376,10401.147
World,2021-04-12,7948769202,32136.25610558592,46736.9942259595,42216.993701081636,35179.06168633694,28796.54685062562,26223.71284248167,25694.417350521697,2727361.9714445793,11909.877604561481,12642.719
World,2021-04-19,7948769202,34777.44689074517,47580.082605145966,45314.75848212616,39743.969132478094,34198.32013025659,30482.515574157253,29897.29269683772,2849440.34477791,12442.970937894805,12543.868
World,2021-04-26,7948769202,36001.3506883736,57571.80623358305,54857.240049440225,42823.87945194979,36001.3506883736,31714.269077162644,31242.905141455387,2740883.0038255285,11968.921414085278,13395.005
World,2021-05-03,7948769202,41839.06269728214,64000.724616949636,62377.977973970526,51015.06076439165,38208.06629752067,30834.44301966968,30130.44628346572,2356652.984678067,10291.061068463174,13737.574
World,2021-05-10,7948769202,42565.85919093522,64602.96762086877,62188.916697201596,52660.607315823916,37800.256390046314,30894.056565911505,29497.03306763819,2295413.259439972,10023.638687510796,13272.355
World,2021-05-17,7948769202,42787.54946569093,71505.60169588464,67618.60699423884,51859.72026829224,37095.64977823913,28159.169735647214,26915.306006607498,2169219.3199161636,9472.573449415562,12669.856
World,2021-05-24,7948769202,41138.53170843342,78136.1149553445,72015.43490875636,52852.479537281644,36671.88735027993,26001.789226845638,24649.65301588612,2024029.721344732,8838.557735129834,12020.58
World,2021-05-31,7948769202,31055.155661398017,54091.45255579642,50146.311937825245,40160.23956197554,31055.155661398017,23912.998382725254,23518.862612512923,2079260.5956304432,9079.740592272678,11235.717
World,2021-06-07,7948769202,28593.06193751086,47361.03204785116,43449.20590646139,35879.52085743095,28492.503104522642,22615.202186407063,22286.689301324142,2051483.356444576,8958.442604561467,9783.624333333333
World,2021-06-14,7948769202,26714.558901191733,39855.699199753464,38560.54765959774,33748.06908145665,26714.558901191733,22099.367731690556,21219.848348078172,2112421.346920766,9224.547366466228,9751.432999999999
World,2021-06-21,7948769202,24229.758397082962,37856.033727675895,35560.7660736449,31011.1797826423,24229.758397082962,20953.890349680707,20452.275781841145,2078146.4728890709,9074.875427463192,8751.269
World,2021-06-28,7948769202,22169.933403305706,32188.567488599256,31638.872980838587,28865.552683508224,22169.933403305706,21095.099295857955,20324.117283482974,2147052.2457462144,9375.773998891766,8060.7210000000005
World,2021-07-05,7948769202,22363.663149811007,32958.333792363905,32748.913790430703,28333.934087123147,22363.663149811007,22363.663149811007,21775.84177511048,2209653.73654499,9649.142954344934,7888.577
World,2021-07-12,7948769202,25657.0915567805,39398.61473182346,35947.65208615396,31891.500879792227,25657.0915567805,24157.818758835325,21867.021989343135,2431541.323687842,10618.08438291634,8200.145
World,2021-07-19,7948769202,27440.66676733196,39423.06584847963,37928.551757711546,33417.71441299399,27440.66676733196,24311.777490538338,23400.467512602136,2474202.715116421,10804.37866863066,7958.719
World,2021-07-26,7948769202,31345.604882182433,44188.75920380684,43159.66942206769,36052.44943697032,30852.656972223445,27498.311462087655,27139.91168762264,2651424.070354511,11578.271049583018,8891.864
World,2021-08-02,7948769202,37293.13430194175,50924.60394836869,48512.88720184649,42070.89660789912,36019.48413547832,32639.047753827585,32105.060936814418,3138906.117804589,13707.0136148672,9170.997
World,2021-08-09,7948769202,34264.10137662883,49890.00949271445,47642.950851655376,41475.8572763686,34264.10137662883,31324.536154528494,30343.023526404595,3337216.3011379256,14572.996948200549,9617.907333333333
World,2021-08-16,7948769202,34448.08347528397,49485.48133481704,46476.021015704384,41060.265451432024,34448.08347528397,31340.554235810927,30948.956944574868,3581772.7073283996,15640.928852962445,9868.009
World,2021-08-23,7948769202,37052.51021205614,48338.77416754588,47084.3596856476,40359.38535776265,34735.57986294801,31238.17830154534,30247.679784565156,3699261.048280783,16153.978376771978,10032.367
World,2021-08-30,7948769202,34104.82098751885,44184.601364397655,42298.449503641306,38324.09843234273,33254.454306653286,28887.726164560452,28818.16774072759,3637205.755899828,15882.994567248157,9880.425
World,2021-09-06,7948769202,33839.90755187054,41766.06515095365,40550.47980452992,37435.218597115185,32486.857640251525,29140.204960776195,28512.055743291043,3827084.574317648,16712.1597131775,9501.716
World,2021-09-13,7948769202,29675.499519017405,38484.35087443154,38057.59839058589,34780.65704530176,29675.499519017405,27058.796275833294,26745.629832092225,3605453.1400319296,15744.336856034626,9098.878
World,2021-09-20,7948769202,27634.486925853154,36023.59947204796,35850.668945749065,32717.050449992927,27634.486925853154,25268.96873687373,24825.074805943845,3360561.3057358665,14674.940199719942,8704.646
World,2021-09-27,7948769202,25881.474391073803,32677.140358933906,32596.51411616504,30194.048858369097,25881.474391073803,23479.652671726337,23261.922545500245,3245518.5757358675,14172.570199719945,8056.718
World,2021-10-04,7948769202,24775.82066831256,31149.599604894323,30945.04655239095,27902.676547581883,24148.360664617932,21802.83242274794,21303.425196597265,3084286.7849370916,13468.501244266776,7672.858
World,2021-10-11,7948769202,24822.87046358948,31536.786629190796,31161.655683549536,28056.960413956283,24555.337972301884,22367.75398816155,21771.184611028315,3166994.060651378,13829.66838712392,6969.457666666667
World,2021-10-18,7948769202,23752.33125310685,30527.544459084344,29466.049662304536,27225.435715918455,23638.729604995755,21342.97395357261,21237.16882297932,3159610.1192228068,13797.424101409637,6915.516666666666
World,2021-10-25,7948769202,23471.69033203134,29802.706162382037,29359.26142201029,26900.27548897107,23353.602631157883,21258.2146506864,20823.284667648004,3169311.976841854,13839.790291885825,7143.718
World,2021-11-01,7948769202,23350.874664586438,29020.960033286552,28884.51452192489,26302.010438668367,23026.44989702479,21397.88141004361,20200.782100775763,3029271.898409574,13228.26156510731,7251.144
World,2021-11-08,7948769202,23475.231552992573,29192.874037940477,28708.553952448536,26073.148315603077,22876.16118485058,20520.236138920744,20310.46604014525,3080764.1841238583,13453.118707964448,7110.774333333334
World,2021-11-15,7948769202,22784.972982013165,29704.141125303897,28029.549985966805,25820.332591938357,22219.694858487528,20026.200714036546,19261.157384709888,3065563.8184095733,13386.741565107308,7297.711
World,2021-11-22,7948769202,23317.771632828975,28694.80688579226,27879.99477585944,25583.091885217716,22355.673461974595,20457.319899969578,19322.90482414549,3099614.7007905263,13535.435374631119,7308.43
World,2021-11-29,7948769202,24312.358775594206,30042.749992642497,29730.813471094865,27017.081986957288,23009.829033126665,20670.7308711311,20391.727651382385,3323755.320790526,14514.215374631118,7147.294
World,2021-12-06,7948769202,21001.39221998218,27454.06855250146,26449.614199972068,23600.811174406255,19657.28454364081,17345.64862885976,16404.790161682322,2570540.2897780603,11225.066767589782,8059.718
World,2021-12-13,7948769202,19203.669147692257,24941.46076509993,24317.59761057941,21592.92606595164,18274.664952203704,16153.611284650786,15698.894025449046,2442890.5645399652,10667.644386637403,7138.432
World,2021-12-20,7948769202,23221.67222451289,27308.469145090614,26524.74048715766,23221.67222451289,19408.899513314012,17044.527235793616,16922.092131964637,2419475.7507304414,10565.396291399307,6957.147
World,2021-12-27,7948769202,19491.173364004182,25536.17082410348,24678.899733699538,21857.05466285616,18418.45681505422,16185.356957869433,15817.445434122868,2299167.822812249,10040.034160752179,6562.154
World,2022-01-03,7948769202,19836.79284748902,28085.55218572967,27801.857369315163,22953.771528642385,18577.431910940522,15137.162753478295,14949.012184329204,2048898.9285165942,8947.156893085565,6041.433
World,2022-01-10,7948769202,28621.810561368355,39170.80463464169,37051.364441688165,31302.01911231309,23305.737624153513,19302.369564824152,18336.31593158505,2228227.7380398884,9730.252131178553,6720.026666666667
World,2022-01-17,7948769202,43231.53664452452,55345.556450534226,54637.155599671365,43231.53664452452,28032.505293498267,19950.71006246403,19286.249418448235,2497692.583277988,10906.954512130951,7354.714
World,2022-01-24,7948769202,45945.267916107805,62150.1272472479,60726.8420346451,45945.267916107805,31010.366116871097,23180.4137867168,22157.835732870222,2974776.734468462,12990.291416892847,8391.15
World,2022-01-31,7948769202,44313.163319170926,62464.17526187495,61782.46978195375,45620.163436689334,30336.033923183197,24630.576813456828,23275.6273054007,2723313.1975637004,11892.197369273801,9706.102666666668
World,2022-02-07,7948769202,40245.05502722779,59674.09440146835,59020.08770343503,42350.54576994359,27337.941350821675,23230.984001317363,21812.34340689215,2575059.5858860803,11244.801685092054,10641.15
World,2022-02-14,7948769202,33450.34793593628,53856.02833711756,51205.43315874944,41473.0806978457,24790.464122738867,20569.1007790819,20048.084983280965,2211892.5751717943,9658.91954223491,10704.289999999999
World,2022-02-21,7948769202,26014.482923408752,41227.84690303105,41036.67076052949,30093.642112257385,21320.266590108477,17959.47557286347,16808.47224375316,1816837.5870765564,7933.788589853958,9697.999
World,2022-02-28,7948769202,23545.003863052018,38746.52801780173,36894.392362128834,26295.50240514482,18952.82365123807,15141.016807448703,14716.385230970702,1183884.1325788556,5169.799705584523,8689.579
World,2022-03-07,7948769202,19639.809704694162,31818.30436046328,31430.197111328194,22821.36937495213,16084.2650027113,12484.805540021267,12260.944230822877,764453.1646752339,3338.2234265294055,7297.503
World,2022-03-14,7948769202,16329.936702741408,25551.78736090232,24584.281886636723,18676.253060167,14220.968175068687,11910.801340135551,11347.432415037525,770845.1737348853,3366.1361298466604,6152.676666666666
World,2022-03-21,7948769202,14015.247806208952,23694.5134307379,22707.080250175448,18161.913799096466,13053.584599786553,10992.852377343317,10629.962979862647,773270.4280085724,3376.726759862762,5278.818666666667
World,2022-03-28,7948769202,19958.248921128503,36008.34906947166,31566.622720135532,22680.667473591493,15551.52943196241,13016.105784341975,12561.271959546797,985932.695627614,4305.382950338926,5037.58
World,2022-04-04,7948769202,10762.19097670457,21325.7083315114,20529.80441542287,14694.366119711513,9254.014651468171,6833.123750387597,6516.042035912416,620696.9091145588,2710.4668520286414,3785.08
World,2022-04-11,7948769202,9980.809916610573,22107.01695026817,20318.519402719907,15211.317670275375,9144.904921543644,6420.970011287429,6030.999748247311,530087.7157812276,2314.793518695317,3358.005
World,2022-04-18,7948769202,8445.379534283764,20808.58452389535,20148.293305698142,14104.809022370131,8445.379534283764,6057.452560469191,5894.939270868079,550329.7891145588,2403.186852028641,2586.005
World,2022-04-25,7948769202,6870.118170115764,16930.092251756843,15243.21417481701,11570.464537638909,6870.118170115764,5498.766409787399,5168.612687719799,525517.7481621765,2294.837328219111,2572.975
World,2022-05-02,7948769202,5992.322079365478,16163.910959332194,15663.134170945357,10821.449803997775,5992.322079365478,4755.871635249974,4321.2484752980945,539312.3845369888,2355.0759150086847,2481.1696666666667
World,2022-05-09,7948769202,7435.872861440819,18599.65061259146,16735.870641283724,12113.947548428387,7435.872861440819,5508.641597929903,5260.967513556324,757534.4450131794,3308.0106769134472,2027.718
World,2022-05-16,7948769202,6783.3787281252135,18006.292862506023,17381.98823601281,10875.843111471762,6783.3787281252135,5025.796013487839,4489.741467994623,615899.3626322282,2689.516867389643,1637.4153333333334
World,2022-05-23,7948769202,5869.035892198154,25509.240193187503,22514.14743264871,10163.244951035143,5869.035892198154,4268.514566298802,3610.2287220748403,449517.44977508177,1962.9582959610557,1609.4536666666668
World,2022-05-30,7948769202,6288.482103380102,18879.360637668215,16810.340643309744,10656.715195453995,6288.482103380102,4196.202837024974,4102.206007261034,501022.16691793565,2187.86972453247,1475.153
World,2022-06-06,7948769202,7558.528037657179,19152.484406649543,18448.503405578427,11203.691578393382,7227.4106112832405,5446.865692825655,4975.814791335935,661873.78116983,2890.278520392271,1317.433
World,2022-06-13,7948769202,8370.095535281442,16854.841624634795,16518.808883591097,11960.95456004777,8315.14608098768,6033.377779294244,5652.419600474507,756937.8993346248,3305.405673950326,1575.583
World,2022-06-20,7948769202,8020.285272082734,16413.19509103793,16263.276353625704,11774.193392605066,8020.285272082734,6226.292775846757,5762.613896448054,739919.4892650661,3231.0894727732143,1347.29
World,2022-06-27,7948769202,9249.54730039452,18326.10767845029,17139.2687962113,13040.199123025192,8932.166728213178,6512.7359554330005,6453.746867702068,849279.7478364952,3708.645187058931,1468.001
World,2022-07-04,7948769202,7860.47596567269,16640.95281466119,15806.637832430793,11306.023628140687,6913.151654480206,4921.5658686299175,4433.906109534526,616740.2963726541,2693.189067129494,1427.3343333333332
World,2022-07-11,7948769202,8544.473470075842,17286.379662911128,16558.241218746953,11981.820693106294,8011.631780154683,5838.38757281687,5021.7226315302705,838389.0692297937,3661.0876385580514,1887.4823333333334
World,2022-07-18,7948769202,10023.282146905358,19641.29662791538,17629.14267309275,13458.350639324965,9843.35241300114,7934.321439321049,7267.635417371612,1168435.6463726573,5102.339067129507,1942.575
World,2022-07-25,7948769202,10787.034718672527,19841.835736388693,19393.22590789286,14110.938262848662,9398.85350924628,7622.644167101177,6946.643798393679,1010845.9158964622,4414.174305224726,2235.8559999999998
World,2022-08-01,7948769202,12334.827962184658,22332.034628683756,20642.32076877039,16101.907586821519,11626.368553346798,9746.08754406188,9429.890411200171,1233253.6659674551,5385.3871876308085,2356.149
World,2022-08-08,7948769202,11773.797304619287,21431.439479349418,19843.736520247472,15314.180120812778,11095.683348735145,9235.555225028664,9118.136144473463,1093363.5635865068,4774.513378107016,2445.864
World,2022-08-15,7948769202,16388.882557628134,26137.35404032886,23748.778137519228,18535.466256653617,14003.419292796214,11772.104147767845,11143.528930534976,1193869.1554912652,5213.402425726049,2451.007
World,2022-08-22,7948769202,13277.347956529218,21787.131046860068,21098.710329278874,15583.774765038981,11363.519313984192,9446.87771056934,9287.87009409645,1041512.7351993487,4548.090546722046,2509.4596666666666
World,2022-08-29,7948769202,11143.68107887073,19581.94709644707,18671.552306881556,13703.102170121709,9386.538371152332,7334.451364365334,7211.975572519507,845886.8705069947,3693.829128851505,2259.864
World,2022-09-05,7948769202,8992.159297403998,18110.647785749,16569.043332542577,12578.581421853607,8471.781977852672,6574.766001602334,6391.659743840543,790822.8371029875,3453.3748345108625,2113.148
World,2022-09-12,7948769202,8646.001430870361,17554.245202880687,15482.872812032885,12013.012862621295,7923.568376609255,6543.004402425477,5744.45597576744,685780.4275881413,2994.674356280093,1757.2483333333334
World,2022-09-19,7948769202,8245.713051968814,17392.358838906493,15663.206379590627,11689.689833244147,7665.118045289621,5857.183735832589,5498.966802304213,652844.5571119536,2850.8495943753433,1681.577
World,2022-09-26,7948769202,9326.049425799216,18780.74634701065,16597.09995370279,12969.24105564687,9204.445499913634,7187.543192953955,6624.866411333941,820036.0106994346,3580.9432781634696,1517.72
World,2022-10-03,7948769202,8839.914005482922,18320.021439171505,17356.397178276406,12359.088005085252,8839.914005482922,7041.565048388906,6284.9515487966255,754094.8674517217,3292.9906875621036,1471.429
World,2022-10-10,7948769202,8755.473635801376,17515.093154013062,16667.799724589353,12003.324014614385,8102.088686633624,6087.964472847733,5419.709571940455,715115.525925268,3122.7752223810826,1465.292
World,2022-10-17,7948769202,9109.740767717258,19830.836735118824,19181.917589965884,12436.845397243374,8122.920424806449,6153.030758967471,5068.915405279802,761508.9042559025,3325.3663941305786,1530.713
World,2022-10-24,7948769202,8566.182638413391,20104.62490433505,18425.25560174621,11977.337637032451,7235.701073905561,5519.587365414009,4463.385040679271,677519.88282733,2958.6021084162885,1565.075
World,2022-10-31,7948769202,8412.247065946365,20346.310682115032,18599.73904837908,12064.596347778643,7682.3703001854465,5157.774765496306,4390.311664483784,574850.0816395321,2510.2623652381317,1540
World,2022-11-07,7948769202,8153.440001158553,19779.63251884303,17979.331287398134,12065.899617637264,7076.20854131163,4961.31578580087,3727.7646722954282,567715.6403142494,2479.1075996255436,1576.0543333333333
World,2022-11-14,7948769202,8629.208117792363,20553.632168918382,18791.124742777065,12760.897103597445,7579.479487736984,5540.408906664119,4465.1404479792745,634018.6572484345,2768.640424665653,1365.005
World,2022-11-21,7948769202,9217.349519957485,22328.268535305295,19565.61420396548,13719.616025835805,8187.604155290223,5934.565361392782,5183.912187315479,756904.964391292,3305.261853237083,1487.091
World,2022-11-28,7948769202,10200.49923951333,23552.11609989423,21155.12293977258,13687.72570093194,8944.065202971193,6097.929309151325,4894.621353297804,790978.4735405691,3454.054469609472,1418.865
World,2022-12-05,7948769202,12971.591516588485,24574.13140796987,22853.647245998593,15168.146462342049,10701.298254912854,8425.805843784194,7928.012635259952,794027.6600475028,3467.36969453058,1514.004
World,2022-12-12,7948769202,15622.746275763662,27595.744650030167,24213.214997875944,17420.283386486873,12142.390982542522,9795.240720726593,9204.502626335387,874059.165281939,3816.8522501394714,3383.9194444444443
World,2022-12-19,7948769202,16074.364718187639,28224.555326646667,25893.84717354927,17879.031853511162,13042.632299790963,9824.145754692481,9277.192205712701,1032144.9778822568,4507.183309529506,3565.6574444444445
World,2022-12-26,7948769202,15458.047409703473,27101.933513074666,24838.025292865026,16943.26792124848,12063.975175502961,9232.2050700491909,8314.470528739976,896925.385025114,3916.7047381009347,3527.950444444444
World,2023-01-02,7948769202,13864.722711364511,27238.35311982359,25547.542728569457,16519.566834768193,10836.515378046159,7351.659549084457,6856.179185780085,472629.6165169011,2063.884788283411,3586.6564444444443
World,2023-01-09,7948769202,12636.958370673381,25561.12577137765,22496.564549725954,15738.130219166345,9187.225188046385,6206.057859939856,4885.854618237463,135536.18223642456,591.8610578009806,3934.238444444444
World,2023-01-16,7948769202,12651.664535456512,25318.531668873307,22982.163023161967,16300.898677210997,8121.784229399237,5261.652333934101,4874.206256392878,68073.2359319594,297.2630390041895,3698.971
World,2023-01-23,7948769202,11052.025918364776,24192.635495034596,22803.027433218183,13985.993950297887,4934.347980262132,-520.316675013237,-1422.3960320006302,0,0,2096.287
World,2023-01-30,7948769202,10870.033625434442,24317.06975585244,21409.66453358503,13741.91353741516,4416.682271224052,-917.1259405243752,-1896.7846850798987,0,0,1701.8600000000001
World,2023-02-02,7948769202,11224.005790831125,24325.4062020239,21876.035969455526,13578.53521231552,4572.2054069076175,-2035.5148554401521,-3479.987845166229,0,0,2187.882
