continent,date,population,cumulative_estimated_daily_excess_deaths,cumulative_estimated_daily_excess_deaths_ci_95_top,cumulative_estimated_daily_excess_deaths_ci_90_top,cumulative_estimated_daily_excess_deaths_ci_50_top,cumulative_estimated_daily_excess_deaths_ci_50_bot,cumulative_estimated_daily_excess_deaths_ci_90_bot,cumulative_estimated_daily_excess_deaths_ci_95_bot,cumulative_estimated_daily_excess_deaths_raw_estimate,cumulative_daily_excess_deaths,cumulative_daily_covid_deaths
Americas,2020-01-01,1026782740,-23.74767743544008,90.71165261078193,55.1510812745381,5.096557877896898,-36.559456085064376,-65.14674724962038,-76.17062816780054,0,0,0
Asia,2020-01-01,4678948019,-5715.891439334883,-3882.0679304673968,-4138.41218058527,-5715.891439334883,-7917.194580556576,-9087.77105098325,-9747.337165473875,-360191.2221459521,-7062.572983253963,0
Africa,2020-01-01,1371693397,1455.4634686436161,4281.544295391285,3538.452100609106,1488.4525571379243,-117.76164801876948,-1144.1411942726063,-1831.8782452298187,0,0,0
Europe,2020-01-01,748160801,-0.395952806811736,1.1588625280300568,0.8470236466318217,0.14077665021364405,-0.40117930641914773,-0.8495431869505704,-1.0988070199241782,0,0,0
Oceania,2020-01-01,42936804,-29.514031955948504,52.27260555575485,28.943589908136975,2.5125838786992905,-29.514031955948504,-53.64491832753044,-68.33213727300875,0,0,0
Americas,2020-01-06,1026782740,-38.62529128497273,187.7830701391891,120.9900767858854,16.314451667057273,-76.80250081766744,-137.961059863079,-167.41069050335832,0,0,0
Asia,2020-01-06,4678948019,-11417.469081394021,-7817.549703912223,-8508.20419969776,-11347.963535107629,-15786.157267413215,-18091.613368339524,-19275.883154681713,-720382.4442919042,-14125.145966507926,0
Africa,2020-01-06,1371693397,2905.1723292148845,8620.864618473004,7070.849431008113,2925.151505894828,-178.92621486097207,-2279.3899613050903,-3187.430581516026,0,0,0
Europe,2020-01-06,748160801,-0.791905613623472,2.3177250560601137,1.6940472932636434,0.2815625942666681,-0.8023565056079955,-1.6990863739011408,-2.1976140398483563,0,0,0
Oceania,2020-01-06,42936804,-59.032851105220374,100.13602738915061,57.177279551174784,4.0522217436956804,-59.032851105220374,-107.57778626335914,-139.38174740535675,0,0,0
Americas,2020-01-13,1026782740,-2.6734816378435156,508.19551292827873,441.2539578001472,156.46667156097257,-66.06509758245969,-176.50786341386817,-249.19787897763888,0,0,0
Asia,2020-01-13,4678948019,-18613.964942736013,-13046.55556950718,-14237.524497858765,-18613.964942736013,-25509.590752967273,-29612.564651062465,-30207.033408353753,-1169093.639199339,-22923.404690183117,0
Africa,2020-01-13,1371693397,4354.881189786152,12919.024066200862,10607.17310288431,4439.686599449482,-273.0246675145983,-3432.070671302465,-4544.984642998703,0,0,0
Europe,2020-01-13,748160801,-1.187858420435208,3.4765875840901703,2.541070939895465,0.42234853831969216,-1.2035295739655933,-2.550383998409311,-3.2964210597725345,0,0,0
Oceania,2020-01-13,42936804,-88.55167025449224,147.5957013827034,83.62432806395545,6.592742245390987,-88.55167025449224,-168.12762873153628,-210.1337816261147,0,0,0
Americas,2020-01-20,1026782740,-31.819763795656296,591.0725905054455,475.9277270321138,174.61052713836784,-137.39414574488063,-261.87687387925905,-349.20159222074705,0,0,0
Asia,2020-01-20,4678948019,-28308.830805712118,-20666.61611697914,-21810.933175676964,-27602.258024421633,-37419.624387222386,-41905.80504787658,-43828.04944799075,-1723446.8509725379,-33793.07550926545,0
Africa,2020-01-20,1371693397,5548.034108549689,18667.12756632589,14425.532484557409,6324.240719280965,-141.23165308219325,-4391.043119346258,-6166.152236993446,0,0,0
Europe,2020-01-20,748160801,-2.2185319316767864,3.851639942866228,3.1606965560989013,0.2123767313298391,-2.2185319316767864,-3.9657077826539697,-4.870720881381017,0,0,0
Oceania,2020-01-20,42936804,-118.31728688364466,222.09556573330082,117.37195095760259,10.335763646521784,-118.31728688364466,-225.17019723570124,-276.07772099214355,0,0,0
Americas,2020-01-27,1026782740,-1810.8540457101888,-1150.7528495187235,-1221.1525253859586,-1572.0835110225557,-1954.2370664954658,-2107.476485089796,-2199.1866743601654,-82372.85960202952,-1752.6140340857346,0
Asia,2020-01-27,4678948019,-32629.463909770602,-20442.921076690534,-21683.933880823446,-29942.198324183664,-44599.39479297385,-52071.337451009014,-54687.18353192753,-2052770.2317088791,-40250.3967001741,0
Africa,2020-01-27,1371693397,6987.657088546059,24495.126997788386,17683.683256040124,9136.515096189556,-32.291967044030805,-5643.4220882946665,-7807.479858980841,-9156.338779881626,-166.47888690693864,0
Europe,2020-01-27,748160801,-5433.27496788025,-5425.491813508789,-5425.910462339518,-5429.723486782855,-5433.27496788025,-5435.716278690726,-5437.649042471544,-266038.5519779258,-5429.358203631139,0
Oceania,2020-01-27,42936804,-158.2980384587692,298.11957895211106,178.17014077936375,1.3223162700078963,-158.2980384587692,-300.37195882808896,-361.56119864300217,-234.43387209392276,-11.163517718758227,0
Americas,2020-02-03,1026782740,-2317.502441498316,-1571.4499910805644,-1665.7209978234657,-2049.3337960876975,-2508.314147980221,-2696.3751316164785,-2735.6998108026187,-106944.17380176797,-2275.407953229106,0
Asia,2020-02-03,4678948019,-26712.230656792628,-6481.356026745422,-10381.597887459291,-22979.57346414559,-43965.5249950344,-55081.72367176963,-58255.45377066755,-1831922.9904381693,-35920.05863604254,343
Africa,2020-02-03,1371693397,9434.105925953036,29549.810877030417,22186.84463747184,11625.020790604567,432.5314588796691,-7306.916628572593,-9033.719498010707,27498.646596706843,499.97539266739716,0
Europe,2020-02-03,748160801,-13288.8424057477,-13276.945860046466,-13278.310349379164,-13282.75599838164,-13288.8424057477,-13291.16644544495,-13293.287514825646,-650837.6785850569,-13282.40160377667,0
Oceania,2020-02-03,42936804,-195.31149791205934,349.1375921760797,194.17090681264278,3.482251492154947,-199.21933838205155,-365.9703430851489,-432.35085196206444,-407.5671323969698,-19.40795868556999,0
Americas,2020-02-10,1026782740,-3364.349428910943,-2423.294859089648,-2520.967898875864,-2997.5759288824156,-3576.8702757704727,-3814.8530876219115,-3905.133299545192,-155786.28800150813,-3314.6018723725133,0
Asia,2020-02-10,4678948019,-32714.73546427727,-5370.238403619847,-9858.95345536612,-26627.74864734902,-53356.439590950424,-67777.26491765496,-71238.96445810428,-2169401.301956428,-42537.2804305182,929.999
Africa,2020-02-10,1371693397,10779.733797928484,33881.14455221949,26654.34753048119,14237.960243139933,271.6976533242954,-7836.983108041499,-9988.109317834444,40787.79863996221,741.5963389084038,0
Europe,2020-02-10,748160801,-20304.80792946502,-20289.591426172625,-20291.859799263275,-20297.43512637964,-20304.80792946502,-20308.602041285998,-20310.48488194098,-994558.4718588564,-20297.111670588907,0
Oceania,2020-02-10,42936804,-135.0462553256036,456.46955300110926,300.45897360139134,105.20122671575545,-135.0462553256036,-333.68431824175696,-392.6070185095793,1473.799607299977,70.18093368095128,0
Americas,2020-02-17,1026782740,-4023.126938285783,-2901.990372914082,-3105.9431487498077,-3582.5746273858194,-4313.896367606645,-4610.699417809136,-4793.687516018511,-187824.33553457735,-3996.2624581824966,0
Asia,2020-02-17,4678948019,-44643.61058032549,-10266.062274961789,-13851.389296414241,-37325.706966521386,-71766.06108369,-87751.39158778965,-94718.54876009829,-2780148.259959054,-54512.7109795893,1783.999
Africa,2020-02-17,1371693397,12253.407605169103,41491.40263831561,32508.747066456464,18048.57642774583,-219.4077482998402,-8779.150506173619,-12050.362860713036,54076.950683217525,983.2172851494096,0
Europe,2020-02-17,748160801,-30046.04830441989,-30026.46987465918,-30029.740656545408,-30036.57984157274,-30046.04830441989,-30050.488780652995,-30052.136154050575,-1471755.2651326559,-30035.82173740114,1.001
Oceania,2020-02-17,42936804,-100.8886494041866,552.8833081982103,385.59899031293935,179.32815757305133,-108.19854236376698,-336.0122339688677,-384.79528237920647,2767.16634699693,131.76982604747286,0
Americas,2020-02-24,1026782740,-4267.79947383547,-2864.606967739083,-3178.5929279807638,-3830.9342495414567,-4616.805675011052,-5042.007661116441,-5219.1870640735315,-198876.85380239875,-4231.422421327633,0
Asia,2020-02-24,4678948019,-55980.4349519837,-13517.400053189052,-18883.228491739636,-47421.11489307093,-88071.24886209388,-106810.18818653446,-119130.6101026232,-3321510.88438075,-65127.66439962255,2536.002
Africa,2020-02-24,1371693397,11791.582717587833,40044.90118905181,31119.52012372166,14697.901532219179,-2545.07203793818,-14527.475236166563,-18464.442769413927,23712.68817845072,431.1397850627403,0
Europe,2020-02-24,748160801,-39336.311977806276,-39312.676140901596,-39316.87165141531,-39324.613870480636,-39336.311977806276,-39341.05649143183,-39343.263187786935,-1926853.652324988,-39323.54392499976,8.001
Oceania,2020-02-24,42936804,-25.139284949179604,705.4369469858766,535.4134072018107,277.2596549854688,-43.111852197085874,-285.7903075505839,-345.4066938799125,4967.738002423985,236.55895249638024,0
Americas,2020-03-02,1026782740,-2546.688288721325,-1162.490065402593,-1354.0292208948226,-2141.525338374948,-3076.364183446482,-3624.8552259346125,-3884.07114825651,-120849.37009632727,-2571.263193538878,5.999
Asia,2020-03-02,4678948019,-77780.70760120483,-40742.89321169271,-47710.70069413853,-73504.37767732516,-117164.66340803243,-147327.57982479606,-158891.0037314478,-4212364.059800725,-82595.37372158284,2933.994
Africa,2020-03-02,1371693397,14322.94950605873,49859.91412260552,39595.23058025161,18757.60171274488,-2127.7682662941197,-17186.168998345707,-22846.489541497438,77140.72680388305,1402.55866916151,0
Europe,2020-03-02,748160801,-46192.96429406012,-46165.66038012376,-46170.941586577326,-46179.841986233136,-46192.96429406012,-46199.11097495692,-46202.47947176879,-2262748.1230855873,-46178.53312419566,55.00599999999999
Oceania,2020-03-02,42936804,-51.038701023540575,752.269697638449,554.1810109039033,270.658972398287,-76.6962254171284,-354.13967088854866,-428.3549401726958,5014.152839781596,238.7691828467427,1.001
Americas,2020-03-09,1026782740,-1095.1025222906235,325.0154020643002,89.87838069647667,-680.1866105908015,-1787.117882317998,-2634.8125821596154,-2806.0442566047004,-55113.95305692678,-1172.6372990835484,24.003
Asia,2020-03-09,4678948019,-83896.89186717448,-53977.0013549746,-57452.16841510881,-83896.89186717448,-131651.95313747978,-165503.07723767962,-174929.81040896336,-4439965.3599940315,-87058.14431360846,3348.989
Africa,2020-03-09,1371693397,14412.837204748936,48323.24281776146,39227.55534701269,18084.406014227276,-5815.504073501044,-22678.444408528278,-33233.731351809205,119315.76542931511,2169.3775532602745,1.001
Europe,2020-03-09,748160801,-43723.94883371491,-43693.666924270794,-43700.44665891057,-43710.20071180145,-43723.94883371491,-43731.269330192874,-43735.5700974013,-2141727.3938461877,-43708.72232339159,526.015
Oceania,2020-03-09,42936804,-67.93828540050876,821.5018284235258,592.3181082492642,288.0290114354285,-91.88599350238314,-408.6864109588715,-507.17425531447253,5291.567677139212,251.97941319710532,3.0029999999999997
Americas,2020-03-16,1026782740,612.9824957489423,2115.2095230992672,1887.7707018378119,1075.5907838835183,-296.0368109106616,-1223.151981959032,-1334.143364046645,29796.680649147675,633.9719287052699,109.011
Asia,2020-03-16,4678948019,-87836.32120100211,-54073.29567778372,-65512.885408960115,-87836.32120100211,-147521.38007843157,-181513.23290010396,-198628.52940050935,-4768666.916702602,-93503.2728765216,4127.991
Africa,2020-03-16,1371693397,15122.14022936414,49280.1088084665,39206.954429363264,16424.411557682677,-10836.894243999532,-32918.70466877552,-42984.69535154944,153262.8040547475,2786.5964373590455,7
Europe,2020-03-16,748160801,-28306.97214335117,-28275.0783607552,-28280.62721901848,-28292.25492568437,-28306.97214335117,-28315.785138971958,-28318.87353217604,-1386274.2646067825,-28291.3115225874,2832.025
Oceania,2020-03-16,42936804,12.621157356704018,984.0709248477131,733.9264367911292,388.1914039673567,-25.95240426153652,-369.9309627945167,-484.36140981709764,7559.782514496802,359.9896435474668,3.0029999999999997
Americas,2020-03-23,1026782740,9761.708300744398,11623.572309614596,11242.939391375681,10348.436954441824,8766.483358287805,7778.272387085857,7432.50619301986,470057.08102189173,10001.214489827484,936.019
Asia,2020-03-23,4678948019,-86822.77777877796,-53652.11526292904,-66689.51022565042,-86822.77777877796,-161259.7244220445,-202231.68758580514,-215324.49166470993,-4532751.581912189,-88877.4819982782,5349.008
Africa,2020-03-23,1371693397,14223.477745916834,44594.08101864671,32748.36428973603,14223.477745916834,-19121.830875827192,-45694.11095654628,-54390.62663486714,163174.84268017998,2966.815321457818,55.013
Europe,2020-03-23,748160801,1513.5376161020858,1547.3695477058477,1542.6650092447442,1528.9622759293916,1513.4422028916822,1503.7081055856243,1499.631605308917,74947.42463261916,1529.5392782167182,10439.044
Oceania,2020-03-23,42936804,167.20437452811098,1186.525429140831,943.9928828004628,558.2303867346393,115.98202045287482,-272.121032173838,-360.4775087321886,11037.597351854398,525.5998738978285,7
Americas,2020-03-30,1026782740,32378.37228746793,34541.06569313756,34048.18447413735,32919.0926023862,30923.26782851414,29877.56542683131,29502.401112168212,1525970.4813946332,32467.45705094964,4901.015
Asia,2020-03-30,4678948019,-100771.40658180424,-68229.21069628985,-79435.67916520883,-100771.40658180424,-185483.9107007817,-229991.88971635894,-261594.01423449867,-4637597.065329331,-90933.2757907712,6819.043
Africa,2020-03-30,1371693397,11773.381250323231,36516.62199381805,29456.74653164567,11773.381250323231,-31613.35797639823,-62916.024319816155,-72124.73799482701,144156.88130561204,2621.0342055565825,171.03099999999998
Europe,2020-03-30,748160801,43137.189371918954,43174.3867848378,43169.09127356268,43154.341505939934,43136.858216021144,43127.35567712494,43121.90573977307,2114543.5538720223,43153.95007902086,27928.039999999997
Oceania,2020-03-30,42936804,412.2092985072245,1487.0110449318197,1242.1521237253462,807.7919945191301,337.103209665,-82.0136268285122,-167.39886892298998,16481.012189211993,784.8101042481902,18.004
Americas,2020-04-06,1026782740,63113.12398498765,65775.15835503516,64941.7324308646,63461.30878253484,61097.15055413945,59876.904320154266,59393.525798059956,2963837.669939418,63060.375956157826,16644.019
Asia,2020-04-06,4678948019,-109777.60275562441,-71304.0938772729,-84105.45804705325,-109777.60275562441,-203736.59891475015,-260743.6539448841,-303447.2338508527,-4759007.195198085,-93313.86657251147,8868.069
Africa,2020-04-06,1371693397,9439.82019317843,32251.423789598914,23206.301350200105,9439.82019317843,-42741.46712947113,-81543.2815488304,-89142.70584908465,96804.71778050683,1760.085777827397,485.051
Europe,2020-04-06,748160801,84847.68500579255,84888.87994992004,84882.0793439129,84866.07213152475,84847.68500579255,84837.02141374555,84830.9138239992,4158397.9517135774,84865.26432068525,53770.045
Oceania,2020-04-06,42936804,557.2113057093184,1673.4326191848727,1475.6061816786787,984.3618516788167,467.7742745976418,6.070820497926633,-92.508096839962,20010.73089753733,952.8919475017776,41.006
Americas,2020-04-13,1026782740,92946.96946416168,95987.86476928703,95087.53711802856,93341.02751777196,90484.51929057861,88685.99826944826,88297.5426559719,4361715.691817533,92802.46152803263,34549.046
Asia,2020-04-13,4678948019,-118984.95423947526,-72989.66661771838,-93140.71197632085,-118984.95423947526,-224689.65780037135,-286198.89044129505,-344058.6371097459,-4903769.205066839,-96152.33735425175,11286.086
Africa,2020-04-13,1371693397,10291.534905217422,28035.57009091064,20688.484308364794,10291.534905217422,-53853.61333808101,-99535.44891155798,-107051.06500533692,40003.55425540149,727.3373500982088,831.082
Europe,2020-04-13,748160801,120173.37534695528,120218.41489663627,120209.49069492584,120192.89338450477,120173.37534695528,120161.36604149833,120155.11877529504,5889397.149555128,120191.77856234956,81740.071
Oceania,2020-04-13,42936804,551.9040285486826,1715.1032339550873,1587.750030438154,1005.5995014680449,450.7815208012946,-46.2825570551365,-159.08588720093994,20600.449605862665,980.973790755365,66.003
Americas,2020-04-20,1026782740,122293.54385395163,125247.85202501119,124809.96320710024,122635.17938881839,119309.80725235016,117384.5773123062,116786.7957821687,5737132.4136956595,122066.64709990766,54294.065
Asia,2020-04-20,4678948019,-127953.5986654151,-72925.02317734227,-101049.44292365418,-127953.5986654151,-254788.41595943275,-315718.5304819075,-382877.30258875684,-5104252.794935594,-100083.38813599203,15086.106
Africa,2020-04-20,1371693397,11223.132617141671,28088.240041898036,17177.840209102807,11223.132617141671,-64653.28557559595,-118058.55016370027,-126241.90843409231,-42350.60926970373,-770.0110776309771,1157.093
Europe,2020-04-20,748160801,145214.33656975682,145262.72694391172,145251.6687104637,145236.11831145815,145214.33656975682,145200.90600274416,145194.84004624805,7116441.147396677,145233.4928040138,107019.08
Oceania,2020-04-20,42936804,570.4106423879003,1788.2970360681256,1693.2312148020064,1067.5820671411948,446.7637202270622,-88.22942320959257,-178.3272351076552,21677.368314188006,1032.2556340089527,79.002
Americas,2020-04-27,1026782740,148916.60214852245,152444.96927318256,151676.78217221895,149229.121985412,145466.8718412568,143289.3559136069,142677.8030319014,6982928.618907103,148572.94933844902,74763.073
Asia,2020-04-27,4678948019,-134771.22178594602,-64693.54944221664,-108051.34913989306,-134771.22178594602,-276317.7045773902,-349266.48607592954,-408349.37255697197,-5285404.324804348,-103635.3789177323,17554.124
Africa,2020-04-27,1371693397,12247.37136696355,32636.519086739932,15655.84436610428,12247.37136696355,-78342.86163371937,-137092.14735182747,-145762.43979565782,-149179.77279480896,-2712.359505360163,1460.095
Europe,2020-04-27,748160801,160972.40092566528,161024.1500733877,161013.26148049688,160995.62647969968,160972.40092566528,160957.97822814982,160951.65842397956,7888625.005238233,160992.34704567824,127155.084
Oceania,2020-04-27,42936804,392.7049035700855,1632.884096529844,1548.4368512942076,868.1246150550013,198.80683808253806,-286.7818089497747,-420.252020129182,19306.087022513322,919.3374772625391,102.004
Americas,2020-05-04,1026782740,182280.8991006521,186503.7026689613,185441.47077016102,182727.36571010764,178398.13767833714,175854.19525466993,175200.46720911667,8539290.741860503,181687.03706086177,96727.08499999999
Asia,2020-05-04,4678948019,-121013.61710661165,-40986.51094638292,-91313.8130779744,-121013.61710661165,-270969.87075245514,-359888.2124024172,-416691.2683992069,-5333936.990156973,-104586.99980699946,20063.141
Africa,2020-05-04,1371693397,16734.2578078305,39798.5155850025,17209.19999019017,16734.2578078305,-86737.96896319186,-152264.41814641803,-161334.89181183855,-63677.153524215224,-1157.7664277130043,1840.104
Europe,2020-05-04,748160801,172657.43380217787,172712.17188892033,172701.1431628298,172681.65907134392,172656.83747357703,172641.8717140268,172634.93348571396,8461212.758348607,172677.8113948695,141833.104
Oceania,2020-05-04,42936804,323.6344333570442,1625.6925992124684,1525.202223891824,836.9561265137816,82.95371890312856,-376.4945090830129,-528.0720255105188,18650.28895664509,888.1089979354804,116.004
Americas,2020-05-11,1026782740,214994.12809454347,219890.99276099293,218486.09657234157,215762.9781668577,210723.7748004534,208156.8279838543,207195.12438690473,10070065.281480564,214256.70811660777,119425.082
Asia,2020-05-11,4678948019,-105364.1324010015,-20687.841038925773,-70083.08352631937,-105364.1324010015,-258867.4042104947,-368636.2708603623,-420007.4532248224,-5390463.395509598,-105695.36069626662,22497.153
Africa,2020-05-11,1371693397,21618.22360355183,47945.10025597398,23314.714562784673,21618.22360355183,-94411.72677331763,-165476.92124472975,-176705.63254706826,26588.465746378562,483.42664993415565,2342.123
Europe,2020-05-11,748160801,184465.86896061723,184523.6053877914,184512.1620076239,184491.46973353493,184465.24166301292,184450.2925747519,184441.38413561872,9039847.11145898,184486.6757440608,153371.11299999998
Oceania,2020-05-11,42936804,125.50092716398217,1468.8087728472494,1343.1730943930809,661.0072014397794,-147.45891512477357,-644.6726544621447,-801.8849907203333,15629.890890776853,744.2805186084215,118.006
Americas,2020-05-18,1026782740,246880.90888193407,252278.03225185483,250833.0729173424,247597.502552947,242116.65812775836,239418.64785557214,238105.0851359633,11547545.737767274,245692.46250568668,141971.10199999998
Asia,2020-05-18,4678948019,-77465.7662127199,74811.8290030993,-35769.52392733352,-77465.7662127199,-242762.15018801735,-367919.14328587864,-419127.85482387705,-5425909.460862223,-106390.38158553379,25108.153
Africa,2020-05-18,1371693397,26699.797817513587,56911.260922481655,30653.77352540835,26699.797817513587,-103565.32863556116,-179838.30624421375,-190297.5211182881,134179.08501697236,2439.6197275813156,2829.134
Europe,2020-05-18,748160801,193206.5126153452,193267.03296738976,193256.83481143758,193233.62191512893,193205.99538068095,193190.94245633396,193180.1823757546,9468159.264569348,193227.740093252,162581.13199999998
Oceania,2020-05-18,42936804,-67.18772954497308,1321.3977185797255,1134.256066404437,458.7717787053816,-336.5723499513791,-844.7014784858288,-1075.4053434092054,12806.892824908635,609.8520392813635,120.008
Americas,2020-05-25,1026782740,278101.7979591346,283980.28851085436,282733.6210199594,278763.2616354968,272787.61523982853,270094.24067381717,268528.01345664146,12994903.89405399,276487.31689476577,164218.11
Asia,2020-05-25,4678948019,-32259.307004788825,145771.82495701456,27054.626072178868,-32259.307004788825,-220752.71391010322,-365899.38355412456,-415118.2392047458,-5494084.266214849,-107727.14247480096,27780.158
Africa,2020-05-25,1371693397,41013.30767864464,67701.40963937603,41013.30767864464,41013.30767864464,-111531.72183436055,-193126.44998506192,-203691.13848620298,230087.70428756587,4183.4128052284705,3477.145
Europe,2020-05-25,748160801,199529.15532856414,199592.80006239147,199582.48896082558,199557.51142216305,199527.98969168187,199512.85436788358,199501.10896035857,9777995.297679717,199550.92444244318,167466.152
Oceania,2020-05-25,42936804,-332.80962918320495,1125.8404019490222,882.3501450094739,218.9308788075266,-639.2470599927431,-1134.8676274385575,-1399.1617971407818,8652.49475904043,412.0235599543061,123.011
Americas,2020-06-01,1026782740,308176.06013491965,314263.0729415326,313278.5831264851,308845.44193743746,302555.17758582835,299382.32260765793,298368.2169002278,14369614.51926544,305736.4791333072,185612.112
Asia,2020-06-01,4678948019,23837.902691271694,213764.01090545682,111710.75674678187,23837.902691271694,-170541.1945544944,-358110.3216339091,-402210.26244760863,-5374574.476083604,-105383.81325654125,31278.163
Africa,2020-06-01,1371693397,52778.12805702392,80683.89673793694,53250.645662422,52778.12805702392,-110429.69746666684,-194145.68957158946,-211018.55456714248,629020.2074291277,11436.731044165957,4341.162
Europe,2020-06-01,748160801,208330.0399377235,208398.24601083848,208386.51957372474,208359.28865359796,208328.5041239285,208312.46157235,208300.3624060336,10209267.535521265,208352.39868410747,172973.17799999999
Oceania,2020-06-01,42936804,-680.5938880609375,786.9295043710832,611.281805443872,-109.81881172869387,-1000.5431662675393,-1582.7816354680801,-1813.7707046637936,2580.173467365789,122.86540320789466,124.012
Americas,2020-06-08,1026782740,339140.3107948624,345317.54993412073,343961.25847736944,339625.2428269451,333051.61377570685,329581.8494684811,328711.2582263778,15770656.111143572,335545.8747051824,209029.114
Asia,2020-06-08,4678948019,73041.95043507489,286037.3810183281,205720.39189574533,73041.95043507489,-119187.09270540367,-349588.79599948326,-368037.65949316154,-5236362.985952359,-102673.78403828153,35670.187
Africa,2020-06-08,1371693397,74490.61813301571,99280.11150788948,74490.61813301571,74490.61813301571,-107900.5927598676,-198175.86365788686,-220487.91775151106,1055463.7105706895,19190.249283103447,5361.1669999999995
Europe,2020-06-08,748160801,216340.31341212793,216413.4309115989,216399.79558725678,216370.34323354758,216337.57041793969,216320.99073223764,216307.45349086955,10601790.573362816,216363.07292577176,177239.188
Oceania,2020-06-08,42936804,-964.0743225740648,554.0598776395863,456.15197877442586,-379.29863154530454,-1309.7080756981481,-1914.8234644717986,-2165.619525279948,-2181.747824308873,-103.8927535385178,124.012
Americas,2020-06-15,1026782740,370398.4123931728,376648.3070550609,375208.5117728867,370778.3739084316,363865.53726079204,360550.3802671614,359306.6958963592,17182746.61968837,365590.3536103908,231151.116
Asia,2020-06-15,4678948019,139658.98762268355,363535.8464374518,301660.70926881,139658.98762268355,-57284.678841626905,-300119.44369547756,-358189.2852493326,-5133863.735821113,-100663.99482002184,41177.185
Africa,2020-06-15,1371693397,98822.55660863595,117360.35797335814,98822.55660863595,98822.55660863595,-99394.48966775284,-190368.69292272293,-218523.3283892694,1568290.2137122515,28514.367522040942,6759.172
Europe,2020-06-15,748160801,222050.7917907969,222127.99897782606,222113.48134949213,222082.26440520384,222046.97003848755,222029.64251118974,222016.49568842482,10881623.411204364,222073.947167436,180677.21
Oceania,2020-06-15,42936804,-1356.407661583383,233.00361988189437,87.91498611923251,-786.0067916335731,-1736.422996420335,-2420.4587097258736,-2622.174908845551,-9144.469115983487,-435.450910284928,124.012
Americas,2020-06-22,1026782740,402385.8487713119,408671.4533986492,407481.75915403705,402852.51579092996,395548.0698773471,392147.3094715356,390310.9240438037,18625344.044899818,396283.9158489323,254663.129
Asia,2020-06-22,4678948019,204965.6373743442,456512.19872349274,398271.27361403964,204965.6373743442,-6741.553798491068,-252034.73721518528,-329186.1118771291,-4954233.600338697,-97141.83530075877,49071.183
Africa,2020-06-22,1371693397,123639.20178041594,138998.79331016753,123639.20178041594,123639.20178041594,-87907.03988889026,-185779.70488430504,-208170.44668936648,2115689.7168538137,38467.08576097843,8336.188
Europe,2020-06-22,748160801,231695.53957558665,231776.36741593678,231761.42876569336,231727.8095199445,231691.6801537168,231672.9719079449,231660.1801074498,11354234.989045914,231719.0814091003,184907.191
Oceania,2020-06-22,42936804,-1805.7253855207516,-141.50127368464743,-257.0818431315548,-1241.8746211331747,-2165.129324949591,-2955.257322127412,-3170.8849639722303,-17304.190407658127,-824.0090670313393,124.012
Americas,2020-06-29,1026782740,435865.7169805053,442322.08335040446,441252.1562317277,436749.4599845595,428838.79509567143,424772.3613382181,423260.01805604674,20136361.720111266,428433.2280874738,277290.146
Asia,2020-06-29,4678948019,271566.0152614079,557391.2790643919,494400.39426951733,271566.0152614079,50549.55757205659,-189790.43984292375,-293210.05559417355,-4798064.484856281,-94079.69578149571,55787.186
Africa,2020-06-29,1371693397,148972.9253618234,163693.29911220606,148972.9253618234,148972.9253618234,-76408.42070519547,-175600.3594537533,-198675.4088416148,2697585.2199953753,49047.00399991592,9875.166
Europe,2020-06-29,748160801,239737.57946392443,239821.26335251622,239806.7908990182,239770.91131174006,239733.92816642916,239714.04495311336,239699.88526868823,11748322.106887467,239761.67565076464,187561.206
Oceania,2020-06-29,42936804,-2243.2600217164054,-464.45968916943224,-630.6844441942046,-1631.9746175196965,-2627.7607730202194,-3489.803096801394,-3693.429943275331,-25203.511699332783,-1200.1672237777516,126.014
Americas,2020-07-06,1026782740,478771.3460346913,485644.36381202174,484475.7380793586,480011.1213254701,471477.70088506705,466788.56434441486,465956.03190890135,22073469.301666815,469648.28301418753,299511.149
Asia,2020-07-06,4678948019,335063.231476342,651741.5103957246,602419.265232803,340264.6850094029,122211.29584807654,-128850.76741011848,-258474.93957454598,-4448753.620341608,-87230.4631439531,63285.187
Africa,2020-07-06,1371693397,165576.95010008712,188696.43328541427,165576.95010008712,165576.95010008712,-67333.95207487963,-164530.79793816034,-195852.42249912466,3090648.5489433883,56193.60998078888,11608.17
Europe,2020-07-06,748160801,249842.22746881144,249928.91107637828,249914.4473559685,249876.40408359075,249838.7065429355,249817.7607874628,249802.16830937448,12243478.005159123,249866.8980644719,190182.216
Oceania,2020-07-06,42936804,-2676.263435540827,-805.0863527561662,-1023.3462642594487,-2030.466711672485,-3082.0801324975077,-4021.814678295719,-4212.021311126378,-32980.74847487839,-1570.5118321370662,128.016
Americas,2020-07-13,1026782740,523708.2650801817,531575.8711433402,530195.8281842562,525458.3877469825,516503.8416582261,510868.6524765451,510447.6375364749,24098501.34988902,512734.07127423445,324317.14
Asia,2020-07-13,4678948019,410993.90582551813,755553.3184036374,709333.8331260297,421148.23890626547,194661.84857133724,-79949.92058641289,-204610.29184736146,-4065259.4958269335,-79710.97050641046,71446.186
Africa,2020-07-13,1371693397,185480.82638033043,214305.56113485116,185480.82638033043,185480.82638033043,-54265.326738101976,-154017.40256127005,-185242.59370093865,3574285.8778914013,64987.01596166185,13461.189
Europe,2020-07-13,748160801,259739.4754987701,259829.174750519,259812.87210284124,259774.59675228604,259735.22039168753,259713.98613081925,259696.7739121322,12728471.303430788,259764.72047817934,192638.222
Oceania,2020-07-13,42936804,-3134.35709651522,-1184.7607256702395,-1441.379434205255,-2453.3935814438387,-3582.6970788004537,-4635.332787833865,-4757.757445382459,-41245.185250424074,-1964.0564404963845,130.018
Americas,2020-07-20,1026782740,570093.9053152554,578669.8449391981,576963.0253066133,571992.8360205038,562365.138237014,557119.3004563992,555587.1906374376,26173619.731444567,556885.5262009483,350615.146
Asia,2020-07-20,4678948019,491429.112305443,842485.0942671524,821645.7786530461,505604.53394276847,266332.03173233295,-16792.21139579362,-140945.55858209493,-3677584.3913122597,-72109.49786886784,81305.196
Africa,2020-07-20,1371693397,207227.9416028322,250145.0529779118,207227.9416028322,207227.9416028322,-40432.56072622077,-142944.36167094894,-179066.6989623762,4068802.2068394143,73978.22194253482,15421.21
Europe,2020-07-20,748160801,269750.07224779273,269842.10619353416,269826.5122222458,269786.2075636644,269745.51686429174,269723.0584308005,269704.69166610413,13219011.401702447,269775.7428918867,194806.22699999998
Oceania,2020-07-20,42936804,-3510.4502047447477,-1423.4819013504864,-1789.42845617413,-2816.5006334438476,-3930.866288635766,-5080.34279893355,-5247.225309959052,-47791.822025969705,-2275.8010488557,148.015
Americas,2020-07-27,1026782740,615758.2607679053,624996.202583971,623285.4847773309,617606.4715180179,607529.675971012,601911.5253629833,600302.2226153809,28204076.363000106,600086.7311276618,378571.158
Asia,2020-07-27,4678948019,576998.3832415041,955262.3892915755,922865.639372263,596183.4518602769,338878.00222589035,48098.838744570276,-81216.91839345117,-3243073.946797586,-63589.68523132522,91089.201
Africa,2020-07-27,1371693397,227035.74035693187,285165.1683971926,234576.53759880766,227035.74035693187,-24643.731750985487,-135823.52482732444,-172413.48146291875,4496867.535787428,81761.22792340777,18173.204
Europe,2020-07-27,748160801,286059.175892274,286153.73120629275,286138.6267773351,286096.2094932544,286054.0210185566,286030.90981798706,286010.8019703607,14018177.999974106,286085.26530559396,196803.222
Oceania,2020-07-27,42936804,-3817.020058829637,-1591.9688988877056,-2012.5195173765528,-3113.6889356648257,-4283.351550837475,-5487.331787442252,-5678.3804096188105,-52860.058801515304,-2517.1456572150146,189.014
Americas,2020-08-03,1026782740,659011.940135572,668896.1128107305,667392.5162532227,660818.1484104391,650484.5950504612,644616.8381750227,642167.8364047455,30133334.54025458,641134.7774522251,406521.171
Asia,2020-08-03,4678948019,656823.4244162443,1111010.1306504419,1003158.2409810893,679439.0815103943,410998.7039984481,107909.7872758921,-13041.557405753176,-2829758.674540976,-55485.4642066858,100954.224
Africa,2020-08-03,1371693397,242858.742845758,311960.9714116809,260141.39784391117,242858.742845758,-14662.156317767118,-132086.0971223102,-168725.46248023963,4749522.606670924,86354.9564849259,20624.226
Europe,2020-08-03,748160801,294788.13731924706,294885.4427286317,294870.5611299263,294825.5456138044,294781.90480476565,294759.1429598225,294736.67032410664,14445915.651794154,294814.6051386562,198850.225
Oceania,2020-08-03,42936804,-4184.918124156913,-1842.1814153158207,-2259.4893158245545,-3444.397404696934,-4702.223624821011,-5921.316222700393,-6177.578051103995,-59076.11493189964,-2813.1483300904592,257.019
Americas,2020-08-10,1026782740,700744.8463531904,711301.955680201,710102.5242357262,702633.5846930746,691905.9263493988,685540.5515817796,682828.6791247271,31998742.43417571,680824.3071101216,435468.187
Asia,2020-08-10,4678948019,739855.479818792,1217514.1245557803,1085771.1119925876,767040.8921721666,493666.0586755415,155755.00054715565,41515.77199275068,-2432725.6622843663,-47700.5031820464,111259.22499999999
Africa,2020-08-10,1371693397,257310.0065926923,333718.19571022445,280131.8105220432,257310.0065926923,-7613.284034044191,-130149.74663694849,-166956.19347437882,4951643.677554421,90029.88504644402,23596.244
Europe,2020-08-10,748160801,310510.2128331831,310610.88827061094,310595.5712491621,310548.3673913437,310502.99268296757,310480.8174874721,310455.4499468712,15216310.303614201,310536.94497171836,200978.211
Oceania,2020-08-10,42936804,-4469.669668800024,-2057.39466894441,-2449.0724096191047,-3716.160373621265,-5027.116761858536,-6265.604423273124,-6594.995328505184,-63549.171062283946,-3026.1510029659025,357.021
Americas,2020-08-17,1026782740,739683.9352438246,750585.3852425168,749584.2257481366,741826.0621845747,730284.3779511746,724002.6632101012,720806.6191201727,33733540.46143018,717734.9034346847,462690.172
Asia,2020-08-17,4678948019,825940.9190046295,1328100.0206530306,1181143.0832632221,865976.2505520167,573960.0192866818,205031.9909343121,92145.673908763,-2025259.0700277563,-39710.96215740698,121767.226
Africa,2020-08-17,1371693397,272453.2183771628,355978.198511102,298964.34099937533,272453.2183771628,-2001.9662424119592,-128527.94409869665,-164846.5499676519,5149111.748437918,93620.21360796214,25895.247
Europe,2020-08-17,748160801,321787.4883471193,321891.5228130848,321875.78181567404,321826.78058498644,321779.5266546417,321756.127188158,321729.42977282504,15768909.755434254,321814.4848047807,203189.224
Oceania,2020-08-17,42936804,-4889.536835598841,-2395.8241292857138,-2799.839973518636,-4093.7872170003902,-5486.812147415035,-6774.447197646605,-7145.9936251297495,-70979.02719266835,-3379.9536758413496,464.023
Americas,2020-08-24,1026782740,774325.2020691505,785587.0786399004,784816.0992322647,776552.07126135,764597.994087425,757893.7244346471,754644.0678978681,35271674.822017975,750461.1664259144,489400.163
Asia,2020-08-24,4678948019,912864.8006400622,1449711.0525280228,1279672.5075669468,957929.2403440385,654920.6122466683,278591.660743657,142773.1994137558,-1654323.7777711467,-32437.72113276758,131770.233
Africa,2020-08-24,1371693397,286425.02613029967,376564.2377542776,314426.3988559336,286425.02613029967,1591.588167380457,-125313.78642770348,-173033.61075475413,5293141.819321414,96238.94216948026,28003.254999999997
Europe,2020-08-24,748160801,330858.4264243972,330965.23774989735,330948.0718592386,330899.1554776916,330850.1566665527,330825.72568419273,330797.97656496783,16213414.2272543,330886.0046378428,205387.231
Oceania,2020-08-24,42936804,-5390.482779271028,-2805.6778062794965,-3255.2231384477927,-4582.568020216507,-6038.408889435097,-7367.248272462763,-7777.1808895779,-80088.88332305265,-3813.756348716793,552.027
Americas,2020-08-31,1026782740,805913.0050398256,817809.8884457238,817088.594365247,808478.4083030215,795653.4794632343,788762.4759124222,785623.5129340456,36670545.83260577,780224.379417144,514085.166
Asia,2020-08-31,4678948019,1023045.2479226817,1557834.3517612459,1403240.7901713892,1052781.328925659,735669.1349641411,341575.84374988696,191983.59662563124,-1344042.785514537,-26353.780108128176,142641.226
Africa,2020-08-31,1371693397,298875.53115828306,392878.1571436212,329214.91842222126,298875.53115828306,5642.299224939571,-128584.73334630721,-178238.58832718822,5412421.890204911,98407.67073099839,29810.277
Europe,2020-08-31,748160801,338548.24659215164,338658.3692911908,338638.9819058731,338591.1354126344,338539.1059332917,338513.9841802275,338485.13281991583,16590233.039074348,338576.18447090505,207563.22999999998
Oceania,2020-08-31,42936804,-5740.459713350042,-3074.742919799831,-3578.947405704468,-4945.582207211584,-6411.80924257112,-7790.849493825912,-8226.406090150105,-86321.73945343701,-4110.559021592239,686.028
Americas,2020-09-07,1026782740,833017.2615434523,845315.5279011432,844634.6258609367,835728.4353509259,822347.7731377677,814594.8968446574,811920.1115170816,37840164.35420745,805109.8798767542,538266.148
Asia,2020-09-07,4678948019,1133133.08317136,1676838.1174590508,1564401.5945962707,1169039.6199266876,826161.1203362637,408107.6527183637,241300.97847368973,-1103310.9100321215,-21633.54725553179,154047.243
Africa,2020-09-07,1371693397,310972.0747615867,408004.9546354518,342866.5030105056,310972.0747615867,4952.101105271597,-138455.89678723004,-184939.30546914792,5508843.0266798055,100160.7823032692,31519.313
Europe,2020-09-07,748160801,356210.951683037,356324.47598362685,356303.9608269037,356255.804503113,356200.71189669677,356175.3756149892,356146.8342827401,17455731.19024923,356239.41204590263,210092.225
Oceania,2020-09-07,42936804,-6107.821469241048,-3338.3366240241235,-3905.759524512219,-5328.458630305931,-6822.445511708154,-8230.24456691352,-8682.459403705298,-93199.62074511165,-4438.07717833865,801.0310000000001
Americas,2020-09-14,1026782740,858585.7773973048,871598.7895878257,870479.0230697519,861238.978816272,847049.6766870087,838768.1526935713,836521.0502659879,38940230.70914246,828515.5470030311,558793.151
Asia,2020-09-14,4678948019,1251198.2954531766,1802920.924953653,1719373.2769464685,1284402.5411062718,937648.9049279613,476557.86865643633,292056.23878980015,-877809.6745497049,-17211.95440293539,166452.251
Africa,2020-09-14,1371693397,321436.9257068729,418945.81858892576,355092.6145539429,321436.9257068729,4043.6544731133004,-145845.5504443881,-191458.0732565453,5597619.1631547,101774.89387554002,32791.325
Europe,2020-09-14,748160801,374531.57214533613,374648.6996597798,374628.3972009781,374577.99236891454,374521.3770630316,374494.8341356545,374467.0098975753,18353471.341424115,374560.6396209003,212733.213
Oceania,2020-09-14,42936804,-6552.156076716168,-3677.2212014021748,-4291.558721431315,-5739.181440343289,-7300.485831602271,-8748.272444159598,-9206.99204722706,-101324.90203678631,-4824.995335085063,848.029
Americas,2020-09-21,1026782740,885014.771048863,898417.83765202,897653.7869387321,887702.652787777,872673.7410960846,863858.4488286088,861864.5447751967,40079278.08074414,852750.5974626413,578647.167
Asia,2020-09-21,4678948019,1370245.8796196273,1922782.5268361862,1856830.857313208,1397731.5884224416,1035984.841727292,538647.5567328129,348395.86594431713,-641047.439502071,-12569.557637295507,179190.242
Africa,2020-09-21,1371693397,329727.97816289647,428901.73695322906,367594.0483165538,329727.97816289647,5041.802530978173,-151104.3306803028,-196845.6936043544,5707108.299629595,103765.60544781083,34080.34
Europe,2020-09-21,748160801,389800.9725825639,389921.3379620879,389901.33246105886,389848.6155663685,389790.781703829,389763.0771116371,389735.5661141885,19101701.712599006,389830.64719589805,216481.23
Oceania,2020-09-21,42936804,-6748.063273439531,-3821.458350913027,-4414.255870191767,-5916.965467359479,-7536.5014511271465,-9032.664758996903,-9491.77001123802,-104846.98332846099,-4992.713491831476,888.034
Americas,2020-09-28,1026782740,908314.8613306016,921763.3465346611,920868.2575650689,911125.5598867817,895320.2983116643,885774.5540078857,883940.6106879179,41078368.06901249,874007.831255585,598722.166
Asia,2020-09-28,4678948019,1487173.3799939712,2064661.1896632917,1980061.018637847,1514631.2961494175,1129228.9576887765,609369.0530306576,401332.02999328275,-368783.08445443783,-7231.04087165564,191263.226
Africa,2020-09-28,1371693397,337512.9324722036,441545.0142557671,378438.025896495,337512.9324722036,4756.095392735297,-158392.41454168098,-201621.90158004154,5783179.4361044895,105148.71702008163,35455.35
Europe,2020-09-28,748160801,407123.89482939633,407248.5320977888,407229.892612317,407173.464479513,407113.74588708434,407084.864787616,407058.0435687913,19950554.56377389,407154.1747708957,220676.239
Oceania,2020-09-28,42936804,-6908.425400575698,-3930.9769276750008,-4492.410921710103,-6035.986478165695,-7720.253727376693,-9158.809866082127,-9741.42145548828,-107688.66462013566,-5128.0316485778885,916.034
Americas,2020-10-05,1026782740,935120.423028423,949008.6516659282,947962.9584597527,937993.358562982,921471.2364093623,911290.5114694186,909659.6068962095,42243389.742979765,898795.526446378,623470.162
Asia,2020-10-05,4678948019,1588669.5547211627,2181077.093718467,2081639.8951825593,1609018.483975866,1214708.0241879688,680486.1729445456,455280.2060722183,-107354.75972938491,-2104.9952888114667,203427.23799999998
Africa,2020-10-05,1371693397,350690.28054262366,453521.75962845574,391640.4410965506,350690.28054262366,4547.437026959579,-164796.3893224743,-206903.4019145006,5874341.023117019,106806.20042030944,36636.355
Europe,2020-10-05,748160801,430188.71296425996,430318.80786663934,430298.5473434415,430240.2566279552,430178.429810352,430148.99567980564,430121.97402025,21080749.19752942,430219.37137815147,225532.244
Oceania,2020-10-05,42936804,-7207.153305190986,-4156.632073890037,-4732.201766337889,-6335.01084175382,-8033.893848537641,-9596.682630237636,-10112.454547392366,-112941.56591181035,-5378.169805324303,929.033
Americas,2020-10-12,1026782740,958899.2293404717,973176.2410181247,971970.8895842553,962005.8999070562,944753.4927367842,933915.3026586953,932689.6261808262,43276732.30028037,920781.5383038376,641529.182
Asia,2020-10-12,4678948019,1677700.8623186206,2288059.7195858685,2179571.42975787,1695526.178550894,1286752.038903429,752487.6626660418,509812.52220603917,204478.90499566786,4009.3902940327052,214963.252
Africa,2020-10-12,1371693397,364899.26026561344,466972.7639750234,405619.8444439389,364899.26026561344,5717.938330929759,-169923.909331099,-210341.9101715105,5997567.610129548,109046.68382053723,38299.366
Europe,2020-10-12,748160801,457827.9171133776,457963.3870116823,457941.7593307229,457884.6629563847,457819.8821855966,457787.5503189273,457760.59307212307,22435089.431284953,457858.9679854072,231711.242
Oceania,2020-10-12,42936804,-7421.350857727493,-4319.915509814915,-4844.124062557043,-6512.197226700514,-8272.477726356616,-9846.514443932956,-10410.651746617817,-116846.26720348501,-5564.107962070715,933.03
Americas,2020-10-19,1026782740,984749.7759575184,999646.5048818893,998495.6649489688,987805.4090660916,970258.638663685,958775.0597943167,957563.0402298559,44415752.00758097,945016.0001612973,658826.182
Asia,2020-10-19,4678948019,1767961.9318656987,2372116.1160513344,2285304.6626554285,1790319.997622349,1357020.4991696344,824058.6850089778,561604.1038202414,516291.1497207207,10123.355876876878,225820.252
Africa,2020-10-19,1371693397,375526.9045626865,481707.6962325524,417021.8226248829,375526.9045626865,7858.602178674029,-176135.47105805067,-209430.4419585271,6112401.197142078,111134.56722076505,39928.385
Europe,2020-10-19,748160801,495705.88333726185,495846.70633777604,495823.4219814126,495764.61653711187,495697.2901824571,495665.13516630966,495637.4278019738,24291130.865040485,495737.364592663,240161.243
Oceania,2020-10-19,42936804,-7548.388775868804,-4393.240504729054,-4863.265478141061,-6629.669340328621,-8406.480946213931,-9972.211699674712,-10613.434125454452,-118957.56849515968,-5664.646118817128,939.029
Americas,2020-10-26,1026782740,1011388.3363042343,1026826.1938726325,1025253.1283534679,1014536.0071149475,996573.4421194302,984702.3134346175,982932.0955140799,45591698.048214905,970036.1286854235,676881.198
Asia,2020-10-26,4678948019,1858260.8751951894,2458122.0278762425,2376904.751875172,1882389.7728316744,1430233.8762208147,891884.4220508968,616639.4857024677,906403.6944457741,17772.621459721064,236143.25
Africa,2020-10-26,1371693397,385280.2334284802,488377.70565573993,426508.47734855034,385280.2334284802,7428.871561016457,-181021.89872679787,-213957.67712768883,6199085.784154606,112710.65062099285,41605.403
Europe,2020-10-26,748160801,541690.5918550934,541838.1250694938,541817.254679036,541751.7805174266,541682.9186400019,541649.3117036182,541621.1982836219,26544447.63879602,541723.4211999187,252331.247
Oceania,2020-10-26,42936804,-7723.303540449338,-4506.15036701341,-4940.480870705855,-6781.345578297156,-8605.813490535074,-10208.837982149222,-10865.616034113307,-121938.26978683434,-5806.58427556354,939.029
Americas,2020-11-02,1026782740,1042714.7344533537,1058886.4394209073,1057370.0015967486,1046132.6132834696,1028062.0790802235,1015235.9469852281,1013335.8869483483,46992111.793149926,999832.1658117005,694498.203
Asia,2020-11-02,4678948019,1954367.5194076572,2550766.572457858,2469062.5846616672,1991426.9970549517,1503082.4221623896,977334.2933020598,680844.1756856483,1388865.569493407,27232.658225360923,246213.26799999998
Africa,2020-11-02,1371693397,398011.159983113,513370.6890643933,444914.57470784447,398011.159983113,16607.24493442289,-173867.38905052244,-213938.72777687584,6350822.987296168,115469.50885993033,43387.435
Europe,2020-11-02,748160801,604820.1350400775,604973.1887298113,604950.1057250375,604884.8307241821,604813.6831853028,604778.8314862069,604747.8354056088,29637814.0899709,604853.3487749164,270343.234
Oceania,2020-11-02,42936804,-7780.3286067426,-4436.889281552458,-4859.579453853969,-6823.258832755337,-8672.186186270728,-10267.106161650361,-10964.466080145074,-122581.531078509,-5837.215765643286,941.0310000000001
Americas,2020-11-09,1026782740,1074726.865259417,1091423.094141747,1089659.626429406,1078091.788176838,1059849.6380679668,1046377.327615098,1044212.4940948681,48417703.43808494,1030163.9029379773,713247.227
Asia,2020-11-09,4678948019,2055532.071308725,2645774.981953369,2564626.3950654934,2089551.3332067435,1580067.3870367326,1057905.3754145016,747846.4234438881,1922519.2045410397,37696.454991000785,257226.277
Africa,2020-11-09,1371693397,411058.1553289602,538203.5105242485,464374.48247936607,411058.1553289602,26979.771587182255,-166380.1696368936,-209064.47945809216,6532359.190437729,118770.1670988678,45607.443
Europe,2020-11-09,748160801,670567.1364011387,670727.2561711209,670702.9124057279,670636.3838562123,670563.1993035442,670527.5373014908,670495.9539186427,32859511.541145787,670602.276349914,296674.252
Oceania,2020-11-09,42936804,-7742.811693553286,-4258.871443960503,-4686.707192371099,-6757.332090447123,-8649.388135025849,-10262.108923429378,-10964.92110438171,-121238.19237018366,-5773.247255723031,941.0310000000001
Americas,2020-11-16,1026782740,1109609.8438177712,1126537.5837885132,1124814.7781724695,1113211.0733467885,1094183.5846283026,1080871.5663115596,1078043.9371290705,49975676.06635328,1063312.2567309209,733801.243
Asia,2020-11-16,4678948019,2145750.2051308085,2753398.2955798507,2678642.042103884,2182719.766663874,1646384.030855553,1125016.0835487538,796711.8138700915,2408443.9795886725,47224.391756640645,268100.27999999997
Africa,2020-11-16,1371693397,424550.8744857546,564222.4783295674,485008.72203802416,424550.8744857546,34176.57298956122,-159188.3894052797,-205695.8884110133,6719186.393579289,122167.02533780527,47639.466
Europe,2020-11-16,748160801,735781.789399374,735949.9057712558,735922.7219868493,735856.5608365982,735780.8463156408,735742.4366392335,735712.4041406286,36055140.99232067,735819.2039249117,326816.238
Oceania,2020-11-16,42936804,-7848.839506444452,-4273.6025471481335,-4677.445243502633,-6816.039069700837,-8771.011925577659,-10390.304157417173,-11131.635435975033,-122893.65366185832,-5852.078745802777,941.0310000000001
Americas,2020-11-23,1026782740,1146438.8508190915,1163803.7913299615,1161738.9383197045,1149956.2882686688,1130500.5269349522,1117270.7480074065,1113830.3088743554,51624814.59462163,1098400.3105238643,756627.235
Asia,2020-11-23,4678948019,2239914.100865934,2843564.321479175,2795087.37947608,2276033.388621739,1717868.4818872418,1191620.3831509284,829197.8104296295,2834763.0146363056,55583.58852228051,280201.285
Africa,2020-11-23,1371693397,437552.70216468873,589675.1904829886,503966.2146270499,437552.70216468873,43914.67764171648,-151074.87487477096,-201837.96502372756,6858086.596720851,124692.48357674274,49985.481
Europe,2020-11-23,748160801,799917.8598185574,800094.8543361475,800063.710826934,800000.5018967033,799917.8598185574,799879.3756284644,799849.7794169532,39197963.14349556,799958.4314999094,359830.24700000003
Oceania,2020-11-23,42936804,-7926.1182104591535,-4331.283458663778,-4634.596081210959,-6852.107379540188,-8842.542116187256,-10468.296582392442,-11289.568222527303,-123982.11495353299,-5903.910235882523,941.0310000000001
Americas,2020-11-30,1026782740,1187159.6216727118,1204792.3023596162,1203108.8764272325,1190681.2282271427,1170623.9522365548,1157227.88645135,1153620.547812568,53457658.88955664,1137396.9976501414,780608.241
Asia,2020-11-30,4678948019,2333289.4583544093,2949347.1864015795,2910051.3966434128,2376294.5276969685,1785342.0039851707,1259983.3615009678,865148.4158117968,3189381.1496839384,62536.88528792036,292134.311
Africa,2020-11-30,1371693397,452588.18236470636,616236.5317906134,527275.1289166417,452588.18236470636,55122.25899069209,-137700.61612144642,-192675.02448218406,7068101.799862412,128510.94181568023,51990.498
Europe,2020-11-30,748160801,862314.6417738514,862500.9312234931,862467.4022584887,862404.2935249703,862314.6417738514,862277.2521836101,862246.0682245705,42255584.094670445,862358.859074907,394553.257
Oceania,2020-11-30,42936804,-7810.633885289662,-4153.201094871254,-4428.56973976262,-6694.350147067596,-8741.80648929223,-10336.769155273932,-11190.43495974359,-121042.77624520764,-5763.941725962269,942.032
Americas,2020-12-07,1026782740,1235113.8812443856,1252955.8251600384,1251707.4612751892,1238811.9961627633,1218286.0317771526,1204229.669743519,1200672.3521933306,55629052.950563826,1183596.8712885922,810236.231
Asia,2020-12-07,4678948019,2425682.3196927574,3061961.870691499,3009706.710404303,2471948.523005496,1856904.0513096508,1324429.0338467795,901923.7670058195,3562852.7892477005,69859.85861270002,303471.322
Africa,2020-12-07,1371693397,475534.7888263977,646981.2736465588,552851.3778516493,475534.7888263977,69450.40028058566,-119548.15812385934,-180643.0018770207,7455019.677197522,135545.81231268222,54116.496
Europe,2020-12-07,748160801,927298.6786774743,927494.203054283,927459.0680794067,927395.1894838915,927298.6786774743,927262.587430004,927233.3655724716,45439977.18197436,927346.4731015175,428472.24700000003
Oceania,2020-12-07,42936804,-7854.499840414741,-4122.449965954062,-4380.9342827259725,-6668.4353307720385,-8791.276500249265,-10383.032619631935,-11264.691872308165,-121449.69044010811,-5783.318592386101,942.032
Americas,2020-12-14,1026782740,1284837.7968398223,1302739.7865551538,1301879.4885551801,1288550.3606378394,1267586.1071941543,1252779.2996636687,1249308.1617803834,57872055.42823769,1231320.3282603766,841961.246
Asia,2020-12-14,4678948019,2515011.4262315454,3148347.2850309764,3092479.9216724206,2564764.0521219303,1930907.0698000707,1378971.7440154692,935481.992585462,3895849.808811463,76389.21193747967,314057.303
Africa,2020-12-14,1371693397,500247.9667176226,683745.1483337443,576028.3536095051,500247.9667176226,83485.64320994078,-102702.4685809375,-167398.72801931197,7887136.554532631,143402.4828096842,56643.496
Europe,2020-12-14,748160801,987994.9191193834,988198.6661633436,988161.5242941631,988098.6614265203,987994.9191193834,987959.6530726748,987932.6270605847,48414219.06927828,988045.2871281281,461840.267
Oceania,2020-12-14,42936804,-7779.1445355403475,-3965.4377312415577,-4231.198402772388,-6553.374361908389,-8704.549599028263,-10337.581736891898,-11226.08472432727,-119580.20463500859,-5694.295458809933,943.033
Americas,2020-12-21,1026782740,1338065.7509077168,1356130.2871036427,1355742.9352082966,1342040.1758091957,1320473.4294447864,1305046.471054358,1301742.9701119103,60285087.45591155,1282661.4352321606,876502.256
Asia,2020-12-21,4678948019,2598146.9749762714,3228177.0230830708,3175178.2046893905,2643308.7624637433,1994447.4831436435,1425229.9803655704,967303.4527131146,4150750.844850978,81387.27146766623,324205.308
Africa,2020-12-21,1371693397,529292.3244809633,725916.0674446351,607819.0299239545,529292.3244809633,106840.9777853685,-86778.87003725722,-146292.22539402163,8501160.431867741,154566.5533066862,59526.494999999995
Europe,2020-12-21,748160801,1047093.4953789,1047307.5071653074,1047267.8978264402,1047207.0656597853,1047093.4953789,1047061.215623096,1047036.202963245,51310266.7565822,1047148.3011547388,496707.267
Oceania,2020-12-21,42936804,-7679.970570301875,-3786.002142047808,-4087.693749600106,-6371.265938427994,-8624.251034573572,-10263.101555261375,-11207.484359520677,-117194.11882990906,-5580.672325233765,944.034
Americas,2020-12-28,1026782740,1398479.9501807715,1417051.4384499313,1416581.0874119347,1402241.6050373141,1380165.023913426,1364184.2677542488,1361002.9600987053,63019261.80970899,1340835.3576533827,906834.257
Asia,2020-12-28,4678948019,2679403.311102114,3317742.958985689,3256562.6762502934,2720835.833531765,2051869.1071095555,1464583.5432402252,1004922.0440741908,4391495.966312639,86107.76404534587,333683.308
Africa,2020-12-28,1371693397,562458.4977561968,771564.0938372631,642408.3918956044,562458.4977561968,135162.39358257022,-60513.75392900504,-119803.3368749344,9246451.643948613,168117.3026172475,63349.509999999995
Europe,2020-12-28,748160801,1106184.651417832,1106410.4782238614,1106365.933855227,1106302.57611158,1106184.651417832,1106156.1836563272,1106132.158876708,54205949.651273765,1106243.8704341585,526349.257
Oceania,2020-12-28,42936804,-7621.224708245469,-3640.2121841261865,-3981.9513331115636,-6270.662368314232,-8569.92271437095,-10240.098869302405,-11237.784474031658,-115656.66308098946,-5507.460146713784,945.035
Americas,2021-01-04,1026782740,1461024.9225407548,1480790.2044170701,1479877.1717634827,1465873.2084950327,1442326.5549999783,1425496.8680390478,1422469.8994060357,65767670.94347571,1399312.1477335256,941796.261
Asia,2021-01-04,4678948019,2752309.4156788285,3385766.9154267814,3323277.3492635065,2787422.7461310867,2096641.918624181,1487309.1272528367,1040446.078507846,4501381.6033999305,88262.3843803908,342391.294
Africa,2021-01-04,1371693397,599809.2237562165,825322.14859736,686053.9946560825,599809.2237562165,162794.5627976328,-33606.08503501895,-89193.32688147886,10161329.834172908,184751.4515304165,67928.525
Europe,2021-01-04,748160801,1147239.5230987675,1147473.5870914042,1147432.1928034076,1147362.5494355669,1147239.5230987675,1147214.1379694277,1147192.2458880702,56217752.23993249,1147301.0661210713,558054.238
Oceania,2021-01-04,42936804,-7577.769615450076,-3513.8972894184617,-3892.118580230535,-6195.1871672719635,-8544.105161356707,-10219.326031197663,-11274.125410017108,-114355.32867086689,-5445.491841469852,945.035
Americas,2021-01-11,1026782740,1532363.5541039242,1554632.0016526561,1552455.618832806,1538469.653522011,1513250.8364524823,1495913.7519047037,1493344.3619287317,68928443.0733958,1466562.6185828894,985843.2710000001
Asia,2021-01-11,4678948019,2822594.689737134,3457163.624191563,3382061.2179447873,2843044.8284003455,2132225.207605823,1505922.2495090864,1062524.7820786894,4615366.707058935,90497.3864129203,350011.277
Africa,2021-01-11,1371693397,639217.5690063781,882611.9904318895,732448.90826316725,639217.5690063781,198582.34123517023,-3804.8775508756416,-59857.09361849609,11204908.024397202,203725.6004435855,73390.52
Europe,2021-01-11,748160801,1184650.918689529,1184893.4389812422,1184855.8838027697,1184782.641722931,1184650.918689529,1184628.992771621,1184606.7109068565,58050915.52859115,1184712.5618079826,593609.24
Oceania,2021-01-11,42936804,-7653.3184373539725,-3443.1685870794295,-3907.143548969209,-6227.86878225576,-8624.772689164773,-10302.754363458127,-11385.538935670587,-115531.9942607529,-5501.523536226328,945.035
Americas,2021-01-18,1026782740,1604763.407155769,1628153.6511835963,1625676.4468161485,1611650.9774218628,1585327.5698399765,1568485.6684854033,1565370.856720122,72115015.06998256,1534362.0227655866,1031342.27
Asia,2021-01-18,4678948019,2885958.6195428483,3529038.798930227,3437489.6866448536,2902133.9390263036,2154942.97628895,1523792.0400763778,1069843.875544035,4720236.41071794,92553.65511211648,358339.27499999997
Africa,2021-01-18,1371693397,678195.7433765467,935433.3909877514,778531.2896049933,678195.7433765467,235252.4941015084,24786.35052569575,-34024.23231548135,12085026.2146215,219727.74935675453,79630.53
Europe,2021-01-18,748160801,1226461.2532313305,1226709.895427829,1226673.1987963787,1226599.0103756173,1226461.2532313305,1226440.03814572,1226419.0925882729,60099482.8172498,1226520.057494894,630648.235
Oceania,2021-01-18,42936804,-7519.654525461618,-3198.8423328889953,-3684.751682849985,-6047.598935621487,-8495.131992831703,-10181.94390567545,-11305.095489433685,-112281.15985063888,-5346.7218976494705,945.035
Americas,2021-01-25,1026782740,1665655.0291546336,1692255.6629381743,1687273.2700065456,1672788.2135977685,1646208.5272414135,1629743.053432872,1625206.410032363,74778991.71656933,1591042.3769482838,1079942.283
Asia,2021-01-25,4678948019,2941232.796894845,3599836.339060829,3495196.2550133322,2956683.580817347,2180710.166472437,1545300.0863242466,1082985.4498207995,4829398.614376945,94694.09047797933,366252.285
Africa,2021-01-25,1371693397,711310.2781238522,963456.529202772,817408.6617372364,711310.2781238522,261201.39886091274,46918.742361953984,-7375.237932492751,12647051.904845795,229946.39826992355,85953.546
Europe,2021-01-25,748160801,1263864.4541476432,1264118.4975956597,1264082.422408498,1264008.9819944857,1263864.4541476432,1263840.1023491672,1263822.8667403643,61932082.60590845,1263920.0531818052,669820.256
Oceania,2021-01-25,42936804,-7596.058489758327,-3175.678243559769,-3674.5276650255278,-6072.419905518019,-8579.919713402503,-10271.937449155486,-11402.665013823138,-113489.32544052486,-5404.253592405946,945.035
Americas,2021-02-01,1026782740,1719502.52021702,1748566.155802704,1742066.1917807802,1726585.1833339084,1699703.6043699011,1684014.9543782773,1677904.3861097863,77117187.93155617,1640791.2325863014,1129202.277
Asia,2021-02-01,4678948019,2993586.990517905,3669301.4204643457,3545417.668474701,3005373.0030968967,2227409.267765317,1556416.2720277542,1094273.1627404725,4894375.9762116885,95968.15639630762,374423.287
Africa,2021-02-01,1371693397,739817.2754196776,990824.5666083719,850664.9182517139,739817.2754196776,283201.48887389683,62939.778946808154,15464.137782869446,13001061.574028192,236382.9377096035,91477.55399999999
Europe,2021-02-01,748160801,1289915.9280796598,1290177.861901721,1290141.9021590303,1290064.743331587,1289915.9280796598,1289890.150562819,1289875.2371863034,63208517.14456282,1289969.7376441392,706880.244
Oceania,2021-02-01,42936804,-7476.562155562849,-2843.76048820569,-3457.6805525453046,-5912.606950725925,-8449.764693572364,-10178.779323280247,-11306.701909828833,-110581.49103041085,-5265.785287162421,945.035
Americas,2021-02-08,1026782740,1762043.9485812865,1793234.3809072094,1785459.427331384,1769500.0610841142,1741365.7466400606,1726974.479283704,1719537.7027790488,78936992.16320966,1679510.4715576526,1174237.267
Asia,2021-02-08,4678948019,3044780.4680853905,3722532.600435662,3585675.5108089,3047264.211216485,2273557.2225110317,1567658.8397020653,1107435.002071609,4922422.538046432,96518.08898130259,381125.283
Africa,2021-02-08,1371693397,766241.2774535174,1011000.9866164002,880617.5553178681,766241.2774535174,303784.191576141,77056.03211316632,34824.30272619405,13238342.909877256,240697.14381595008,95533.571
Europe,2021-02-08,748160801,1311169.0191817703,1311439.6672514328,1311404.9386598547,1311324.00589962,1311169.0191817703,1311143.5271661796,1311128.251893404,64249881.53321719,1311222.0721064731,740218.255
Oceania,2021-02-08,42936804,-7477.22646050182,-2707.3017901636626,-3370.8003871109,-5875.896511939204,-8388.587272350982,-10164.73807497889,-11310.206775993422,-109938.15662029681,-5235.150315252229,945.035
Americas,2021-02-15,1026782740,1801486.4553152616,1833621.39504109,1825649.0283446915,1808920.1355955356,1779731.6762841616,1765857.2989512437,1758395.5578990649,80621323.59486316,1715347.3105290036,1217367.27
Asia,2021-02-15,4678948019,3098465.589749178,3768908.1323298886,3630234.4167825235,3098465.589749178,2311716.103649289,1582875.4109644282,1117384.9482469503,5012020.149881175,98274.90489963088,387117.297
Africa,2021-02-15,1371693397,792767.2228001796,1028613.6847916864,912893.5342253253,792767.2228001796,318458.7845567266,90808.26479976063,52122.55791048317,13460775.63626304,244741.37520478258,98943.565
Europe,2021-02-15,748160801,1329897.7528163157,1330184.5054208068,1330148.6931879628,1330058.6888180561,1329897.7528163157,1329872.2743904085,1329855.3045846953,65167586.25520489,1329950.7399021406,769138.272
Oceania,2021-02-15,42936804,-7581.593024893782,-2589.2814286618295,-3401.8676499815588,-5908.692382391843,-8473.353406452768,-10245.346253348212,-11406.626679175582,-111251.3222101828,-5297.682010008704,946.0360000000001
Americas,2021-02-22,1026782740,1837066.2667419333,1870163.4054303237,1861974.1030278474,1844595.2844574,1814902.7226472655,1800309.9766961338,1792921.9981376678,82125858.09318332,1747358.6828336879,1253588.28
Asia,2021-02-22,4678948019,3155874.02554942,3816906.1049680966,3690931.4317723494,3155874.02554942,2353082.19323107,1600432.961811245,1133740.5607481524,5058506.611715918,99186.40415129252,393134.301
Africa,2021-02-22,1371693397,817394.5493609122,1044744.185895547,937828.9559247232,817394.5493609122,332689.6209189042,107877.43210780757,63527.85189791253,13645377.529315494,248097.7732602817,101669.554
Europe,2021-02-22,748160801,1344107.3205771658,1344412.66720358,1344365.079541695,1344273.9092811751,1344107.3205771658,1344082.2483517944,1344063.3741194664,65863810.977192596,1344159.407697808,793779.308
Oceania,2021-02-22,42936804,-7584.195174642461,-2313.399447170771,-3325.646462944044,-5841.770641640996,-8450.967587685134,-10226.148493146551,-11378.306479968202,-110569.48780006877,-5265.2137047651795,947.037
Americas,2021-03-01,1026782740,1878843.4489743384,1913972.2269091199,1904858.0756246466,1886859.2253396849,1856405.175641709,1841093.4156260928,1833622.7183381375,83918209.78964363,1785493.8253115665,1290651.285
Asia,2021-03-01,4678948019,3222437.1912020356,3868396.348534001,3745667.125953663,3222437.1912020356,2397405.7011755225,1622049.0991501051,1154197.1150178488,5236815.192671808,102682.65083670213,399855.33
Africa,2021-03-01,1371693397,842849.2139918169,1062110.7306557505,964794.4312115429,842849.2139918169,348778.68582299736,126725.6146454109,77910.36049053556,13920331.94112225,253096.94438404092,104019.552
Europe,2021-03-01,748160801,1357084.8322825325,1357408.231709144,1357352.2651469524,1357257.7830577018,1357084.8322825325,1357061.7780848185,1357041.6252161807,66499807.47291942,1357138.9280187637,815775.3099999999
Oceania,2021-03-01,42936804,-7569.556940774714,-2052.2378927367076,-3230.1782635233344,-5700.686661041886,-8425.673045137459,-10178.442534714666,-11350.770954082032,-109421.44847422464,-5210.545165439269,951.034
Americas,2021-03-08,1026782740,1918106.6060831095,1954621.1904524434,1945372.988981461,1927095.4328740255,1895521.5301188529,1879301.6431291832,1871497.5771179658,85584317.79892443,1820942.9318920092,1325171.281
Asia,2021-03-08,4678948019,3285538.129844538,3922103.721502577,3799690.22625072,3285538.129844538,2429033.6358251953,1639355.935763372,1172531.8462599344,5422298.453627699,106319.57752211175,405651.35099999997
Africa,2021-03-08,1371693397,868883.2557342527,1087175.7653324688,993242.4397591928,868883.2557342527,363755.09955813136,147665.83840780734,93674.86011607225,14195726.352929005,258104.1155078001,106089.54299999999
Europe,2021-03-08,748160801,1373967.5945184731,1374307.976991514,1374247.107201337,1374146.940625239,1373967.5945184731,1373945.6768944075,1373922.4186582197,67327105.84864624,1374022.5683397192,837572.309
Oceania,2021-03-08,42936804,-7508.204019862672,-1830.159590121319,-3078.1716493284084,-5549.218891488386,-8271.835433100396,-10101.59410332364,-11329.239155642526,-107958.4091483805,-5140.876626113357,953.0360000000001
Americas,2021-03-15,1026782740,1955953.9734098632,1993340.2560471685,1983808.5674462076,1964971.7376809614,1932952.0319834116,1916247.3157922684,1908297.3721034531,87186950.74153857,1855041.5051391185,1358613.298
Asia,2021-03-15,4678948019,3357845.2315026033,3982990.4064038163,3870018.1059334604,3357845.2315026033,2464693.717622244,1662417.9928205074,1190426.0124232387,5647166.974583589,110728.76420752135,411456.353
Africa,2021-03-15,1371693397,894897.0052216807,1118983.9900727565,1022313.3063330383,894897.0052216807,379154.99359345064,165059.3527721405,108022.57477031538,14441838.764735762,262578.8866315593,108084.55
Europe,2021-03-15,748160801,1395064.2593465238,1395421.3956762385,1395357.3007076,1395249.2785301262,1395064.2593465238,1395042.1994767433,1395015.7590648544,68360831.42437306,1395119.0086606746,858963.315
Oceania,2021-03-15,42936804,-7413.383567649164,-1589.085558451863,-2897.2089612304826,-5387.468241769845,-8110.98335133934,-9959.300840350934,-11283.040177290475,-105970.36982253636,-5046.208086787446,963.039
Americas,2021-03-22,1026782740,1994930.762923496,2032916.9223750667,2023707.816753908,2004113.0227316509,1971432.173189205,1954423.0938958742,1947045.0931691558,88848426.90081939,1890392.0617195615,1393575.3090000001
Asia,2021-03-22,4678948019,3432689.2049500295,4045035.2806012654,3940384.042659121,3432689.2049500295,2519225.5097115906,1691998.6479374317,1210600.772154233,5771314.57553948,113163.03089293098,420321.35599999997
Africa,2021-03-22,1371693397,920616.0705984758,1150754.03273967,1050967.2337169023,920616.0705984758,393058.25420302956,187933.0711406086,114366.6581558831,14694386.176542517,267170.6577553185,110161.597
Europe,2021-03-22,748160801,1421312.261357981,1421691.155588883,1421621.327782644,1421504.2068045742,1421312.261357981,1421291.211711819,1421263.2302117466,69647083.40009987,1421369.0489816302,881001.331
Oceania,2021-03-22,42936804,-7347.93518201334,-1385.4161150893024,-2745.8929213049196,-5162.945844778023,-7998.345072651094,-9964.179087976878,-11283.425557303093,-104994.53049669224,-4999.739547461535,973.042
Americas,2021-03-29,1026782740,2033659.7266217954,2072615.3805268586,2064035.8996571298,2043254.1098666145,2009762.159196206,1992404.3090028586,1985335.8099394224,90466645.82676686,1924822.2516333377,1431806.32
Asia,2021-03-29,4678948019,3521222.9314201903,4143229.1766945664,4041627.464347172,3521222.9314201903,2594240.432886526,1736229.268830043,1250959.6964046648,6018974.99649537,118019.11757834059,428221.36
Africa,2021-03-29,1371693397,947622.3543166708,1183594.2604635316,1083381.7740077148,947622.3543166708,410582.58564075304,205749.19347204702,121674.49300446267,14950189.588349273,271821.6288790777,112223.601
Europe,2021-03-29,748160801,1449941.1556564958,1450337.432132095,1450264.3853713505,1450140.292264109,1449941.1556564958,1449921.742387997,1449891.8985750058,71049981.8358267,1449999.6293025857,905082.311
Oceania,2021-03-29,42936804,-6894.659298090378,-1274.023668636879,-2358.896313437325,-4806.83073502164,-7771.781683182278,-9927.601405873935,-11076.507345174443,-102956.09117084811,-4902.671008135625,986.041
Americas,2021-04-05,1026782740,2078916.6357500234,2118850.3271562327,2109935.820110607,2088624.2996189576,2054971.9308688655,2037168.0076525738,2029520.1249970286,92344117.02561757,1964768.4473535654,1468152.329
Asia,2021-04-05,4678948019,3655332.8204365605,4277212.200662666,4178711.855188953,3655332.8204365605,2700755.11945888,1813359.2910859177,1303734.405720409,6432157.377869833,126120.7328994085,438749.36699999997
Africa,2021-04-05,1371693397,977761.4161693632,1216127.381936961,1119838.0053591477,977761.4161693632,434293.73392118135,227261.13594188445,144372.9062587704,15344724.905532373,278994.99828240677,114079.616
Europe,2021-04-05,748160801,1479039.3963984055,1479559.650271023,1479472.3175558844,1479326.2700518218,1479039.3963984055,1478881.8186606483,1478825.0414012044,72457121.14295192,1478716.7580194268,928683.315
Oceania,2021-04-05,42936804,-6833.651307596509,-1284.9414091420663,-2266.013381333906,-4778.064371016617,-7767.927471650295,-9998.810933009807,-11072.920232425657,-104349.05184500398,-4969.002468809713,1004.038
Americas,2021-04-12,1026782740,2125185.0896168076,2166428.5050324877,2157589.955825112,2135384.86310913,2101101.863847146,2082541.0465693313,2075055.0766827755,94233435.35780162,2004966.7097404597,1514398.34
Asia,2021-04-12,4678948019,3815956.7238408993,4457872.090124577,4377940.275260545,3815956.7238408993,2831509.2601803956,1895737.552103477,1369915.994631091,6837414.359244296,134066.9482204764,453831.37799999997
Africa,2021-04-12,1371693397,1010375.3212041723,1256822.1650856582,1159503.0965875029,1010375.3212041723,466457.4524205644,251845.95902110595,183307.87219167862,15750326.222715473,286369.5676857359,115971.632
Europe,2021-04-12,748160801,1507416.3257361576,1508077.5992976446,1508062.6762718738,1507775.9982051065,1507405.0260874948,1507179.188831163,1507042.3088762981,73831985.13007714,1506775.2067362682,954302.3
Oceania,2021-04-12,42936804,-6638.903239281133,-1098.084613651444,-1938.7235016887814,-4485.810933302046,-7500.823969398598,-9680.091315621668,-10945.171634154116,-101033.81251915987,-4811.133929483803,1007.041
Americas,2021-04-19,1026782740,2174168.854459545,2216761.6965204775,2208742.5475579393,2184683.7354748826,2149684.21816765,2130433.016440822,2123312.9356753808,96226537.52331898,2047373.138794021,1555435.343
Asia,2021-04-19,4678948019,3983857.2058171034,4669851.770316797,4616067.619442892,3983857.2058171034,3013428.923182722,2046954.6825224243,1463819.6884928937,7315408.560618759,143439.38354154432,473835.41099999996
Africa,2021-04-19,1371693397,1041416.7430003716,1295435.5901039524,1197747.9690407563,1041416.7430003716,489410.63765586633,273690.283420972,219580.6853484534,16148579.539898572,293610.53708906495,118195.651
Europe,2021-04-19,748160801,1536669.3580580477,1537581.3451933214,1537492.0438528908,1537099.8594546702,1536592.8686186115,1536283.4672792433,1536110.4858522788,75247822.91720235,1535669.8554531094,978449.332
Oceania,2021-04-19,42936804,-6495.818567733115,-953.3194321063568,-1714.2827077301854,-4242.879096148377,-7372.930250655347,-9590.852398896472,-10778.548275554534,-98915.57319331572,-4710.2653901578915,1029.042
Americas,2021-04-26,1026782740,2222411.923407458,2269767.7386927903,2257455.999625266,2233814.878744428,2197611.0463238712,2177383.76951822,2169975.717442454,98146042.38883637,2088213.6678475821,1595273.344
Asia,2021-04-26,4678948019,4224929.300803451,5031180.805299225,4959065.053586525,4286212.366282011,3295701.6457096855,2469265.81984407,1611813.1771933543,7802262.481993223,152985.53886261221,503004.425
Africa,2021-04-26,1371693397,1072402.753703861,1333739.651475346,1221686.7953086528,1072402.753703861,510381.85300472303,296614.0850991987,253141.6384946539,16548999.857081672,300890.90649239405,120426.684
Europe,2021-04-26,748160801,1563164.975762091,1564138.1642399083,1564088.6980565758,1563690.8463673186,1563030.6642513403,1562638.0925703582,1562436.4221560098,76530336.60432757,1561843.6041699506,1001000.336
Oceania,2021-04-26,42936804,-6290.341853797184,-506.60139391034414,-1384.6293114069501,-3895.6364933314853,-7081.285250083532,-9415.86487452123,-10469.661804165216,-95134.13386747158,-4530.196850831981,1044.0430000000001
Americas,2021-05-03,1026782740,2261509.5855845776,2313254.1098104306,2299126.074757018,2273313.8677395997,2236482.1512605064,2214884.307157802,2207866.0773102497,99633208.62212573,2119855.50259842,1633860.354
Asia,2021-05-03,4678948019,4578376.648540966,5560071.668791002,5397830.620780171,4654974.480902142,3591308.8614426535,2716398.006011333,1768478.9255563295,8317851.382722524,163095.12515142205,539067.431
Africa,2021-05-03,1371693397,1103192.2418827985,1371285.8319513889,1254379.5679256767,1103192.2418827985,530436.8405691867,319712.87077210075,269881.51760649006,17004284.72050133,309168.8131000242,122552.689
Europe,2021-05-03,748160801,1579558.4406270292,1580690.9934537658,1580549.3671685518,1580072.7961058104,1579326.502203414,1578863.2605986537,1578531.2151354607,77314149.32457107,1577839.7821341036,1020360.348
Oceania,2021-05-03,42936804,-6040.327124862026,172.32626730797932,-961.740387920569,-3435.6709455711934,-6793.454778036521,-9180.812247223164,-10366.90294612407,-90054.89454162747,-4288.32831150607,1054.046
Americas,2021-05-10,1026782740,2300147.6437488995,2356041.333900043,2340008.7325226786,2312452.0906247846,2274837.0375999575,2252758.857342958,2245272.070370561,101079802.10541514,2150634.087349258,1669022.348
Asia,2021-05-10,4678948019,4986139.724725924,6071632.03315002,5864128.286830744,5167491.139531631,3916664.440563772,2897623.827683089,1926768.9541587743,8834386.843451826,173223.27144023188,577984.421
Africa,2021-05-10,1371693397,1133390.9150111102,1404267.4361948594,1286069.556405236,1133390.9150111102,555224.449472796,341423.3781466337,287018.03672187583,17473451.58392099,317699.11970765435,124743.689
Europe,2021-05-10,748160801,1594680.0766353337,1595858.6625085014,1595757.9972549246,1595214.697034062,1594338.607457588,1593831.7988343644,1593452.9523727864,78038049.74481457,1592613.2600982566,1036975.3589999999
Oceania,2021-05-10,42936804,-5970.740402938959,613.6643338841011,-751.4907941304183,-3142.9253857536823,-6653.89114260189,-9133.50476751431,-10369.317340102914,-89213.45521578337,-4248.25977218016,1061.046
Americas,2021-05-17,1026782740,2338927.996319444,2397462.9206920713,2380559.8416783125,2351266.9595818613,2312922.2979716584,2290306.792377997,2282280.22664334,102490280.00537118,2180644.2554334295,1702579.354
Asia,2021-05-17,4678948019,5401764.146368077,6618040.789242261,6419497.901129834,5600173.680581858,4222990.6117843725,3073435.360484195,2045830.6142643199,9350012.464181127,183333.57772904172,617243.41
Africa,2021-05-17,1371693397,1163023.5257777188,1440155.9585357297,1319596.107388678,1163023.5257777188,580611.3300079083,363177.09831439465,304728.17364284577,17941595.44734065,326210.82631528453,126565.705
Europe,2021-05-17,748160801,1606389.3756729737,1607554.3083342677,1607380.7538722344,1606809.520267952,1605905.5024710011,1605319.2121286716,1604836.0559119978,78586402.76505809,1603804.1380624098,1050815.325
Oceania,2021-05-17,42936804,-5829.039648356141,882.4145322718723,-311.95610581289975,-2869.0318355149816,-6487.3231184000415,-8960.757323257301,-10244.269716821196,-86893.61588993926,-4137.791232854251,1077.048
Americas,2021-05-24,1026782740,2375839.2710876702,2436172.561989337,2418724.0241645626,2389872.5381141063,2350314.461223731,2325983.369152326,2317630.9787240825,103807090.8219939,2208661.506850934,1734887.35
Asia,2021-05-24,4678948019,5782128.796485963,7141838.753390472,7015008.878567357,6076575.45186319,4515841.087625731,3201482.529943222,2151466.890423235,9836218.224910429,192867.02401785154,655894.428
Africa,2021-05-24,1371693397,1193330.3357907447,1473450.5579888362,1353857.967850399,1193330.3357907447,604633.3071912961,388911.28223711246,322922.4332611735,18443553.310760308,335337.3329229147,128674.735
Europe,2021-05-24,748160801,1615746.6846139696,1616976.5293098537,1616757.2071029514,1616148.2098779774,1615108.1147580396,1614453.5009281437,1613937.7163225852,79022286.19541395,1612699.7182737538,1061919.327
Oceania,2021-05-24,42936804,-5677.016411265132,1433.5383878533792,-31.363444868392335,-2645.9825042557736,-6297.216518017686,-8669.583731992294,-10180.018819041132,-84355.37656409515,-4016.9226935283405,1097.047
Americas,2021-05-31,1026782740,2413486.0197516866,2474291.355457868,2458060.5770145557,2427732.1564067216,2387560.1235569837,2362186.7365527567,2353252.056468743,105135233.33861661,2236919.8582684384,1768024.328
Asia,2021-05-31,4678948019,6086792.185312982,7649536.249343598,7455656.230111035,6408695.700868635,4768482.4376476435,3322845.879419477,2253252.9849409075,10284977.488563143,201666.22526594397,689667.4469999999
Africa,2021-05-31,1371693397,1227536.9803306863,1505320.417711923,1395226.9723033467,1227536.9803306863,629282.7597310145,415855.6209518685,344230.74315597524,18977565.174179967,345046.63953054487,130632.754
Europe,2021-05-31,748160801,1626310.618487681,1627673.822831727,1627441.526245477,1626627.0391995015,1625520.977366289,1624801.4525217009,1624252.2403155572,79516995.1057698,1622795.818485098,1071721.329
Oceania,2021-05-31,42936804,-5718.23948501059,1858.5223343671603,300.7865969577455,-2485.8631633164414,-6364.111289473621,-8590.273383067924,-10135.741720034513,-85521.53723825101,-4072.454154202429,1103.046
Americas,2021-06-07,1026782740,2450431.5010205884,2512130.961787948,2496232.948981179,2465292.49413736,2423454.068725806,2398473.1260455577,2387695.5814005923,106438754.1623361,2264654.3438794916,1798261.325
Asia,2021-06-07,4678948019,6351784.703913109,8042594.646402246,7833317.80527019,6772023.356828562,4966032.931682846,3433669.844023224,2357225.19788871,10635464.610533327,208538.52177516324,718053.441
Africa,2021-06-07,1371693397,1258597.8268595804,1537277.9910725155,1430889.9396880695,1258597.8268595804,661232.2371712693,442274.770468417,361402.84940690524,19134039.192445204,347891.6216808219,132576.773
Europe,2021-06-07,748160801,1643200.013887699,1644563.982563234,1644364.6666265659,1643343.5610648743,1642237.2997458945,1641356.5990309792,1640805.7711762497,80315614.30300738,1639094.16944913,1079592.353
Oceania,2021-06-07,42936804,-5621.949169002863,2432.8016166093776,806.8742955195263,-2274.101033551251,-6179.402266513309,-8427.351893852701,-10041.70093706986,-83890.49791240688,-3994.7856148765177,1105.048
Americas,2021-06-14,1026782740,2487884.903326519,2550469.0218344848,2535364.4775343738,2503295.441495851,2460821.54604339,2434900.8825849327,2423226.4584459313,107780778.95272227,2293208.062823878,1829982.308
Asia,2021-06-14,4678948019,6507494.6689361315,8216947.357737595,8028441.1839625295,6989305.852979922,5124003.733521274,3547204.0962204095,2427988.979013571,10935262.832503509,214416.91828438253,752224.445
Africa,2021-06-14,1371693397,1290215.3371090752,1570486.3486745018,1467037.5450788017,1290215.3371090752,688366.906440158,467766.69511572254,386587.381262913,19267391.210710436,350316.20383109886,134993.80299999999
Europe,2021-06-14,748160801,1662278.2469386645,1663678.2940906642,1663339.9745982788,1662337.3491801543,1661149.1077679652,1660120.8546439644,1659664.0535205705,81223768.10024495,1657627.9204131623,1086848.364
Oceania,2021-06-14,42936804,-5515.357569003268,2872.355226094713,1307.2015731403392,-1996.8766183733858,-6007.37128301747,-8281.773854834697,-9962.00059413388,-81978.05858656274,-3903.7170755506063,1106.049
Americas,2021-06-21,1026782740,2523841.6551365554,2587145.0907788198,2573099.582835858,2539490.8482458377,2496566.668900377,2469353.4601545176,2457397.506298837,109080836.6597751,2320868.8651015977,1861085.324
Asia,2021-06-21,4678948019,6661889.186531799,8407565.970198236,8232169.397730847,7199944.441769026,5313196.164065796,3647023.796084505,2479547.0604911535,11228123.014473692,220159.2747936018,772982.4619999999
Africa,2021-06-21,1371693397,1324564.7877314445,1608314.3986111898,1504750.4046014582,1324564.7877314445,716923.0058768978,498271.2855763379,417246.81729181355,19508422.228975672,354698.5859813759,137945.829
Europe,2021-06-21,748160801,1679430.0202867794,1680822.919130447,1680370.0162414573,1679430.0202867794,1678185.5352861495,1677023.4882612405,1676638.7354116887,82037087.29748252,1674226.2713771944,1093224.377
Oceania,2021-06-21,42936804,-5557.7362289606035,2940.987166533033,1552.9374200025368,-1891.0845600249904,-5977.012764137726,-8316.381435408986,-10032.378662609046,-83988.41926071857,-3999.4485362246933,1117.053
Americas,2021-06-28,1026782740,2560038.141626954,2624172.8845969657,2611360.565064717,2575664.8904562374,2532433.1927304077,2504404.7821071655,2492412.018951936,110424185.28349458,2349450.750712651,1889470.324
Asia,2021-06-28,4678948019,6817273.052628676,8576484.301755326,8402378.755366586,7381749.718562721,5461893.419628741,3740783.1372193056,2534006.221726996,11540622.276443874,226286.7113028211,790423.48
Africa,2021-06-28,1371693397,1362149.2044183745,1649039.0930277721,1546620.794969173,1362149.2044183745,749122.1205549532,530317.1184123366,446721.5252231331,19834010.24724091,360618.36813165294,141631.847
Europe,2021-06-28,748160801,1694871.0955272464,1696152.5432589327,1695691.904080424,1694871.0955272464,1693408.286522065,1692093.8734919971,1691819.449705846,82765487.5347201,1689091.5823412265,1100226.386
Oceania,2021-06-28,42936804,-5631.478683867833,3311.2184506924204,1841.8575941720349,-1840.3154079710287,-6023.481122792393,-8427.297934954844,-10104.101299689324,-85407.38218206634,-4067.0181991460163,1127.056
Americas,2021-07-05,1026782740,2586481.4494142816,2652765.3966751904,2641647.990887244,2602794.1529934797,2559134.992322943,2530170.37864271,2518813.4030742156,111358995.36639582,2369340.326944592,1915922.323
Asia,2021-07-05,4678948019,6978288.794069195,8758672.569260875,8641918.244402487,7575289.510279463,5603195.558197327,3846942.8916516067,2588048.570265507,11822137.110108534,231806.61000212812,806716.477
Africa,2021-07-05,1371693397,1402486.5916041983,1691335.0654397935,1591660.9917054279,1402486.5916041983,791270.1772382695,562698.8066110557,476199.7730358492,20230871.04385108,367834.0189791106,147036.876
Europe,2021-07-05,748160801,1714863.0265973955,1716080.28577552,1715585.0678044895,1714863.0265973955,1713141.890458376,1711754.2372436654,1711495.1985453968,83709864.83058798,1708364.5883793465,1107214.388
Oceania,2021-07-05,42936804,-5526.1360428094695,3629.5370235689616,2478.3032620484846,-1403.1315402321918,-5833.319347074124,-8307.214873830875,-9997.142036122554,-85167.34510341412,-4055.587862067339,1143.058
Americas,2021-07-12,1026782740,2613051.908362991,2680317.495822834,2670300.0384625164,2629480.9209234435,2585565.3591380464,2556267.4709058222,2544946.9339286163,112125644.61577645,2385652.0131016267,1938767.313
Asia,2021-07-12,4678948019,7143879.290243804,8958007.85701241,8839395.922152093,7770113.613107126,5743713.7269348875,3939898.8340881625,2656485.4708463815,12142324.223773193,238084.78870143514,828471.483
Africa,2021-07-12,1371693397,1447643.7449752954,1732104.6657520763,1642555.4667431426,1447643.7449752954,822584.54001765,597664.5882320923,504404.0104169722,20793545.840461258,378064.4698265683,152395.866
Europe,2021-07-12,748160801,1737262.4244791109,1738515.2722402292,1738006.7054827702,1737262.4244791109,1735379.1189379066,1733802.9345679623,1733538.213318912,84769233.36645585,1729984.3544174666,1113899.409
Oceania,2021-07-12,42936804,-5353.279116256953,4013.553036835453,3106.9766063121315,-993.4041887088157,-5617.647499101251,-8201.188561835646,-9888.424085182893,-85028.10802476188,-4048.957524988661,1176.056
Americas,2021-07-19,1026782740,2643186.2309111743,2711286.3530462747,2701922.1590126418,2660240.06904568,2615361.3476796397,2584768.5711396295,2574091.3167180764,113091664.73182376,2406205.6325919945,1960128.317
Asia,2021-07-19,4678948019,7307671.256883252,9271300.337217145,9055922.565298658,7928652.441045604,5895975.4696681835,4042753.205046605,2730339.534461588,12460224.49743785,244318.12740074217,849542.491
Africa,2021-07-19,1371693397,1491699.857903317,1772146.1999411618,1694918.91127533,1491699.857903317,869332.0641588883,631722.9784250058,534526.084719922,21315157.63707143,387548.320674026,158614.876
Europe,2021-07-19,748160801,1759392.6847361668,1760738.452200734,1760184.763094298,1759392.6847361668,1757425.9792738166,1755589.573711013,1755365.250783328,85820066.10232374,1751429.9204555866,1120655.4239999999
Oceania,2021-07-19,42936804,-5137.055348614661,4527.241008372495,3580.9491936170134,-610.346204938114,-5276.078603265225,-8034.960832200727,-9775.154670635404,-85418.07094610967,-4067.527187909984,1242.059
Americas,2021-07-26,1026782740,2676036.0897937273,2747709.5503027686,2736622.9581363276,2692660.408175676,2648450.765477774,2616267.0997842182,2605914.535485942,114243196.98120439,2430706.3187490297,1979783.3090000001
Asia,2021-07-26,4678948019,7492358.464531688,9516029.464089314,9250076.903782,8134428.152300865,6063124.026847568,4160905.550368464,2807713.9267859277,12887641.15110251,252698.8461000492,877668.512
Africa,2021-07-26,1371693397,1535700.8563679361,1818446.6535181906,1743803.271172467,1535700.8563679361,908929.1709777799,666891.1437551634,566704.5857142202,21780658.433681604,396011.9715214837,165237.884
Europe,2021-07-26,748160801,1779954.404890863,1781347.9785770555,1780819.4331875017,1779954.404890863,1777813.0669654945,1775828.0236235491,1775649.7780223396,86790935.73819162,1771243.5864937066,1127722.442
Oceania,2021-07-26,42936804,-4953.425241165989,4964.0525089737075,4052.2918330165335,-148.41290522908898,-5041.774575867074,-7984.544103546705,-9649.70644469543,-85942.43386745744,-4092.496850831307,1336.055
Americas,2021-08-02,1026782740,2710004.9719989817,2782266.4334301846,2770630.484463948,2727037.813399802,2682534.8349608337,2649289.691736056,2638090.2498397673,115441396.4633755,2456199.92475267,2000079.291
Asia,2021-08-02,4678948019,7685662.724397855,9775409.697878823,9551773.298953071,8327723.694021054,6231527.820121568,4292766.984420599,2900885.745189116,13536660.278787434,265424.7113487732,907748.513
Africa,2021-08-02,1371693397,1578325.005418044,1868546.4761051051,1792877.3004564776,1578325.005418044,943574.2583529869,699124.5570320103,598766.837165913,22128305.230291776,402332.8223689414,171857.875
Europe,2021-08-02,748160801,1801268.0535370063,1802523.2620590623,1802124.6490319907,1801268.0535370063,1798894.8271878131,1797307.1402599637,1796634.2308652094,87781180.96967113,1791452.6728504312,1135326.444
Oceania,2021-08-02,42936804,-4754.777848241939,5537.760407031006,4819.055866695287,191.41197049849694,-4754.777848241939,-7905.711724813213,-9511.322789313339,-86046.79678880521,-4097.466513752629,1398.061
Americas,2021-08-09,1026782740,2748760.818695189,2820861.04041774,2809969.7204483724,2765467.893874475,2719661.661405954,2686627.204868349,2675243.5626985123,116901488.56221329,2487265.714089644,2020107.292
Asia,2021-08-09,4678948019,7868170.408796912,10079514.708912551,9774159.878548317,8526814.578250749,6424727.567224988,4409061.437509852,2986072.3285833215,14179118.766472358,278021.93659749726,940419.522
Africa,2021-08-09,1371693397,1616626.7642563866,1913236.5041012727,1832649.1427380412,1616626.7642563866,974050.9895395084,732921.7516905323,622704.8817697099,22384498.02690195,406990.87321639905,178231.872
Europe,2021-08-09,748160801,1825107.6030370176,1826293.9692335369,1825898.9469078442,1825107.6030370176,1822574.7157609605,1820826.5217946002,1819867.6654796998,88873142.36115062,1813737.5992071556,1143381.449
Oceania,2021-08-09,42936804,-4592.773625542577,6776.478286311197,5131.418437728367,676.6740595391069,-4592.773625542577,-7816.63277887507,-9116.926319902333,-86310.759710153,-4110.0361766739525,1479.058
Americas,2021-08-16,1026782740,2791720.5382412323,2863493.0026532644,2852900.744778305,2809273.696213314,2761086.1688370886,2728020.4260844393,2716380.3377932906,118571195.17771773,2522791.3867599517,2040224.291
Asia,2021-08-16,4678948019,8046824.223660209,10331181.125494257,10000628.117043523,8729296.190520914,6604614.638424753,4519006.071832989,3067423.499839035,14924252.494157284,292632.40184622124,974281.546
Africa,2021-08-16,1371693397,1654842.5049946327,1959905.5158650381,1876343.9157439813,1654842.5049946327,1005444.6262946908,762414.8462059302,648082.2290334573,22663680.823512122,412066.9240638568,184428.881
Europe,2021-08-16,748160801,1849347.2236949794,1850198.9352277417,1849394.0986755723,1849347.2236949794,1845769.974812371,1843657.823191334,1842894.016240987,89942747.25487731,1835566.2705077003,1151963.449
Oceania,2021-08-16,42936804,-4473.495758789553,7519.014454032571,5426.325521844606,1117.5372754254838,-4473.495758789553,-7801.3173602338165,-8811.38007535534,-86801.52263150076,-4133.405839595274,1580.061
Americas,2021-08-23,1026782740,2833705.6464866647,2900518.3257707907,2887254.869479802,2844721.6222515595,2796709.7145015597,2758775.6542073963,2748706.3036724483,119378908.41629912,2539976.774814875,2063224.296
Asia,2021-08-23,4678948019,8221913.04810924,10537772.400191404,10226855.556566844,8924601.76766504,6818185.290735087,4630871.198974488,3151990.8399204654,15868065.901842207,311138.5470949453,1006121.557
Africa,2021-08-23,1371693397,1698033.255279806,2001257.8738958975,1927781.0902416417,1698033.255279806,1042226.7194084934,783307.3951106156,680550.7984262719,22904429.620122295,416444.17491131445,189956.9
Europe,2021-08-23,748160801,1872007.1092502736,1873323.3300929153,1872394.2469666526,1872007.1092502736,1868230.4001248446,1865680.8771966852,1865162.2829708138,90975798.148604,1856648.9418082451,1161651.463
Oceania,2021-08-23,42936804,-4453.066806693704,8033.813270749901,5768.002965229174,1339.8492059793884,-4453.066806693704,-7743.635753586058,-8827.063732057082,-87766.88555284856,-4179.375502516597,1647.065
Americas,2021-08-30,1026782740,2873844.3892790405,2934987.1446544584,2925845.598490539,2877291.2911302596,2829573.670498895,2789460.3062640387,2777472.1818921827,120085819.18821384,2555017.4295364646,2086917.287
Asia,2021-08-30,4678948019,8388306.653583597,10756207.196900582,10521636.175957061,9136665.580386402,6994962.852771267,4731050.113338143,3230473.446547378,16685547.209527133,327167.59234366927,1035296.556
Africa,2021-08-30,1371693397,1734348.5093683547,2041627.3791357926,1973306.889259805,1734348.5093683547,1071358.158424132,802808.573374332,702234.3249580013,23135212.416732468,420640.2257587721,195497.88999999998
Europe,2021-08-30,748160801,1895335.1527290368,1896854.6510565577,1896207.416371839,1895335.1527290368,1891226.6809818512,1887986.0515837083,1887620.370506679,91994900.12974642,1877446.9414233963,1172116.47
Oceania,2021-08-30,42936804,-4373.439480944633,8351.49877419942,6413.373358451388,1660.6051696315515,-4373.439480944633,-7658.010062086004,-8787.89146829705,-88253.44847419632,-4202.54516543792,1714.069
Americas,2021-09-06,1026782740,2918419.541060504,2977798.098003628,2967699.44748788,2918419.541060504,2863885.5630411925,2819495.0603285064,2812098.5059757014,120208318.75419502,2557623.803280745,2110525.298
Asia,2021-09-06,4678948019,8537980.0532858,10995146.666837985,10752081.254878009,9330698.779449873,7137627.061051874,4819365.776287938,3303355.489309879,17201206.625092417,337278.56127632194,1062152.574
Africa,2021-09-06,1371693397,1768148.3048958702,2081292.9370487388,2014496.5390334316,1768148.3048958702,1101459.214583844,820104.247017107,723210.279746369,23294165.21334264,423530.27660622983,199802.897
Europe,2021-09-06,748160801,1925048.054273359,1927083.5632336487,1926239.4410741816,1925048.054273359,1920518.740870916,1917186.9644805111,1916293.3266634855,93196919.21225311,1901977.9431072064,1182838.475
Oceania,2021-09-06,42936804,-4318.237735678208,8659.114725897267,7006.155632398604,1977.2321562507484,-4318.237735678208,-7530.238479308477,-8687.834506951996,-88752.6113955441,-4226.314828359243,1792.07
Americas,2021-09-13,1026782740,2953374.445046683,3018156.4735172684,3001190.3579104585,2953374.445046683,2897380.8226997512,2848502.5100485133,2835837.010891618,120311285.12017621,2559814.5770250256,2135852.299
Asia,2021-09-13,4678948019,8681649.89883906,11137167.340721603,10952922.934636613,9514078.142172134,7269092.058545241,4897540.611087879,3369181.7243018867,17626490.04088242,345617.4517820082,1085419.587
Africa,2021-09-13,1371693397,1800881.9475151983,2119457.9196338835,2041792.9161940282,1800881.9475151983,1130083.8229350448,847581.3194522737,748582.8862577411,23397535.009952813,425409.7274536875,203314.895
Europe,2021-09-13,748160801,1951771.183264426,1954460.3086470717,1953330.7812189916,1951771.183264426,1946345.5529605062,1942852.5780168162,1941689.6935535567,94228499.63475978,1923030.604791016,1193986.486
Oceania,2021-09-13,42936804,-4410.8092051281565,8880.238918814033,7370.222909832959,2210.9860047963907,-4410.8092051281565,-7444.909915051121,-8857.457455989632,-91204.77431689187,-4343.084491280565,1864.065
Americas,2021-09-20,1026782740,2987920.8584668417,3049840.5684251282,3035797.739878637,2987920.8584668417,2925405.8516576816,2872507.842811858,2859265.981853809,120423922.51949072,2562211.1174359727,2161450.284
Asia,2021-09-20,4678948019,8815542.122192504,11378616.743691415,11145489.60518259,9681626.211006522,7396479.359401499,4975792.1653845785,3427995.115300338,17975648.149247102,352463.6892009236,1105192.592
Africa,2021-09-20,1371693397,1833474.5094774636,2160087.119054918,2066775.734568324,1833474.5094774636,1156337.8055890023,868951.9732610245,766066.8687877543,23484965.806562986,426999.3783011452,206336.907
Europe,2021-09-20,748160801,1978673.3048489515,1982717.109504384,1981104.2700661146,1978673.3048489515,1972548.5099271806,1968293.6667837182,1967180.498276738,95213246.95839004,1943127.4889467356,1205883.497
Oceania,2021-09-20,42936804,-4421.369177415417,9420.95988882086,7720.458316000874,2507.615895827974,-4421.369177415417,-7313.820366734413,-8814.871739691753,-93560.33723823965,-4455.254154201888,1984.066
Americas,2021-09-27,1026782740,3016081.1760526374,3083086.6020486546,3069498.256687941,3016081.1760526374,2951354.1953733987,2893577.3147810353,2877780.8260027617,120431222.33060299,2562366.432566021,2186654.267
Asia,2021-09-27,4678948019,8938854.246323897,11495967.21470147,11299707.941120874,9818796.401611343,7520636.634355055,5048879.128209918,3483294.308311549,18242715.637611784,357700.3066198389,1120546.595
Africa,2021-09-27,1371693397,1863557.5501038032,2202344.8761362303,2092010.7527543965,1863557.5501038032,1187191.4143860359,879963.6511789585,780283.7686653667,23535590.60317316,427919.8291486029,209208.93
Europe,2021-09-27,748160801,2005348.8993430373,2012064.9953461124,2010048.2124845034,2005485.1831977367,1999127.4674782052,1993788.9926563175,1992364.4831098563,96151997.71224502,1962285.6675968373,1218465.514
Oceania,2021-09-27,42936804,-4255.689235299224,9732.715327744416,8341.958998066699,2956.859859789172,-4255.689235299224,-7151.447530091498,-8622.459795785864,-93560.33723823965,-4455.254154201888,2103.066
Americas,2021-10-04,1026782740,3041026.131097547,3122903.906037874,3104375.925886393,3042292.1326497933,2973360.593620691,2915330.0781283393,2896941.7101578726,120438238.75988005,2562515.7182953204,2209161.276
Asia,2021-10-04,4678948019,9052545.724183895,11595815.039442444,11464149.209715411,9954579.17224035,7633048.866810686,5095060.171692076,3541311.7937740255,18371100.36154438,360217.65414792905,1134133.581
Africa,2021-10-04,1371693397,1893416.832910561,2248597.224988942,2118147.561986396,1893416.832910561,1216108.5509948132,893581.327920084,794326.4735373806,23580561.399783332,428737.4799960606,212237.935
Europe,2021-10-04,748160801,2025553.051604499,2036994.567607235,2034900.727518028,2028615.6851637664,2016858.9683339228,2010320.124541081,2009355.5156460481,96159722.25943606,1962443.3114170623,1231947.514
Oceania,2021-10-04,42936804,-3993.315754051773,10033.041285567027,8724.477984094903,3225.722621908629,-3993.315754051773,-7187.948700124099,-8409.07855596244,-93560.33723823965,-4455.254154201888,2253.069
Americas,2021-10-11,1026782740,3066912.4092336656,3165387.3807508075,3138002.346690749,3069778.1175382235,2997165.6328849085,2931639.300372612,2910511.3186718924,120438238.75988005,2562515.7182953204,2228293.263
Asia,2021-10-11,4678948019,9164401.771548592,11806664.343842387,11599269.688002784,10045824.152064044,7742820.414161281,5140443.221781986,3599382.4339762647,18371100.36154438,360217.65414792905,1145387.5929999999
Africa,2021-10-11,1371693397,1923301.9785692478,2284650.8781134146,2140430.8728742474,1923301.9785692478,1237344.8262269592,905292.9315683285,807275.4218156314,23580561.399783332,428737.4799960606,214138.946
Europe,2021-10-11,748160801,2048563.392188572,2068277.8694735582,2065481.0406180052,2056904.9379828623,2035685.4637891077,2025657.1229304322,2020717.7301748465,96159722.25943606,1962443.3114170623,1247365.532
Oceania,2021-10-11,42936804,-3739.97948992723,10390.761714135695,9334.956617032558,3566.2093548548146,-3739.97948992723,-7041.8297690431045,-8216.502882487164,-93560.33723823965,-4455.254154201888,2388.064
Americas,2021-10-18,1026782740,3092862.263315256,3210108.9700746825,3172301.9114546436,3097522.740100722,3019050.9205340734,2950200.9966449616,2932630.1262237807,120438238.75988005,2562515.7182953204,2246954.283
Asia,2021-10-18,4678948019,9271751.139352607,12037426.340370106,11707377.4387455,10186650.10807036,7818485.243870686,5183854.66075849,3656164.5565767926,18371100.36154438,360217.65414792905,1155605.584
Africa,2021-10-18,1371693397,1952878.1687850947,2323274.3710938054,2179122.200789884,1952878.1687850947,1261647.7507492611,915085.754792828,819162.160855656,23580561.399783332,428737.4799960606,215667.949
Europe,2021-10-18,748160801,2073829.155332533,2109471.710321985,2100678.2935724873,2084705.484386963,2056321.5585425228,2040416.4015805463,2034296.461545333,96159722.25943606,1962443.3114170623,1264317.551
Oceania,2021-10-18,42936804,-3361.9237244871047,11016.03646058622,10054.110833401277,3945.6368638207614,-3361.9237244871047,-6861.215683667426,-7924.087296898439,-93560.33723823965,-4455.254154201888,2559.067
Americas,2021-10-23,1026782740,3111392.214590294,3241957.70941508,3202801.1778591555,3120109.803034664,3035164.9143355917,2963710.334707379,2944686.8940455564,120438238.75988005,2562515.7182953204,2260246.418
Asia,2021-10-23,4678948019,9347459.747437133,12202401.732385734,11800237.180089008,10266956.60661217,7871018.535669854,5215837.766930238,3697219.7749211965,18371100.36154438,360217.65414792905,1162411.294
Africa,2021-10-23,1371693397,1973761.3549029499,2352714.3798957197,2208433.510820559,1973761.3549029499,1278321.2870774781,921986.2661864228,827382.2422747582,23580561.399783332,428737.4799960606,216717.244
Europe,2021-10-23,748160801,2091900.7113881072,2136862.6101053567,2126910.594167441,2105479.069074393,2071239.9387728835,2049254.2850680535,2044340.32293236,96159722.25943606,1962443.3114170623,1277923.981
Oceania,2021-10-23,42936804,-3078.6650192212387,11480.308707583006,10515.484360246444,4257.728740259782,-3078.6650192212387,-6920.886510540142,-7709.608596456354,-93560.33723823965,-4455.254154201888,2686.212
