World_Bank_income_group,date,population,cumulative_estimated_daily_excess_deaths,cumulative_estimated_daily_excess_deaths_ci_95_top,cumulative_estimated_daily_excess_deaths_ci_90_top,cumulative_estimated_daily_excess_deaths_ci_50_top,cumulative_estimated_daily_excess_deaths_ci_50_bot,cumulative_estimated_daily_excess_deaths_ci_90_bot,cumulative_estimated_daily_excess_deaths_ci_95_bot,cumulative_estimated_daily_excess_deaths_raw_estimate,cumulative_daily_excess_deaths,cumulative_daily_covid_deaths
High income,2020-01-01,1240988699,-38.937944119129,71.132027414661,49.353057115828584,2.9390632154107674,-38.937944119129,-64.45087118153006,-81.79053355569584,0,0,0
Low income,2020-01-01,704080579,821.2836139332339,2274.966899512773,1728.981803028258,821.2836139332339,-67.3860784639686,-621.7752737803844,-987.8805464653049,0,0,0
Lower middle income,2020-01-01,2994738553,1412.9558616214022,3845.4463549942275,3392.9211410377457,1698.115114663958,-737.6576072776711,-1991.312364583208,-2367.85118983795,0,0,0
Unknown income group,2020-01-01,256806,-0.6061464284583461,1.2378550360818552,1.007500476202922,0.0591931275492925,-0.6061464284583461,-1.0058454814046052,-1.5343741777719546,0,0,0
Upper middle income,2020-01-01,2928345496,-6514.411217421968,-5753.166396482604,-6110.866900378253,-6514.411217421968,-7264.027292453808,-7693.433919467048,-7880.612376104824,-381378.941095714,-7062.572983253963,0
High income,2020-01-06,1240988699,-74.71334253483968,145.01128881710983,99.98833887464575,6.998091012847182,-74.71334253483968,-126.90673638178411,-148.34519071353486,0,0,0
Low income,2020-01-06,704080579,1642.2584893679814,4548.96974203294,3490.219312429791,1642.2584893679814,-75.28843601029865,-1235.1176215712444,-1743.2195620703724,0,0,0
Lower middle income,2020-01-06,2994738553,2831.45932010427,7758.301739506696,6852.576596848241,3604.4182240360933,-1461.8421351617167,-3862.5531468389245,-4735.121753882111,0,0,0
Unknown income group,2020-01-06,256806,-1.2129233524865923,2.4853501107630205,2.014891110924304,0.1111433036072202,-1.2129233524865923,-2.0252088689767103,-3.058853008548949,0,0,0
Upper middle income,2020-01-06,2928345496,-13023.597857630499,-11667.557132984939,-12224.780147764119,-13023.597857630499,-14509.148419865931,-15153.419767014491,-15432.452467899722,-762757.882191428,-14125.145966507926,0
High income,2020-01-13,1240988699,-109.41452582938273,223.22735279545844,154.8944452031387,12.371993141355881,-109.41452582938273,-184.3197509636206,-228.7995901583867,0,0,0
Low income,2020-01-13,704080579,2465.895805383215,6880.263420968082,5209.139909940119,2465.895805383215,-92.16494484501837,-1893.3645238448262,-2554.501937918911,0,0,0
Lower middle income,2020-01-13,2994738553,4499.043868494729,11811.381381445806,10522.913431395402,5559.855520092331,-2195.5273821332244,-5868.608037790111,-7093.028355905961,0,0,0
Unknown income group,2020-01-13,256806,-1.7530811889483382,3.895575564421155,3.130139087625276,0.4000492120398977,-1.7530811889483382,-3.0146068648579663,-4.378172636017583,0,0,0
Upper middle income,2020-01-13,2928345496,-21255.084880419996,-19145.513380367105,-20042.507077215858,-21255.084880419996,-23380.327502448665,-24437.924612457697,-24806.523661709136,-1237863.8532698886,-22923.404690183117,0
High income,2020-01-20,1240988699,-161.3823862022109,259.57666779568933,216.67271687115544,9.224818809376934,-161.3823862022109,-260.88920860333474,-313.4779881641612,0,0,0
Low income,2020-01-20,704080579,3192.9173820262454,9136.163309656931,7095.4412129373895,3319.3394843422598,82.066940053654207,-2371.7150967736516,-3484.604084531308,0,0,0
Lower middle income,2020-01-20,2994738553,5894.485159299649,16769.053118301694,14571.767996412533,8220.167005893176,-2660.309320689448,-7978.484324058829,-10359.547570054334,0,0,0
Unknown income group,2020-01-20,256806,-2.6162680344673164,4.4766005604138,3.2738317067465177,0.287605725478676,-2.6162680344673164,-4.028287524238958,-5.902833842104287,0,0,0
Upper middle income,2020-01-20,2928345496,-31626.203484641213,-28694.840144990478,-29909.620513127076,-31626.203484641213,-34479.00037019237,-35828.006148708424,-35987.74361907066,-1824826.0775003345,-33793.07550926545,0
High income,2020-01-27,1240988699,-9780.547970521848,-9237.389324283231,-9314.34350287757,-9560.604519565415,-9780.547970521848,-9931.496114052452,-9985.672149412814,-736352.8246708739,-9563.023697024337,0
Low income,2020-01-27,704080579,4146.3353957570125,11543.615746202027,9126.643801500099,4251.4565775417595,108.85718018425356,-2863.9989248918564,-4640.941535624876,417.33005806389286,14.390691657375616,0
Lower middle income,2020-01-27,2994738553,7324.426969625929,25580.257660683463,19648.75658245634,10607.57982383447,-5512.741739859107,-12328.660253232589,-13510.87172749524,-46428.91329275436,-928.5782658550872,0
Unknown income group,2020-01-27,256806,-4.101870544163662,5.270122296437881,3.568099541087116,-0.06491869882891399,-4.101870544163662,-6.421168055896054,-8.320129888309651,0,0,0
Upper middle income,2020-01-27,2928345496,-37021.29058113649,-32876.09363405545,-33534.178009270385,-36209.87705836908,-40591.5108927867,-42606.75814630881,-42978.193092582,-2137635.723029275,-39585.84672276435,0
High income,2020-02-03,1240988699,-19853.06900794942,-19131.747207087923,-19245.522352685944,-19555.288792004863,-19853.06900794942,-20046.07311150287,-20116.276890845733,-1507374.7887095707,-19576.295957267153,0
Low income,2020-02-03,704080579,5179.5341218218855,13532.602365191202,11637.152851311575,5333.761457425135,138.90257390210664,-3089.1304936215533,-6355.5549541149185,834.6601161277857,28.78138331475123,0
Lower middle income,2020-02-03,2994738553,7742.155165444009,30429.011083424517,23552.219212883232,11231.431725670314,-9957.6441813817,-20322.881966099423,-23365.15177415553,-96482.8057290033,-1929.6561145800663,0
Unknown income group,2020-02-03,256806,-5.514732361860646,5.829502905438031,4.381915067755875,0.0016507320675390028,-5.514732361860646,-8.961571496425357,-10.945169701652583,0,0,0
Upper middle income,2020-02-03,2928345496,-29903.75785432934,-23405.069464050423,-24226.964272897636,-27163.68068978013,-34709.209598902584,-37516.04667655358,-37912.95306240353,-1796053.7675624485,-33260.25495486016,343
High income,2020-02-10,1240988699,-29380.818390284134,-28361.749136586586,-28450.40425246094,-28957.918556035376,-29380.818390284134,-29619.826038076168,-29659.823905594123,-2234178.2194149364,-29015.30155084333,1.001
Low income,2020-02-10,704080579,6240.603124396183,16981.099706631067,15133.2315593103,6661.820962575317,92.46161241044321,-3251.3004137668345,-7288.85734882385,1251.9901741916785,43.17207497212685,0
Lower middle income,2020-02-10,2994738553,7487.083865986635,35033.87592587677,26854.67831616924,12148.61748932047,-14924.961961569761,-28541.38328483977,-30185.688274208336,-147878.3648319189,-2957.5672966383786,0
Unknown income group,2020-02-10,256806,-6.578690178984954,7.047728376368642,5.026095077735361,-0.02375535162727556,-6.578690178984954,-11.204722641306802,-12.69402426794204,0,0,0
Upper middle income,2020-02-10,2928345496,-34445.67424606572,-25137.760614348634,-26085.249044997843,-30116.474615803105,-40607.53537100356,-43961.863244141015,-44723.08791588392,-2076252.1944604127,-38449.114712229864,928.998
High income,2020-02-17,1240988699,-41141.973893915114,-39785.84772685868,-39889.2143914476,-40555.48118898821,-41141.973893915114,-41391.36747689335,-41493.23818104023,-3132714.7501203027,-40684.60714441952,4.004
Low income,2020-02-17,704080579,7317.242208094359,20657.10404929031,17083.41521023355,8272.127955188904,189.90155050162474,-3864.59035904635,-8308.535243371738,1669.3202322555715,57.56276662950246,0
Lower middle income,2020-02-17,2994738553,6874.794349244529,40845.630836999335,28797.123111273122,13002.653192349231,-20858.983827783737,-36452.4750392645,-43350.820804944145,-202532.25726816786,-4050.6451453633576,0
Unknown income group,2020-02-17,256806,-8.091950092630718,8.797474275978944,5.7694252702001405,0.028524180500126423,-8.091950092630718,-14.00914169973608,-14.911287259552976,0,0,0
Upper middle income,2020-02-17,2928345496,-44775.688211062814,-32451.263542460547,-33964.41277647198,-37981.63010172338,-52389.21421110939,-56413.332391570046,-57110.773803946024,-2646602.0941065303,-49011.14989086167,1780.996
High income,2020-02-24,1240988699,-50997.11211613505,-49292.399591953035,-49369.64831869133,-50234.624980206645,-50997.11211613505,-51295.18720534582,-51362.91718037224,-3883662.189007217,-50437.171285808014,21.006999999999998
Low income,2020-02-24,704080579,8052.650013431536,23808.626946376786,17191.472948513587,8709.835206867476,-177.88874843389652,-5693.5700383545345,-9919.5335415502,2086.650290319464,71.95345828687807,0
Lower middle income,2020-02-24,2994738553,5079.307766419099,44879.700064038,31586.851193592945,12125.23222861842,-28755.826343916164,-48549.11246995268,-59092.19546196691,-262610.1398174119,-5252.202796348238,0
Unknown income group,2020-02-24,256806,-9.651565935026735,11.005027050341045,6.748313850727614,-0.32398431669259065,-9.651565935026735,-16.340562318019387,-17.64256747730545,0,0,0
Upper middle income,2020-02-24,2928345496,-55369.42615822631,-40500.42103897896,-41694.64251339383,-47083.11281340492,-64198.26956806407,-69071.04442894201,-70065.31982687509,-3216029.032386074,-59556.0931923347,2522.996
High income,2020-03-02,1240988699,-57324.33726734738,-55199.199325372756,-55306.701720292214,-56373.10850656102,-57324.33726734738,-57689.90744974399,-57757.325872965586,-4365306.6221501045,-56692.293794157194,99.00800000000001
Low income,2020-03-02,704080579,9777.003267546776,29323.04188224571,23943.469286323216,11720.66238206267,-293.8605468148433,-6783.202579518057,-11234.339464891042,2503.980348383357,86.3441499442537,0
Lower middle income,2020-03-02,2994738553,504.4742383851537,45692.99919771467,33086.53061517626,5177.780727576426,-40290.400543312215,-69541.90419453787,-80372.52178913185,-344668.3841558185,-6893.36768311637,0
Unknown income group,2020-03-02,256806,-10.857133756065439,13.414472809588139,8.210318789550987,-0.24750827982677398,-10.857133756065439,-18.542579777584255,-20.434232830793196,0,0,0
Upper middle income,2020-03-02,2928345496,-71241.76648616898,-60050.44279666008,-60913.74617912294,-65973.79637922892,-80455.44364653011,-85916.68854959772,-86852.52833700283,-4005522.3753893287,-74176.34028498757,2896.992
High income,2020-03-09,1240988699,-54821.18179671024,-52243.128977551925,-52410.82578577627,-53728.927505744374,-54821.18179671024,-55280.23896332346,-55316.80214747302,-4170382.8552929917,-54160.816302506384,619.0169999999999
Low income,2020-03-09,704080579,10123.670545063713,29729.090847529707,25880.687011731206,11774.502552194828,-1858.7456974540255,-12272.195684446902,-13770.188631065272,2921.31040644725,100.73484160162931,0
Lower middle income,2020-03-09,2994738553,-2941.1048597509434,38480.03017549003,25743.538372493767,-1849.5387776318657,-51579.46363340275,-84428.65559203035,-96622.8535477928,-426136.6284942251,-8522.732569884502,1.001
Unknown income group,2020-03-09,256806,-11.662003865414908,16.10387816155454,9.457000495050336,0.30241349296090736,-11.933475363445408,-20.496792626510015,-22.525147487172063,0,0,0
Upper middle income,2020-03-09,2928345496,-73895.1749362844,-64548.71622285266,-66870.13464383197,-71774.54655237158,-83791.97581223794,-89670.56400455683,-91171.6615962168,-4098902.8669761107,-75905.60864770575,3282.993
High income,2020-03-16,1240988699,-38119.087306653506,-34999.995538199866,-35366.80656679069,-36832.260625211704,-38119.087306653506,-38650.39606903418,-38773.32056556173,-2881192.8384358725,-37418.08881085549,3044.027
Low income,2020-03-16,704080579,11777.709533218407,29053.180349638416,26953.958486750063,11777.709533218407,-3555.35209099637,-14904.249207936036,-19201.156062711605,3338.640464511143,115.12553325900492,0
Lower middle income,2020-03-16,2994738553,-3454.58422282007,28732.433556743348,26055.853870561717,-3454.58422282007,-62297.1707266736,-101052.57522861808,-113073.20918720504,-506434.87283263163,-10128.697456652633,21
Unknown income group,2020-03-16,256806,-12.229381091501562,19.404654495227952,11.064348905311983,0.9438769784639682,-12.786654024971506,-22.322497881935053,-24.63787812560783,0,0,0
Upper middle income,2020-03-16,2928345496,-79503.2016126581,-72053.30129012896,-74217.67625348661,-79503.2016126581,-91901.20001929383,-97445.07532241181,-99359.43718389637,-4363153.909422955,-80799.14647079546,4014.003
High income,2020-03-23,1240988699,-2797.8900113371556,1150.2424492702912,537.5744866901607,-1486.422327154605,-2797.8900113371556,-3378.8138979162118,-3484.395044012941,-154402.0415787578,-2005.2213192046484,11424.035
Low income,2020-03-23,704080579,12444.214507687184,31865.857117964315,26028.155652185153,12444.214507687184,-7508.504727268744,-20107.6145459809,-26881.014961369085,3755.970522575036,129.51622491638054,6.999999999999999
Lower middle income,2020-03-23,2994738553,-9820.872347375964,19628.581627699128,10320.810431163962,-9820.872347375964,-81389.00629733675,-127353.13292789893,-138695.20444339994,-585693.1171710383,-11713.862343420766,102.018
Unknown income group,2020-03-23,256806,-12.746327049835898,22.73824931108673,12.78738493737555,1.2445484738840986,-13.849480848224244,-23.87957699671772,-26.621321997177542,0,0,0
Upper middle income,2020-03-23,2928345496,-71668.33843497597,-65112.414722377674,-66592.58181256198,-71668.33843497597,-85813.33255615344,-92390.99008238934,-93787.62464680466,-3897832.776878663,-72182.08846071598,5254.032
High income,2020-03-30,1240988699,54852.55774679639,59504.42600890074,58846.455632541874,56279.56573088233,54852.55774679639,54253.34182329737,54139.474940459986,4291426.075278358,55732.8061724462,32596.046
Low income,2020-03-30,704080579,12464.605187750924,29207.752858494212,23243.594453215686,12464.605187750924,-12320.497640153313,-26851.793655980866,-34926.02989508737,4173.300580638928,143.90691657375615,34.013
Lower middle income,2020-03-30,2994738553,-24139.374461809268,1862.7574197579697,-8589.624050462993,-24139.374461809268,-112893.58869542279,-160075.42983427012,-177975.71364338548,-663871.3615094449,-13277.427230188898,308.03499999999997
Unknown income group,2020-03-30,256806,-13.752271432679585,25.837812363843383,14.529261099349108,2.216046047772692,-14.505419822482049,-25.08124825112646,-28.971741525019404,0,0,0
Upper middle income,2020-03-30,2928345496,-68153.46391413569,-56072.26086526925,-57866.74913200973,-68153.46391413569,-87123.43683135585,-98577.32865146417,-101416.35026518577,-3648543.21655427,-67565.61512137536,6899.046
High income,2020-04-06,1240988699,118526.88195752294,123759.24312878538,123101.24030218621,120286.29668021126,118496.08470168288,117843.26902084795,117654.44829633103,9198887.53966236,119466.07194366699,69145.06199999999
Low income,2020-04-06,704080579,13479.315647669378,28124.492851047817,22969.029392996054,13479.315647669378,-16642.600248128387,-34835.23822883659,-42822.18702930354,7651.548416480602,263.8464971200208,70.02799999999999
Lower middle income,2020-04-06,2994738553,-38141.75851204276,-13215.159864444979,-26820.207054918505,-38141.75851204276,-137427.4137024224,-191869.25211165915,-216066.5026825149,-819469.0036973135,-16389.38007394627,877.0439999999999
Unknown income group,2020-04-06,256806,-14.7973946667872,27.545906278086314,17.35822971546509,3.228940090161655,-15.225372356009968,-26.392084562830895,-32.05168617622832,0,0,0
Upper middle income,2020-04-06,2928345496,-59168.25807831278,-32544.930750702577,-38854.66392139183,-59168.25807831278,-85232.00229650036,-103086.27473100115,-104352.31148340099,-3238839.885907295,-59978.51640569065,9727.06
High income,2020-04-13,1240988699,174029.92899266534,179699.75359194362,179025.4516426229,176023.2604473631,173979.0823114293,173232.147779847,173095.90376027062,13467764.904046359,174906.03771488776,113021.09
Low income,2020-04-13,704080579,16051.030044100944,28582.143803958028,24135.216421135705,16051.030044100944,-22473.825310408203,-42889.66439717865,-51350.0981517103,11129.796252322276,383.7860776662854,112.04199999999999
Lower middle income,2020-04-13,2994738553,-49989.57549448229,-28319.483693114264,-40290.527749917645,-49989.57549448229,-162300.79419164947,-219619.68153456337,-264520.3881489608,-978326.6458851822,-19566.532917703644,1719.067
Unknown income group,2020-04-13,256806,-15.846197897526036,29.873692691435224,20.644076830274507,4.7699316164327765,-16.382046493771387,-27.634032841357456,-34.74069951144694,0,0,0
Upper middle income,2020-04-13,2928345496,-51874.13782046162,-7191.262282385176,-26933.99976880866,-51874.13782046162,-86360.5531531973,-106430.68248948749,-112422.30293132576,-2858704.075260321,-52938.964356672615,13636.091
High income,2020-04-20,1240988699,217424.4735287235,223540.30820337698,222566.65124389762,219558.86694918308,217377.3860292263,216474.64942519207,216316.9582820297,16795001.568430353,218116.9034861085,154825.104
Low income,2020-04-20,704080579,18205.091004275462,31317.94638108087,27385.825712665894,18205.091004275462,-27412.592721879613,-51089.64716969375,-60351.25292596969,14608.04408816395,503.72565821255,181.041
Lower middle income,2020-04-20,2994738553,-60320.539914174384,-43211.68494908827,-54192.93238992721,-60320.539914174384,-185958.486910367,-255399.51648562698,-302541.7035746686,-1138484.2880730508,-22769.685761461016,2601.0879999999997
Unknown income group,2020-04-20,256806,-16.85985819053987,33.174983459860165,24.550254323791375,5.514715761895945,-17.391301357522057,-29.317165611642444,-37.26966956050036,0,0,0
Upper middle income,2020-04-20,2928345496,-43184.900710709735,17176.74409591013,-16588.00880256637,-43184.900710709735,-84948.70749499922,-110122.48092156506,-115924.45844872273,-2462673.184613348,-45605.05897432125,20051.108
High income,2020-04-27,1240988699,248111.09673576537,254632.39592910104,254055.6113043939,250402.90845539933,247942.01127244564,246896.00158893544,246784.13328406942,19120837.062814355,248322.5592573293,190228.129
Low income,2020-04-27,704080579,21490.1300206115,37949.047451350445,29354.43081311883,21490.1300206115,-31446.509012035247,-59836.53374440084,-68443.42914101787,18086.291924005625,623.6652387588146,266.049
Lower middle income,2020-04-27,2994738553,-69063.929249140725,-53716.32499861575,-66699.82605474276,-69063.929249140725,-209720.33157818785,-288743.0691856102,-331623.4205813061,-1296471.9302609195,-25929.43860521839,3536.085
Unknown income group,2020-04-27,256806,-17.929699826645216,36.41561052632849,28.190483579510932,6.516231830805924,-18.35234140451285,-31.052980679101022,-40.62451075447665,0,0,0
Upper middle income,2020-04-27,2928345496,-33992.06164625401,45958.07768054417,1311.3540997494238,-33992.06164625401,-81531.32330101253,-109735.03934965916,-114405.96629758086,-1988360.653966373,-36821.49359196987,27055.119
High income,2020-05-04,1240988699,270624.2080314077,277959.0278473253,277022.381608094,272632.05777923827,269624.45300713246,267956.67124034144,267652.97945644433,20697857.45128438,268803.3435231737,218942.15
Low income,2020-05-04,704080579,24778.916537750527,45254.87287830558,32950.917869335695,24778.916537750527,-36126.674343733364,-67402.50173450632,-75659.15056625324,21564.5397598473,743.6048193050792,370.055
Lower middle income,2020-05-04,2994738553,-61363.25492759876,-44546.92257771414,-58603.26402806133,-61363.25492759876,-215324.14416444013,-298398.0123905695,-343672.3305047017,-1248008.239115455,-24960.1647823091,4932.095
Unknown income group,2020-05-04,256806,-18.489504936182254,39.652537984630165,31.48847768546195,7.356391692603788,-19.130795199938706,-33.03909150489122,-42.12705850953465,0,0,0
Upper middle income,2020-05-04,2928345496,-2386.7457349411384,89659.92266972702,55092.85520675549,-2386.7457349411384,-56345.34138742382,-85505.94988736922,-91849.06839216026,-746954.2471903673,-13832.486059080875,36379.14
High income,2020-05-11,1240988699,291582.23142059206,302546.4657024992,300052.92971443455,294308.27380664804,289283.8140731493,286821.92813574214,286369.64162619493,22092006.6897544,286909.1777890182,242717.16
Low income,2020-05-11,704080579,28440.736193386314,52411.57724664446,40039.40158778002,28440.736193386314,-39906.25527127899,-73306.42073994623,-83058.68668614721,25042.787595688973,863.5443998513438,566.069
Lower middle income,2020-05-11,2994738553,-53336.55101920634,-30857.682703060917,-41229.130034679874,-53336.55101920634,-218707.95524786113,-309423.10566516855,-351237.09508573567,-1197634.5479699904,-23952.69095939981,6581.092
Unknown income group,2020-05-11,256806,-19.065449256725596,43.3924584884644,35.11115278050452,8.632991174688435,-19.861082260633474,-35.33852561883602,-43.64014298473001,0,0,0
Upper middle income,2020-05-11,2928345496,32264.75638682157,137377.89749789104,112109.29011102427,32264.75638682157,-25146.29167715068,-57971.69136894582,-65420.61275799339,601926.1995856374,11146.781473808103,47907.153
High income,2020-05-18,1240988699,308225.4781645543,324123.2418359751,319806.1405815029,311428.054135032,304167.20844400564,300767.29072101647,300173.1819282598,23116952.47822442,300220.1620548626,262239.18
Low income,2020-05-18,704080579,32460.112847921617,60659.204975440975,44562.36105177245,32460.112847921617,-43576.440029775986,-81725.20495152623,-89916.88807567769,28521.035431530647,983.4839803976084,785.064
Lower middle income,2020-05-18,2994738553,-34740.559490843014,-11459.434289062076,-24632.35478251839,-34740.559490843014,-219593.37258016644,-308101.89629149897,-354677.0024755372,-1147400.8568245259,-22948.017136490518,8407.105
Unknown income group,2020-05-18,256806,-19.66383135770793,47.13262416344796,39.43339833472108,9.732555860863869,-20.66633096993981,-37.85941145641194,-45.006804207066146,0,0,0
Upper middle income,2020-05-18,2928345496,68828.95320091902,191649.91602540368,166927.85194994617,68828.95320091902,5183.572552358439,-27751.050458272668,-38410.853723975655,2032537.8063616424,37639.58900669708,61197.178
High income,2020-05-25,1240988699,321020.3472739605,340382.688709596,336112.8338503575,324517.8065793599,314892.4986881873,310775.1886067136,310200.22725610906,23835732.40669444,309554.96632070694,274913.212
Low income,2020-05-25,704080579,41257.8501983252,70001.10740750005,48583.04011977044,41257.8501983252,-45713.29324874721,-88619.85185625633,-96506.54980626873,31999.28326737232,1103.423560943873,1014.076
Lower middle income,2020-05-25,2994738553,5826.536954163494,41333.34178570176,13262.215963661514,5826.536954163494,-203563.91373847617,-314184.8269182134,-354720.8987731879,-1100277.1656790616,-22005.543313581235,10454.115
Unknown income group,2020-05-25,256806,-20.409720558778936,50.53565698218665,42.28052605419165,10.860894996695048,-21.50567950977045,-40.434884530609956,-47.06079059022661,0,0,0
Upper middle income,2020-05-25,2928345496,106117.96348513097,244575.82813891882,224400.45901991057,106117.96348513097,36822.98098367575,2968.7606565146716,-7867.086706451001,3467861.4531376464,64219.656539586045,76732.173
High income,2020-06-01,1240988699,333947.4769378558,356292.84601226106,354332.7092283557,337238.7083276358,326087.52901177754,321061.52620634413,319756.2976945986,24527200.8077451,318535.075425261,286866.23
Low income,2020-06-01,704080579,46089.221867133805,78617.23029788338,54021.388342137965,46089.221867133805,-47598.46065181278,-95008.85523125433,-101476.32651422279,35477.531103213994,1223.3631414901377,1310.078
Lower middle income,2020-06-01,2994738553,53868.358601814216,88176.00825678842,66770.79934405531,53868.358601814216,-157913.8505525988,-300732.1272809152,-342205.24414916825,-542916.80786693,-10858.336157338603,13312.124
Unknown income group,2020-06-01,256806,-21.068128003477653,54.095593948298955,45.059355016719024,11.577249096720188,-22.262467432884474,-42.35306574113152,-49.44096942558772,0,0,0
Upper middle income,2020-06-01,2928345496,146568.01516024498,301253.37078515656,280100.94670185726,148195.58441657436,73791.88713936247,35425.11186669304,26180.971972470907,4950842.503784618,91682.26858860404,92896.19499999999
High income,2020-06-08,1240988699,345852.83427409455,375553.5220046495,371396.71287816425,350890.990163759,335901.98371401377,329249.11731988465,327905.3574704379,25086714.30879576,325801.4845298151,297227.245
Low income,2020-06-08,704080579,55936.25276817795,89114.32847764414,62614.561200144424,55936.25276817795,-47897.42571843354,-98828.29239337794,-106238.14578737014,38955.778939055665,1343.3027220364022,1605.086
Lower middle income,2020-06-08,2994738553,95605.3681315205,137919.5725264433,127190.18272665485,95605.3681315205,-120896.97902422624,-285962.99492916354,-323493.9483858004,15473.549945201441,309.4709989040274,16869.132
Unknown income group,2020-06-08,256806,-21.55902120852466,57.678647722388526,47.79985179170219,12.410594761671803,-23.232970405524814,-44.779860478456776,-51.72064872347287,0,0,0
Upper middle income,2020-06-08,2928345496,192706.97212208647,369748.1220722508,335411.6900100753,195951.9725542706,113860.50430589382,71690.79628298571,59756.547972623186,6542358.154431591,121154.78063762205,111782.202
High income,2020-06-15,1240988699,355045.134719451,391967.97522409493,386060.79527600715,361589.9233647034,342569.61555041414,335281.75076608616,333266.06015626085,25435782.95984642,330334.843634369,305925.263
Low income,2020-06-15,704080579,65860.93284022009,100995.33559105078,69668.27856194043,65860.93284022009,-46468.15810981509,-97100.94204356687,-108559.58006818987,42434.02677489734,1463.2423025826668,2027.102
Lower middle income,2020-06-15,2994738553,154025.2072009623,190679.06332700042,179083.34880410208,154025.2072009623,-79124.41845207043,-244890.38927109324,-306369.1612717252,574103.9077573329,11482.078155146655,21450.128
Unknown income group,2020-06-15,256806,-22.036548548027163,61.1930647615512,50.55485085553277,13.545994719779813,-23.879920618958884,-46.641016721255895,-53.98621264189774,0,0,0
Upper middle income,2020-06-15,2928345496,241735.8152505529,434977.0390218445,402712.0020002719,247987.86578186578,159174.15794008947,112152.45959455449,96181.06003644972,8201407.645078562,151877.9193533067,130566.198
High income,2020-06-22,1240988699,369211.72571388294,412997.4772133899,405826.35028805025,377506.70327186433,353712.4233802696,344943.15671838965,343163.253273921,26115906.18089708,339167.6127389231,314677.251
Low income,2020-06-22,704080579,75487.37784833308,113307.09651302181,75727.64392270353,75487.37784833308,-43943.14032894634,-94100.81532464233,-110904.55195550346,45912.27461073901,1583.1818831289315,2388.113
Lower middle income,2020-06-22,2994738553,210214.99710873378,249714.50301047196,231160.49332496402,210214.99710873378,-33689.443769951286,-221146.97859693124,-269781.6771137611,1138594.2655694643,22771.88531138928,28241.136
Unknown income group,2020-06-22,256806,-22.5210026803585,64.16996772735781,53.30657184288272,14.849902452119434,-24.62116837983296,-48.647982427947014,-56.22176141394391,0,0,0
Upper middle income,2020-06-22,2928345496,293739.8001874133,500848.7752415296,465262.90886634646,301065.0760003465,206817.40212616767,153143.46573200866,132700.29992772453,9964794.855725534,184533.23806899137,151899.202
High income,2020-06-29,1240988699,382300.6138044296,432819.7765947239,422999.7523438432,391762.1137510454,364329.9833359559,353622.2146656482,352158.7013745605,26722525.971947744,347045.79184347717,321619.277
Low income,2020-06-29,704080579,85591.2840454349,126474.194604815,85591.2840454349,85591.2840454349,-43143.22955485787,-91865.96570116436,-112840.47281989778,49390.52244658069,1703.121463675196,2726.108
Lower middle income,2020-06-29,2994738553,263678.8044363014,311898.3971373938,297068.75649907265,263678.8044363014,18814.19695323534,-177308.36430899016,-236309.51794946758,1696194.6233815958,33923.892467631915,33564.125
Unknown income group,2020-06-29,256806,-23.185356812327445,66.8088314185988,56.06568219910277,15.84450116378058,-25.535455140259042,-50.883623277201366,-58.77145958582973,0,0,0
Upper middle income,2020-06-29,2928345496,354782.3011041395,583698.9137541557,533633.1131417933,366877.72505667794,262551.19580548146,207602.79210082666,180877.12480343014,11830917.786372505,219091.07011800937,172840.213
High income,2020-07-06,1240988699,396083.6949598243,452451.4647871714,442928.8416693733,406387.4200027801,375831.19738470507,363338.3508083069,361600.9545909216,27373757.849127434,355503.34868996666,327941.292
Low income,2020-07-06,704080579,92855.42395214047,139499.3847183356,92855.42395214047,92855.42395214047,-39040.62370206137,-89907.34652856023,-113266.13643659468,53764.21075064979,1853.9383017465445,3048.122
Lower middle income,2020-07-06,2994738553,304799.10755927156,372481.5419508045,352056.245029554,304799.10755927156,66202.26397267905,-129636.2735638056,-207263.90085924583,2156453.1532367375,43129.06306473474,39429.123999999996
Unknown income group,2020-07-06,256806,-23.85993401597626,70.38753128115012,58.836285776791,17.05009351763157,-26.03432380081574,-53.209334661033424,-61.29263997403236,0,0,0
Upper middle income,2020-07-06,2928345496,425095.73679842736,679175.5564183441,613962.5726512189,445650.75496717606,327516.23188706976,273382.5720992177,239712.43417085576,14352075.581535606,265779.17743584455,194391.204
High income,2020-07-13,1240988699,411085.2764202886,473294.02258349035,464717.907133186,422069.2842238814,387632.7102460993,374512.34820751543,372280.05581861193,28130125.526307136,365326.3055364563,335561.317
Low income,2020-07-13,704080579,101424.49408429634,154285.51042423962,102311.87652404438,101424.49408429634,-34622.96806921863,-88009.82673859286,-113783.40291712209,58137.899054718895,2004.7551398178928,3412.129
Lower middle income,2020-07-13,2994738553,356547.46365415613,435970.026032946,410019.90331680403,356547.46365415613,114448.9187798032,-79238.92876397634,-171924.80588519335,2615381.683091879,52307.63366183757,45797.136
Unknown income group,2020-07-13,256806,-24.500012446205893,74.27586828997335,61.67269043714194,17.94086297699037,-26.281407787317917,-55.564700934966304,-63.77746287250524,0,0,0
Upper middle income,2020-07-13,2928345496,499702.1524122839,782165.8823716933,703854.7735528898,523036.73422362766,397555.6527280012,334480.98619675124,301203.29084143206,17016747.016698707,315124.9447536798,217287.182
High income,2020-07-20,1240988699,427117.1321035073,495350.5590394289,484830.1250165609,439108.4554062555,401014.99755729805,386767.43627682945,384007.7748231188,28973534.00348683,376279.6623829458,344379.32899999997
Low income,2020-07-20,704080579,111106.28116576053,164904.4723374387,111106.28116576053,111106.28116576053,-29711.611712347123,-86037.29398854771,-115387.60050373248,62511.587358788,2155.571977889241,3791.1440000000002
Lower middle income,2020-07-20,2994738553,414040.1618067178,502776.3496999707,473035.43182605127,414040.1618067178,157273.93932963294,-34371.55823054563,-107041.00916119307,3076710.2129470203,61534.2042589404,53436.138
Unknown income group,2020-07-20,256806,-24.96218196669144,77.8127853943207,64.96342280852181,18.87504928338357,-26.881032677033346,-57.17267916212203,-66.04950517484141,0,0,0
Upper middle income,2020-07-20,2928345496,574284.7343131889,879392.1928164819,793118.656230169,602877.2990477091,470611.85490721144,394478.3609884304,363224.2702839256,19694211.771861807,364707.6254048483,240806.188
High income,2020-07-27,1240988699,449171.8509401224,521324.71332356526,510341.3379034373,462037.447659306,419598.4415688698,404771.6918543561,401751.76091545256,30290804.330666523,393387.06922943535,353378.333
Low income,2020-07-27,704080579,120470.79197315502,175123.2011021993,120470.79197315502,120470.79197315502,-27559.407993793975,-84313.14568051105,-116706.28272106979,66885.2756628571,2306.3888159605895,4126.15
Lower middle income,2020-07-27,2994738553,473598.48445568053,569192.900623974,540146.4405195994,473598.48445568053,204757.77416731074,5646.775867115601,-62488.421595494474,3548518.7428021617,70970.37485604323,61241.131
Unknown income group,2020-07-27,256806,-25.535408304402537,81.63352605853936,68.06960420550979,19.864279219535796,-27.938463532906415,-58.640619129540944,-68.12531179376528,0,0,0
Upper middle income,2020-07-27,2928345496,649466.5259398326,974800.7997873897,889738.5632153805,685942.5230080857,540525.5780133106,458670.9325778147,434090.2565349783,22324999.287024908,413425.9127226835,266163.191
High income,2020-08-03,1240988699,469983.6831688958,546031.9492889007,534358.1533187097,484001.46116622427,437000.50516364217,421440.53896041843,418158.17349204974,31507975.874942996,409194.49188237655,362640.348
Low income,2020-08-03,704080579,128292.84740450942,186192.2891669992,130657.61627194652,128292.84740450942,-24932.9846740402,-82110.62173383609,-119631.61011188639,71258.9639669262,2457.205654031938,4386.165
Lower middle income,2020-08-03,2994738553,530229.6144558903,639037.9841506102,603184.0325245695,530229.6144558903,255185.6602999022,47509.773109461436,-19257.7967213355,3882565.982334723,77651.31964669445,69237.154
Unknown income group,2020-08-03,256806,-26.05876868096569,85.49531778269238,71.13777851176573,20.86937103951322,-28.658478955072678,-60.12237898422136,-70.249352966799,0,0,0
Upper middle income,2020-08-03,2928345496,711467.5932886667,1052796.5666609122,972529.8029109837,755488.6662856397,599654.8188103577,508294.03568016936,488083.83110898244,24461149.229284786,452984.2449867553,291077.199
High income,2020-08-10,1240988699,498685.59062532964,580836.2311658388,566731.192084325,513528.54272234015,462889.8058893382,445963.9488937669,442599.8307648743,33326220.96921946,432808.0645353177,372185.331
Low income,2020-08-10,704080579,135926.58660873838,196396.7787234003,139863.5076931218,135926.58660873838,-22783.79995148884,-81030.53168835059,-121958.17986416467,75632.6522709953,2608.0224921032864,4679.178
Lower middle income,2020-08-10,2994738553,591652.5218714508,715138.6305735372,683016.6987393731,591652.5218714508,319808.60885491816,101663.70835229725,22926.050913832747,4229073.221867284,84581.46443734568,77809.172
Unknown income group,2020-08-10,256806,-26.476547913815835,89.71673021901049,74.36391799998975,22.26911361012016,-29.466391758489827,-61.171875871503694,-72.45211784483159,0,0,0
Upper middle income,2020-08-10,2928345496,768597.579761304,1123681.9652805564,1051853.925551795,823574.1631358963,655380.8324786407,554526.3033093582,534340.0726745344,26386865.13154466,488645.6505841604,317237.207
High income,2020-08-17,1240988699,522135.1794700747,612269.4346935011,593820.6864309859,537695.2694077169,483173.5149822634,465199.050074484,461744.9082097952,34738876.26349594,451154.23718825897,381398.34599999996
Low income,2020-08-17,704080579,143343.49497077998,207159.14600842213,149208.80775129242,143343.49497077998,-21358.472819249706,-80431.79154119696,-123510.87103388182,80006.3405750644,2758.8393301746346,5054.189
Lower middle income,2020-08-17,2994738553,661163.9500039234,814500.5393051219,767887.6280743424,661163.9500039234,390152.8843434146,168318.74203994116,65197.729310870614,4578690.461399846,91573.8092279969,86580.165
Unknown income group,2020-08-17,256806,-26.89746479749551,93.59855094767954,77.59246505318352,23.392550509310084,-30.122808281296578,-62.36065835074834,-74.80616630669311,0,0,0
Upper middle income,2020-08-17,2928345496,818715.8328465143,1199516.1194143812,1131300.2240637043,891045.4147205735,708150.1962707026,599371.2328362254,576109.5580264302,28190961.153804537,522054.83618156554,341181.197
High income,2020-08-24,1240988699,541313.8521865811,639284.5038445098,616488.8537647845,557542.8616473561,499683.10739554244,480297.1234589236,476609.2947266715,35824110.61777241,465248.1898412001,390330.34599999996
Low income,2020-08-24,704080579,151150.0818675884,217958.79529712122,158858.80260717642,151150.0818675884,-20321.46351827484,-80055.76104338055,-124134.1838058086,84380.0288791335,2909.656168245983,5340.195
Lower middle income,2020-08-24,2994738553,730119.4715296663,924708.7186319995,835971.6527458186,730119.4715296663,435922.02934842574,216691.92944132254,95374.67419659019,4920537.700932407,98410.75401864812,95041.184
Unknown income group,2020-08-24,256806,-27.610160854923066,96.30441401721119,80.23895176046493,24.759951844966047,-30.653499668095744,-63.50764261232589,-76.9460612347685,0,0,0
Upper middle income,2020-08-24,2928345496,866804.537956814,1271565.1516663807,1200747.0931690705,951620.8816521943,755672.6689631195,646217.6382582744,616117.5131879809,29821531.776064415,552250.5884456374,364655.19299999997
High income,2020-08-31,1240988699,557808.1411164737,663199.1670487662,636716.3155493657,574655.7303595146,513515.85334750876,492635.6856168425,488773.1259328736,36710439.342048876,476758.95249414124,398737.339
Low income,2020-08-31,704080579,159634.87048761503,228164.59553861478,167401.714272743,159634.87048761503,-20329.791335501784,-79825.86354186603,-125993.13719839111,88753.7171832026,3060.4730063173315,5580.197
Lower middle income,2020-08-31,2994738553,818033.3002223284,1011000.4526957109,926142.6828962112,818033.3002223284,495752.74833940394,249748.27476546314,124947.18884422083,5262534.940464968,105250.69880929934,104555.192
Unknown income group,2020-08-31,256806,-28.07038725853466,99.06770776493674,83.01536522150957,26.266726419777143,-31.577467047580196,-64.7842199622833,-78.94931678864967,0,0,0
Upper middle income,2020-08-31,2928345496,917512.5763682275,1333676.9238326785,1259634.9676178745,1008381.7458744432,802683.9886791281,687124.1463650498,650081.3733799352,31272111.398324292,579113.1740430425,386146.208
High income,2020-09-07,1240988699,577730.16341588,687244.5459485856,660387.9356898309,595232.8612791204,530394.7305657878,508317.97534659365,504379.8326957427,37854479.86309953,491616.62159869523,406709.352
Low income,2020-09-07,704080579,166963.86332165234,239394.64714779228,176280.38276647928,166963.86332165234,-19671.231407981126,-81522.45491968699,-129970.30756641316,93127.40548727171,3211.2898443886797,5826.205
Lower middle income,2020-09-07,2994738553,906524.8918999272,1139576.8777588974,1019185.0537752843,906524.8918999272,571592.226591862,293482.0480027047,162487.19455195556,5492105.542663866,109842.1108532773,116028.20599999999
Unknown income group,2020-09-07,256806,-28.894728667694885,101.78622035942233,85.72112223786203,27.74370934618424,-32.25261393853722,-66.31464536822693,-80.94055793468367,0,0,0
Upper middle income,2020-09-07,2928345496,970295.3910865978,1403565.3402533068,1320956.5752758216,1068204.1614356085,851596.8688535701,729463.6870725018,688590.5000098869,32861404.408971265,608544.5260920605,410173.211
High income,2020-09-14,1240988699,598270.2616544281,710913.7913058143,684675.6873136826,616477.37391401,547589.8235438844,524609.5766760091,520476.5023903901,39045636.6841502,507086.19070324936,414329.349
Low income,2020-09-14,704080579,173468.8836907435,251085.5225257011,186455.576046933,173468.8836907435,-17653.338110395376,-86197.466543585,-134322.15055147433,97501.09379134081,3362.106682460028,6024.214
Lower middle income,2020-09-14,2994738553,1000845.6557322434,1241027.6129727256,1114654.7543717201,1000845.6557322434,658290.4748008476,329556.9764413524,205554.16679316686,5733416.144862764,114668.32289725528,126595.217
Unknown income group,2020-09-14,256806,-29.56992252028759,104.46460901549665,88.54994917763828,29.214570128252742,-32.55876816707284,-67.53081174288444,-82.76489828786852,0,0,0
Upper middle income,2020-09-14,2928345496,1022716.3450173759,1470553.5221418226,1383183.9232617333,1125152.0303077975,898233.4338957403,770599.9102373018,723593.6115368217,34326131.659618236,635669.1048077452,428718.199
High income,2020-09-21,1240988699,616787.8012806168,732636.3476183796,706920.1639757445,635807.5835706402,562818.1451937425,538923.2319525905,534622.2319994096,40080901.61520087,520531.1898078035,422911.363
Low income,2020-09-21,704080579,178626.17430600352,262531.73057712935,189933.93802712398,178626.17430600352,-16960.65732368985,-87588.11085385969,-141237.01394559318,101874.78209540992,3512.9235205313767,6202.217
Lower middle income,2020-09-21,2994738553,1086552.620419429,1356288.5133768588,1218245.2190806794,1086552.620419429,734166.053280518,368731.24392719346,248665.6186554727,5975816.747061662,119516.33494123323,137025.217
Unknown income group,2020-09-21,256806,-30.358711294291528,107.09488402539772,91.24665330177545,30.576894707334784,-32.86457912906434,-69.48375711461524,-84.91886267616515,0,0,0
Upper middle income,2020-09-21,2928345496,1077440.5011331062,1538081.0021104822,1441174.1420560926,1176591.0297429855,944521.0288527312,809374.9264445924,764903.4863553848,35791306.49558931,662801.9721405428,447142.227
High income,2020-09-28,1240988699,635572.8540168763,755382.4125630677,726731.8514126906,656310.2451701177,578981.6709109398,554174.7618541537,549702.5232219443,41189868.63625153,534933.3589123575,432034.372
Low income,2020-09-28,704080579,183941.37002497198,274210.0444628533,194087.97413049504,183941.37002497198,-16399.552309862796,-91851.23282425024,-145510.63460208246,106248.47039947902,3663.740358602725,6362.216
Lower middle income,2020-09-28,2994738553,1177055.3985357687,1452809.9953873125,1316492.4076390846,1177055.3985357687,800773.3137761508,422979.33128928737,281737.2302719449,6224477.34926056,124489.5469852112,146779.22
Unknown income group,2020-09-28,256806,-31.187144036156162,109.84951780740076,93.84586049740363,31.501705345835767,-34.019272190569986,-71.61701140701413,-86.8783574993274,0,0,0
Upper middle income,2020-09-28,2928345496,1127994.5626145047,1600708.0825492449,1510004.7918242526,1236260.7143361312,988861.6925755771,851674.5899477401,805129.9353966985,37197727.531560384,688846.8061400072,465861.214
High income,2020-10-05,1240988699,653648.7314748105,774524.47243820515,747483.8519175688,675303.6822199813,596061.274462654,571271.8740268823,566726.4407231802,42451661.20859252,551320.2754362664,441442.386
Low income,2020-10-05,704080579,192675.97653896039,283920.2734888109,201521.27417444903,192675.97653896039,-13785.837600442253,-96066.36919915058,-147824.26159797717,117645.95870354812,4056.7571966740734,6482.224
Lower middle income,2020-10-05,2994738553,1255854.6598012038,1556002.4013680452,1390382.3984280736,1255854.6598012038,867006.0904905361,456899.97745341156,315690.9660783652,6452610.12350247,129052.2024700494,156558.213
Unknown income group,2020-10-05,256806,-31.86399028838881,113.02115673959493,96.54567924160453,33.44471071384244,-34.956749296427446,-72.57714367309167,-89.0667674573488,0,0,0
Upper middle income,2020-10-05,2928345496,1185734.5623757716,1665592.3336652303,1588179.2945664993,1296347.2352081214,1037591.3815324398,897648.9103689414,852174.1906210126,38995933.97495082,722146.9254620522,489464.213
High income,2020-10-12,1240988699,673950.2267897904,794999.8206971602,769196.2006744868,696469.0518394862,615874.2788377473,590931.2632225753,586507.9341310636,43929411.830933504,570511.8419601753,451712.401
Low income,2020-10-12,704080579,201468.758705226,291827.91714459116,209737.09137227884,201468.758705226,-12302.434655169896,-98539.42032524366,-150802.44960711573,129043.44700761723,4449.774034745422,6644.225
Lower middle income,2020-10-12,2994738553,1324871.1378561745,1616076.6546424988,1461796.18431555,1324871.1378561745,919867.1518484027,489782.4021585567,349826.390626002,6691832.89774438,133836.65795488757,165659.235
Unknown income group,2020-10-12,256806,-32.487303867638644,118.3349254839775,99.49655245956349,35.065038764769824,-35.39233266896015,-72.61521897549764,-90.72961595497009,0,0,0
Upper middle income,2020-10-12,2928345496,1242578.7214757507,1733712.0692581658,1668049.7151509933,1359497.8943968979,1088018.6335529988,945173.1554169025,893637.3360762924,40847949.61834125,756443.5114507639,507362.219
High income,2020-10-19,1240988699,705929.6706261286,827032.4070806627,801530.9496776996,728444.7828455474,648038.5564840857,622653.219079068,617889.1097697583,46305602.30327449,601371.4584840842,463893.402
Low income,2020-10-19,704080579,207893.63858679304,299788.11532199977,218360.78615768996,207893.63858679304,-10734.022591263065,-101049.35790739192,-154309.23142038516,140440.93531168633,4842.7908728167695,6795.243
Lower middle income,2020-10-19,2994738553,1391743.7366912249,1696290.0391189458,1554924.5048005502,1391743.7366912249,973105.2396611344,531220.4097629851,383889.05509392486,6930675.671986289,138613.5134397258,173864.236
Unknown income group,2020-10-19,256806,-33.13480246112858,123.01326552945696,102.3229867180969,38.65915071157021,-35.31684618394145,-72.71358722491381,-92.37476392507321,0,0,0
Upper middle income,2020-10-19,2928345496,1302404.156231912,1812373.0894483954,1739596.291853078,1425306.6355532838,1140519.9949876051,994038.3372726724,942868.6074785625,42748124.261731684,791631.930772809,525035.217
High income,2020-10-26,1240988699,746642.4683028007,868052.6263020644,842269.3972586425,768814.7818492719,688822.951084859,662676.9392035678,657978.3180206171,49350850.39561547,640920.1350079932,479822.40599999996
Low income,2020-10-26,704080579,213600.52752778042,304502.6610033813,226993.31052205418,213600.52752778042,-10814.046420491262,-103246.47504390599,-158099.18482188336,151838.42361575543,5235.807710888118,6950.258
Lower middle income,2020-10-26,2994738553,1455475.235743638,1780923.9651979478,1627502.0591708513,1455475.235743638,1021781.5730559268,571518.2747021028,418484.2399385521,7169258.446228199,143385.16892456397,181264.251
Unknown income group,2020-10-26,256806,-34.62672382433982,126.07001111788398,105.68203214701084,41.09638581134894,-35.38060495384819,-74.44660962504472,-95.28026312391474,0,0,0
Upper middle income,2020-10-26,2928345496,1365625.3411882755,1898301.9814552183,1812181.4902359468,1487953.3017644375,1195807.0630790659,1042362.486990329,995728.8375567781,44728950.155122116,828313.8917615206,543769.2119999999
High income,2020-11-02,1240988699,798592.834099429,919988.7521859128,894450.3944279877,820966.4984192662,740994.6962801995,713710.0623801156,709247.6419262121,53246751.053332806,691516.2474458806,501142.404
Low income,2020-11-02,704080579,220195.85901926126,316885.3955519115,236701.1223130828,220195.85901926126,-8784.705999641013,-102598.05648929458,-157452.4577089422,163235.91191982455,5628.8245489594665,7088.277
Lower middle income,2020-11-02,2994738553,1523251.6201116366,1843493.5255080115,1704869.097491318,1523251.6201116366,1073989.1772888398,612037.2071384202,455632.97588591697,7495700.38176043,149914.0076352086,188089.251
Unknown income group,2020-11-02,256806,-35.41540632824493,129.451907354175,111.64763049099038,42.86858523820316,-35.41540632824493,-76.57174265525512,-95.83165179582326,0,0,0
Upper middle income,2020-11-02,2928345496,1450004.1557003777,2002149.0078938748,1893863.9435448325,1570808.373642313,1267930.6588600252,1105657.2896890992,1061730.9136238995,47362090.00109319,877075.740760985,562923.242
High income,2020-11-09,1240988699,853170.9797549999,974598.9709319603,949373.7153974955,875116.5960703745,795800.662869066,767415.7205697781,763132.6343777011,57350220.61105014,744808.059883768,531501.418
Low income,2020-11-09,704080579,227508.120796494,329053.27828928357,246991.98246040076,227508.120796494,-4767.122018520422,-101077.71674717247,-156018.36387273177,174633.40022389364,6021.841387030815,7513.282
Lower middle income,2020-11-09,2994738553,1592862.451918878,1908744.3412564697,1767703.3990027932,1592862.451918878,1127420.5701261484,654823.1178684671,494693.86918412993,7816872.317292661,156337.4463458532,195978.251
Unknown income group,2020-11-09,256806,-37.213669510295304,134.25566298382708,114.32124274872616,46.161760456437456,-37.213669510295304,-77.94564783543811,-96.6179251456572,0,0,0
Upper middle income,2020-11-09,2928345496,1538103.710173432,2109007.821517003,1977116.1922329755,1664862.3786665536,1345445.1246602547,1169023.2917147418,1130675.14453744,50125830.64706426,928256.1230937827,582559.285
High income,2020-11-16,1240988699,908864.9870056697,1030341.7023676262,1005282.4558422512,931365.1088925995,851638.4123306742,822206.8728880889,818126.6370126583,61541019.718767464,799234.0223216554,565698.42
Low income,2020-11-16,704080579,234427.77258024912,341263.259292783,256972.00679811425,234427.77258024912,-1577.6920410281834,-100485.15069340359,-154320.63625697637,186030.88852796273,6414.8582251021635,7716.296
Lower middle income,2020-11-16,2994738553,1654262.2837587085,1969463.5509884413,1839659.388179166,1654262.2837587085,1170531.783548189,693725.594426937,531284.5027240256,8142044.252824892,162840.88505649782,203156.261
Unknown income group,2020-11-16,256806,-38.65012745473564,139.4790881901796,116.66442960973717,49.40027611701626,-38.65012745473564,-79.16760289934398,-97.03921386427922,0,0,0
Upper middle income,2020-11-16,2928345496,1625535.5600851867,2216770.5781281013,2069388.8641787472,1756674.7316898014,1425812.542742259,1233169.425229568,1200677.9378086447,52884975.89303534,979351.4054265803,604565.29
High income,2020-11-23,1240988699,964289.4325507255,1085762.4687012013,1061094.44591143,988032.8434365677,906789.5814857208,876690.6355587877,872823.2170676774,65712538.026484795,853409.5847595428,605015.432
Low income,2020-11-23,704080579,241220.14284561173,353234.0513922205,266588.6828815439,241220.14284561173,3942.00971843081,-98510.31609339468,-153279.41660564818,197428.37683203185,6807.875063173512,8034.313
Lower middle income,2020-11-23,2994738553,1718911.6969803465,2033389.4771553676,1915486.869677704,1718911.6969803465,1215130.5123375298,739152.0560890536,568606.8485821678,8463476.188357122,169269.52376714244,211423.261
Unknown income group,2020-11-23,256806,-41.27353618327462,144.92519140952842,119.50194564933226,52.390793904685275,-41.27353618327462,-81.28622772353397,-98.52742140417263,0,0,0
Upper middle income,2020-11-23,2928345496,1713994.747597985,2318023.0745871514,2166814.9149373607,1845684.3226789387,1509446.94982877,1305587.0676179142,1271252.0603857492,55579689.23900641,1029253.5044260446,626938.284
High income,2020-11-30,1240988699,1022178.5515515421,1143625.2712457667,1120380.8508155493,1047121.6833750395,964485.7339407549,933837.5345521894,930154.0578829388,70087267.03420213,910224.2471974302,645359.449
Low income,2020-11-30,704080579,248747.6993900585,366403.2659276736,275979.8864814678,248747.6993900585,8569.88046143315,-95184.29710046359,-151305.2562231449,208825.86513610094,7200.89190124486,8306.326
Lower middle income,2020-11-30,2994738553,1782612.4694605838,2099138.972842857,1992943.0578280953,1782612.4694605838,1261073.242498136,772005.8815608051,605816.3571448717,8788808.123889353,175776.16247778706,218882.272
Unknown income group,2020-11-30,256806,-44.29056990219328,150.2170877108858,122.54887759593682,54.91980736896013,-44.29056990219328,-84.14899369926532,-100.35504295877064,0,0,0
Upper middle income,2020-11-30,2928345496,1804257.182886032,2418236.4695873302,2266075.421284791,1932999.4448954042,1596793.7329729781,1382918.8302232944,1345938.325777805,58270223.43497749,1079078.2117588425,651526.309
High income,2020-12-07,1240988699,1082783.925338062,1204135.5364209705,1182475.5852762524,1108986.2769812085,1024419.6343168266,993831.2217036078,990242.6730755002,74676168.60267214,969820.3714632746,689774.442
Low income,2020-12-07,704080579,258758.9516289636,379815.29358111107,286645.0490348665,258758.9516289636,13401.322263160919,-91055.41748412042,-149537.79583788576,220223.35344017003,7593.908739316208,8620.332
Lower middle income,2020-12-07,2994738553,1849991.0608164691,2167482.3605791037,2064979.7800770714,1849991.0608164691,1312885.699007609,806736.6314839134,640498.5924024667,9238446.38200223,184768.92764004463,226400.26499999998
Unknown income group,2020-12-07,256806,-47.253110247250866,155.4375503989857,125.6025083249818,57.36700452489352,-47.253110247250866,-86.847887184109,-101.66284796862891,0,0,0
Upper middle income,2020-12-07,2928345496,1902821.1402382965,2525729.073448865,2372881.922842249,2030504.6734646023,1685128.8192494083,1464320.6323366847,1423831.9552299923,61419168.55808983,1137392.010334997,676299.309
High income,2020-12-14,1240988699,1138958.310537624,1260446.1748253522,1240427.1738031297,1165339.0452492533,1080955.7626210086,1049772.184930524,1046186.7228968029,78949451.02114215,1025317.545729119,735436.457
Low income,2020-12-14,704080579,269663.2548646183,396702.1530332984,299126.13734722935,269663.2548646183,17136.65801099752,-84908.4625349421,-147013.50188385788,231620.84174423915,7986.925577387557,8986.327
Lower middle income,2020-12-14,2994738553,1917874.690023959,2233897.3573095314,2136268.316907898,1917874.690023959,1352822.9557038788,835783.6565378571,670104.0204921502,9685624.640115108,193712.49280230218,233315.264
Unknown income group,2020-12-14,256806,-49.38333500751852,160.91807665520128,128.67645995481507,61.19327559469554,-49.38333500751852,-86.1718583960991,-104.43414242749505,0,0,0
Upper middle income,2020-12-14,2928345496,2001363.0579314253,2633625.9759900426,2479551.441115625,2125866.326041037,1769614.6358763608,1543848.1180395978,1502815.909722893,64647499.08120217,1197175.9089111513,701559.313
High income,2020-12-21,1240988699,1195482.1368627567,1317091.7464006266,1298308.1788689084,1221705.1039393812,1137826.335482711,1105954.7893303698,1102422.9863335285,83245821.88961218,1081114.5699949635,784333.473
Low income,2020-12-21,704080579,280571.29683623614,412377.6080804748,310433.99642659444,280571.29683623614,22249.498610293358,-78083.75466833515,-140969.98645023984,243018.33004830824,8379.942415458905,9411.332
Lower middle income,2020-12-21,2994738553,1985002.8174623335,2293456.762368146,2210720.96851957,1985002.8174623335,1394661.167003044,863124.0405756079,702389.0602494333,10134902.898227986,202698.0579645597,240099.258
Unknown income group,2020-12-21,256806,-52.80251625074858,167.09125479187628,131.58826925696303,66.5878250770159,-52.80251625074858,-85.50454677309848,-106.30631492459197,0,0,0
Upper middle income,2020-12-21,2928345496,2100348.7913510706,2743894.288933819,2582750.2790543656,2223110.9277105187,1856055.524966227,1627491.4948200344,1579758.5976478737,68100758.05431451,1261125.1491539725,728005.313
High income,2020-12-28,1240988699,1254007.4871614382,1375825.4556617262,1357713.6610024497,1280127.8389453022,1196461.6075256139,1164211.4507305147,1160682.0603259623,87704628.41696846,1139021.1482723178,826040.467
Low income,2020-12-28,704080579,292934.76495978417,428168.48744322074,324918.5461118983,292934.76495978417,28127.39698529626,-71098.26658842027,-132359.103132894,254415.81835237736,8772.959253530253,9945.355
Lower middle income,2020-12-28,2994738553,2052174.9761424107,2359475.8663588716,2280900.406471188,2052174.9761424107,1446362.5933558228,893674.8711770751,731978.3369632018,10568315.097018829,211366.30194037658,246128.24599999998
Unknown income group,2020-12-28,256806,-56.18911428133737,173.15730988342867,134.5757226096875,70.48030126117119,-56.18911428133737,-84.90332420154881,-108.59536567956421,0,0,0
Upper middle income,2020-12-28,2928345496,2199471.5375552,2862591.9080821057,2689539.520785272,2329043.5236223247,1947656.2171081377,1717659.3854125813,1662278.0091426163,71878387.45832573,1331081.2492282544,753178.321
High income,2021-01-04,1240988699,1309082.056835168,1431857.113367695,1414360.410574607,1335152.6572988252,1251454.3325028715,1218978.2245053074,1215580.274883703,91897177.20724812,1193469.8338603652,873203.45
Low income,2021-01-04,704080579,304877.4666442499,443058.55716262106,338516.036076361,304877.4666442499,35246.304020942836,-65841.44420732214,-123298.57978931938,254415.81835237736,8772.959253530253,10239.369
Lower middle income,2021-01-04,2994738553,2114173.150080205,2420834.6341887466,2345808.531232309,2114173.150080205,1491044.480430988,920204.8225538122,753455.1523909476,10847614.462666662,216952.28925333323,251843.24899999998
Unknown income group,2021-01-04,256806,-59.76746361392246,178.72013499364152,138.53263145030368,72.1925748780701,-59.76746361392246,-85.50558990526774,-111.67280803495126,0,0,0
Upper middle income,2021-01-04,2928345496,2287326.7534627975,2957266.751115594,2786939.244143541,2415692.851903055,2023611.2124917035,1790700.0625029244,1736473.511257327,75174524.67829299,1392120.827375796,779956.3099999999
High income,2021-01-11,1240988699,1360586.5411489068,1483461.7411573746,1467242.3706552908,1386556.137493107,1303170.3729811728,1270224.1991087585,1266895.8765190109,95817195.92156744,1244379.1678125642,929163.452
Low income,2021-01-11,704080579,317998.5613047933,459741.64060427673,352116.6531241718,317998.5613047933,41539.14870152988,-59313.944930667734,-117502.46466102317,254415.81835237736,8772.959253530253,10591.364
Lower middle income,2021-01-11,2994738553,2173764.629469475,2483747.386852389,2412449.4151791357,2173764.629469475,1536845.9264110846,957893.2652897629,770674.8918865778,11126788.82831448,222535.7765662896,257259.247
Unknown income group,2021-01-11,256806,-63.755074959270665,179.99025373549154,141.25849000058278,72.39793703151412,-63.755074959270665,-87.56671418475396,-114.2933988305562,0,0,0
Upper middle income,2021-01-11,2928345496,2385141.890572026,3054715.2543062386,2883669.4028554847,2520945.0101314182,2111159.0479783025,1878318.9077549065,1825943.3716504169,79028624.99825977,1463493.0555233292,811085.303
High income,2021-01-18,1240988699,1412901.195951525,1535917.2640276817,1520556.1700735034,1438754.1553332242,1355467.8235956463,1322226.6151004466,1318913.6133169166,99797680.1692201,1296073.76843143,986509.433
Low income,2021-01-18,704080579,331201.4700575801,475375.9138899658,365474.8523975097,331201.4700575801,47072.14587181629,-51958.3343902946,-110859.78190018084,254415.81835237736,8772.959253530253,11112.381
Lower middle income,2021-01-18,2994738553,2228040.237422024,2544560.666812125,2474606.1851618825,2228040.237422024,1581691.1725845824,986558.2811859542,779438.3476296681,11402029.860628964,228040.59721257928,263204.256
Unknown income group,2021-01-18,256806,-66.63399897934572,180.66312421293688,145.05780910982966,73.08705493154628,-66.63399897934572,-89.31109569339849,-116.13036250163937,0,0,0
Upper middle income,2021-01-18,2928345496,2483184.2193769794,3154451.378559263,2980894.8190782354,2621838.3322238764,2200009.028310693,1963059.348013014,1909743.9778641656,82864541.71822657,1534528.5503375288,844448.297
High income,2021-01-25,1240988699,1455871.5747152355,1578836.5812243144,1563765.07293724,1481486.2764346635,1398274.344832023,1364760.5478225271,1361637.0701197763,103057446.98353942,1338408.4023836288,1045302.44
Low income,2021-01-25,704080579,344059.44754364353,491033.8201862479,381095.3014532943,344059.44754364353,53875.75348215521,-45562.97874121355,-100480.8441903895,254415.81835237736,8772.959253530253,11809.399
Lower middle income,2021-01-25,2994738553,2275241.2578637414,2590579.1868212516,2528461.227223153,2275241.2578637414,1615792.1464379611,1015674.876182281,790139.5469025054,11675829.226276783,233516.58452553564,269006.262
Unknown income group,2021-01-25,256806,-69.25804809186552,181.20482008747013,153.879831997609,73.81659432196437,-69.25804809186552,-91.22026597283127,-118.15938714743702,0,0,0
Upper middle income,2021-01-25,2928345496,2567217.8218932324,3240247.2260142947,3075782.224052596,2708839.45286888,2275253.4061597823,2039765.2690138905,1980275.1306459454,85998426.93819335,1592563.4618183954,881562.318
High income,2021-02-01,1240988699,1488271.6325265544,1611378.0374151682,1596326.7819717925,1513842.4808145603,1430658.2775533115,1396602.8299733459,1393739.7565148382,105497866.28653133,1370102.159565342,1102176.432
Low income,2021-02-01,704080579,356002.76878031495,505305.78114476753,400010.47784617305,356002.76878031495,61036.71205636571,-41313.44511899705,-93216.39208118386,254415.81835237736,8772.959253530253,12266.401
Lower middle income,2021-02-01,2994738553,2321153.37103181,2632817.618580198,2576577.5520154224,2321153.37103181,1656422.0535446738,1044580.8601008176,806260.1466475856,11941885.481524155,238837.7096304831,274349.26399999997
Unknown income group,2021-02-01,256806,-71.91745977257557,183.85570260493398,160.80226514309138,74.98074935629802,-71.91745977257557,-93.0698409903543,-120.28383878692979,0,0,0
Upper middle income,2021-02-01,2928345496,2637850.2347729383,3306508.529071355,3148276.244541429,2781665.1461562184,2335170.269646564,2097997.117185038,2039534.671608548,88502661.05382198,1638938.16766337,919075.318
High income,2021-02-08,1240988699,1510689.107196516,1634181.1020099195,1618893.1355498238,1536396.4663804315,1452846.622852719,1418381.8094040225,1415748.64626794,107153831.40618992,1391608.2000803885,1153498.437
Low income,2021-02-08,704080579,368758.0507857694,520119.1435162344,415446.1466674512,368758.0507857694,69054.3657838329,-36697.58401547265,-87125.855041366,254415.81835237736,8772.959253530253,12709.396
Lower middle income,2021-02-08,2994738553,2366918.2370580863,2667081.2175463624,2625293.923760873,2366918.2370580863,1690066.7319500728,1072192.305517094,822564.2929714848,12193925.07010486,243878.50140209717,279125.259
Unknown income group,2021-02-08,256806,-74.6395209339116,187.68371370756145,163.25565366423578,77.87504155784303,-74.6395209339116,-95.65043577782325,-122.6525153255801,0,0,0
Upper middle income,2021-02-08,2928345496,2700132.1352098626,3364499.8197821155,3218972.1589732473,2843404.9934249874,2394402.9830997973,2147403.6657341947,2090781.2775099734,90610216.11945063,1677966.9651750117,951445.334
High income,2021-02-15,1240988699,1529185.3538416335,1652976.3712962826,1637320.1735108611,1554780.638599454,1471299.1816905371,1436138.8764334777,1433756.4016791498,108504435.05918182,1409148.5072621016,1196491.464
Low income,2021-02-15,704080579,381358.6419365357,536408.9477797404,428507.4525219411,381358.6419365357,73575.86450698946,-33914.094456904946,-80496.30856018861,254415.81835237736,8772.959253530253,13079.402
Lower middle income,2021-02-15,2994738553,2413301.415488627,2716770.110114626,2670311.4760783217,2413301.415488627,1722607.7585401407,1101479.6984130142,839140.0554923909,12448865.922809858,248977.31845619713,283345.258
Unknown income group,2021-02-15,256806,-77.11526803016824,191.17928977405396,165.56678853594073,80.68281264992255,-77.11526803016824,-98.0508744809156,-124.97622650050538,0,0,0
Upper middle income,2021-02-15,2928345496,2761754.156041806,3423356.603187822,3288178.3621565504,2900878.0123537844,2452083.006711911,2196338.8145878613,2140400.6280297027,92675056.73507926,1716204.7543533195,985163.333
High income,2021-02-22,1240988699,1540408.6299735159,1664707.2628136454,1648697.0535608795,1566089.1547938266,1482693.1273172356,1446626.2085723733,1444681.0968384657,109294070.61217374,1419403.5144438148,1232064.484
Low income,2021-02-22,704080579,394185.46636127355,556013.1663032547,442982.4189204685,394185.46636127355,81891.60615874881,-29594.66996930924,-73614.8457592308,254415.81835237736,8772.959253530253,13436.402
Lower middle income,2021-02-22,2994738553,2462578.388860453,2787190.2279321593,2715360.479299044,2462578.388860453,1745633.3317559615,1130392.817642105,858887.919790266,12703806.775514856,254076.13551029708,287658.252
Unknown income group,2021-02-22,256806,-79.54174236605635,194.78656888821246,167.1443159204811,83.01962611346411,-79.54174236605635,-99.28381178505154,-127.25330168160932,0,0,0
Upper middle income,2021-02-22,2928345496,2821377.796205151,3481885.587725669,3350951.8580399533,2951284.1260473463,2506608.617212973,2240570.1529890117,2186549.7518474064,94593740.05070789,1751735.926864961,1014597.36
High income,2021-03-01,1240988699,1545235.7233428461,1669887.1108924877,1654154.8090425576,1570957.6190453377,1487546.1747432402,1450780.489951237,1449157.7794466245,109595724.0828349,1423321.091984869,1265180.497
Low income,2021-03-01,704080579,406877.90087409545,574100.2805662961,460233.0713549624,406877.90087409545,86899.30838362497,-25057.71915985569,-66307.43636477509,254415.81835237736,8772.959253530253,13768.398
Lower middle income,2021-03-01,2994738553,2521460.732830248,2836516.29090832,2771551.1072185035,2521460.732830248,1791705.6455061298,1166443.8685178813,884154.5003426599,13177105.943795117,263542.1188759023,292354.251
Unknown income group,2021-03-01,256806,-81.89507986384623,198.04853006923844,173.21335122590662,85.48275673534903,-81.89507986384623,-100.9954855990076,-128.7474948377916,0,0,0
Upper middle income,2021-03-01,2928345496,2892007.892514504,3551956.4736438096,3415243.0810560975,3026235.74845721,2571349.1031043665,2291200.776706724,2243090.2460285104,97086975.7214139,1797906.957803961,1044607.382
High income,2021-03-08,1240988699,1552277.3512210315,1677389.5007548118,1662138.8542325357,1578103.4173517544,1494733.773479843,1457286.7846003738,1455918.8914104754,110064105.82828572,1429403.9717959184,1294368.495
Low income,2021-03-08,704080579,420408.33234092523,590820.7287188218,477839.1699903826,420408.33234092523,93948.35993977512,-18990.637148461054,-58114.91604223513,254415.81835237736,8772.959253530253,14109.403
Lower middle income,2021-03-08,2994738553,2577412.6419003434,2884865.5607710266,2825146.7925688787,2577412.6419003434,1832887.2372679661,1200774.7753610208,911447.302655793,13650405.112075377,273008.1022415075,296530.255
Unknown income group,2021-03-08,256806,-84.21623217047359,202.0951953045457,180.11566492109057,87.84651838465648,-84.21623217047359,-100.70425187368586,-130.46086548847435,0,0,0
Upper middle income,2021-03-08,2928345496,2961822.6102092476,3623256.5364031717,3488868.314032126,3088228.367107365,2634340.409240533,2341832.80401749,2299216.027768162,99554629.79211989,1843604.2554096275,1075046.385
High income,2021-03-15,1240988699,1562328.4909169585,1687545.6386014672,1673112.0384038761,1588279.6671677257,1504515.770140497,1466857.422980666,1465525.976036636,110763995.77373652,1438493.451606968,1320161.493
Low income,2021-03-15,704080579,434982.18046173966,602709.1289348704,494905.31421825866,434982.18046173966,108019.70488451025,-10521.955345649747,-48935.29679312482,254415.81835237736,8772.959253530253,14555.408
Lower middle income,2021-03-15,2994738553,2641672.2999511217,2954937.5316261286,2895297.452038865,2641672.2999511217,1874449.260540669,1237034.3986546777,936906.4163562364,14123704.280355638,282474.08560711273,301040.271
Unknown income group,2021-03-15,256806,-86.56733269253681,209.8240975123459,187.26301318327782,90.35461692297406,-86.56733269253681,-99.83230734221016,-132.22361266742914,0,0,0
Upper middle income,2021-03-15,2928345496,3035089.255071906,3697502.6533223623,3579489.694602325,3161240.281874337,2699560.2506883265,2394673.5666949293,2358693.798694546,102076429.66282588,1890304.2530152942,1107193.402
High income,2021-03-22,1240988699,1578306.6046486492,1704018.1158548489,1690077.6771989951,1604505.5972554386,1520182.6402991023,1482304.5594624695,1480956.5889215826,111918050.96918735,1453481.1814180175,1344351.512
Low income,2021-03-22,704080579,449391.2286189453,611188.0680807326,512832.04249343206,449391.2286189453,121117.48232101931,231.34400207223,-40014.29634404125,254415.81835237736,8772.959253530253,15038.436
Lower middle income,2021-03-22,2994738553,2706030.8555181413,3013905.998590826,2956756.4223705265,2706030.8555181413,1928426.0732523,1273990.812984135,960278.6918442491,14597003.448635899,291940.06897271797,306134.29
Unknown income group,2021-03-22,256806,-88.83530954293313,221.05049059086065,189.40270685479035,93.42151767862686,-88.83530954293313,-98.81207622255802,-134.4779222139464,0,0,0
Upper middle income,2021-03-22,2928345496,3106549.9321022355,3773735.3256871775,3660992.5906617967,3232716.955812675,2760384.771651532,2447625.364575853,2418993.124779215,104473212.43309975,1934689.1191314769,1145241.412
High income,2021-03-29,1240988699,1594136.3603748397,1720235.156241286,1706807.4976146438,1620589.3158975616,1536195.7021357522,1497702.1299464984,1496298.980545667,113061575.64463815,1468332.151229067,1370230.491
Low income,2021-03-29,704080579,464855.46415592165,626167.1726392849,534077.6553284074,464855.46415592165,129854.78565790555,18210.664661741914,-30693.580415264743,254415.81835237736,8772.959253530253,15618.449
Lower middle income,2021-03-29,2994738553,2774665.589445319,3086719.3705802597,3024571.041770868,2774665.589445319,1984882.7192045818,1327812.2210946379,990194.0011446591,15070302.616916157,301406.05233832315,312660.285
Unknown income group,2021-03-29,256806,-91.2665127588278,230.30784989951488,191.21943257463533,94.8314187147522,-91.2665127588278,-99.83493531582096,-136.47704349283129,0,0,0
Upper middle income,2021-03-29,2928345496,3187259.727084582,3860219.4094423437,3756779.4851426613,3313756.690093193,2828456.388688828,2511187.791211986,2484494.5488246605,107051620.83315767,1982437.4228362532,1184585.423
High income,2021-04-05,1240988699,1615559.6310325172,1741985.6454141987,1729241.9948660173,1641924.04006204,1557142.5736010396,1518498.8317978994,1517068.9529953222,114629344.7387981,1488692.7888155596,1393319.508
Low income,2021-04-05,704080579,481237.30445282324,646440.2729312443,554358.2929856902,481237.30445282324,139484.98236022415,29298.84023163253,-20507.27675169657,254415.81835237736,8772.959253530253,16248.456
Lower middle income,2021-04-05,2994738553,2891582.8032503384,3223065.9779888242,3142310.0979934228,2891582.8032503384,2086137.4864560545,1392258.04075832,1046997.9190713665,15821522.785196418,316430.45570392837,321496.294
Unknown income group,2021-04-05,256806,-93.71762988463985,239.42895040792308,193.1038190282944,96.74893356770978,-93.71762988463985,-103.57859767011429,-138.37663662595764,0,0,0
Upper middle income,2021-04-05,2928345496,3274481.5898184907,3941820.1036200654,3855151.1985181617,3399579.3803515043,2899338.735672421,2582419.903551136,2550117.1497726985,109632340.31217729,2030228.5242995792,1224343.421
High income,2021-04-12,1240988699,1635443.2794096062,1762335.5818316871,1750302.104858916,1661729.7614678263,1576960.403910991,1538059.1294859147,1536266.334206747,116076879.87295805,1507491.9464020524,1420200.509
Low income,2021-04-12,704080579,499894.3643946684,670292.8793248782,575281.3274475953,499894.3643946684,151194.84888097105,35354.40978092089,-8317.84022591423,254415.81835237736,8772.959253530253,16813.461
Lower middle income,2021-04-12,2994738553,3036711.1238000677,3380931.6787169734,3322725.8262405684,3036711.1238000677,2193988.682921331,1496496.3749756417,1131705.4993453622,16572742.953476677,331454.85906953353,334479.31299999997
Unknown income group,2021-04-12,256806,-96.21047421147193,248.72000026339097,197.98637920898983,98.72188367668147,-96.21047421147193,-106.73250296476166,-140.07299108279497,0,0,0
Upper middle income,2021-04-12,2928345496,3362158.466671232,4037864.97066936,3945492.8623849414,3487582.1225745594,2970520.584429251,2656305.0851235725,2619021.959440929,112294981.39119689,2079536.6924295719,1272748.421
High income,2021-04-19,1240988699,1657570.0443427523,1785034.0340993905,1773693.8498710936,1683635.68573169,1598597.3959536331,1559752.0317688228,1557602.014017792,117692867.907118,1528478.8039885452,1444272.55
Low income,2021-04-19,704080579,517263.54086749343,693266.0001287189,599099.501134773,517263.54086749343,158116.5118904437,43357.754671490016,3478.683082643937,254415.81835237736,8772.959253530253,17540.474
Lower middle income,2021-04-19,2994738553,3187430.160428121,3608225.850000451,3543081.4928857014,3187430.160428121,2377364.578271663,1609146.3730638723,1233666.4689882644,17323963.121756937,346479.26243513875,351034.334
Unknown income group,2021-04-19,256806,-97.87745023082073,260.2310864260269,203.08617804766328,100.96742361948931,-97.87745023082073,-109.88989613412126,-141.79927231105978,0,0,0
Upper middle income,2021-04-19,2928345496,3451173.0412279945,4124553.825626606,4039779.8006321643,3578011.0413738945,3043596.5980653483,2730635.308327026,2698846.4808488823,114996942.75021648,2129573.013892898,1318819.432
High income,2021-04-26,1240988699,1677537.3639435808,1805719.8680331148,1795047.160824347,1703767.141248912,1617885.9677668912,1579287.343131851,1577094.725190294,119154832.84127793,1547465.361575038,1466996.566
Low income,2021-04-26,704080579,534029.4769565396,708160.7129155152,619709.972323203,534029.4769565396,164817.1506592765,52683.91619254881,14596.898892265132,254415.81835237736,8772.959253530253,18155.494
Lower middle income,2021-04-26,2994738553,3414282.7747831945,3986563.1531020747,3884224.129697861,3414282.7747831945,2611545.323948069,1764583.3699192079,1399174.9643077683,18075183.290037196,361503.6658007439,375485.341
Unknown income group,2021-04-26,256806,-99.46442512177848,270.9936368273917,204.72119518857994,103.00698213003565,-99.46442512177848,-112.92927352504974,-143.10114554954768,0,0,0
Upper middle income,2021-04-26,2928345496,3535767.401236738,4206704.172582126,4133192.534440313,3665923.3686680538,3118069.1743982327,2803342.1309711994,2765391.8799699736,117616540.9105844,2178084.0909367483,1364845.44
High income,2021-05-03,1240988699,1695195.8610923886,1825696.513346824,1813987.059859881,1722409.8563619296,1636234.0641894334,1596380.2243174324,1594191.7581720818,120424136.21606366,1563949.82098784,1487277.575
Low income,2021-05-03,704080579,550217.0771617609,721928.1938480998,636293.1311596263,550217.0771617609,176411.87219165714,62267.11231067777,25746.823617498132,254415.81835237736,8772.959253530253,18642.505
Lower middle income,2021-05-03,2994738553,3749898.369240608,4514395.144477406,4308349.282915376,3749898.369240608,2904077.0915476107,1899507.234757602,1579744.6742983453,18730843.748640038,374616.8749728007,406866.341
Unknown income group,2021-05-03,256806,-101.42217881144641,281.8463688963252,206.6297726194038,104.91651810209419,-101.42217881144641,-115.93445065462652,-144.06941912104278,0,0,0
Upper middle income,2021-05-03,2928345496,3606504.5995868794,4274437.388331345,4211782.774916906,3738917.306366628,3175546.6286065024,2860694.964982035,2816643.9378702035,119542054.34450072,2213741.7471203837,1408740.452
High income,2021-05-10,1240988699,1714400.2485153005,1847945.5475525917,1835168.408480915,1742921.351279546,1654333.909368033,1613144.3980752046,1610843.5636795894,121619246.2408494,1579470.7304006417,1505252.567
Low income,2021-05-10,704080579,565947.2571899617,737036.1846839016,653996.362547147,565947.2571899617,187700.52183053002,71889.76695699629,34456.90197173347,254415.81835237736,8772.959253530253,19173.497
Lower middle income,2021-05-10,2994738553,4140032.1977790836,5082894.506446774,4803167.189299656,4140032.1977790836,3177813.029524128,2029825.6824448525,1759744.02394449,19386504.207242876,387730.08414485754,441225.344
Unknown income group,2021-05-10,256806,-103.50202141581978,291.03638459732093,209.39885852194053,108.5689319727584,-103.50202141581978,-118.55347681713577,-145.20604198811395,0,0,0
Upper middle income,2021-05-10,2928345496,3672911.2112027747,4340924.862566893,4299998.734110792,3810052.203534316,3237578.706281511,2914740.7534276946,2873632.613754325,121389226.01841702,2247948.6299706856,1448633.459
High income,2021-05-17,1240988699,1731051.0482491937,1867316.8552512804,1855130.428258401,1759798.0730103592,1668817.3478996542,1626702.933877644,1624424.5391439262,122584361.11563516,1592004.6898134437,1520387.533
Low income,2021-05-17,704080579,581415.0986306301,752666.375044837,673802.655924232,581415.0986306301,196776.38779777312,83361.42856416912,41585.076591591234,254415.81835237736,8772.959253530253,19481.504
Lower middle income,2021-05-17,2994738553,4537224.255607621,5618817.105980253,5345352.612044233,4584706.114239549,3494757.0618006727,2153425.5356533104,1923756.3262192358,20042164.66584572,400843.29331691435,476812.35
Unknown income group,2021-05-17,256806,-104.76805632833441,293.5745967328768,211.56245627688637,110.6648015377639,-104.76805632833441,-121.4059517769182,-144.5552904630827,0,0,0
Upper middle income,2021-05-17,2928345496,3739686.4888321823,4417238.986459703,4368643.814821782,3874310.8230108498,3292106.1878109192,2963868.7333785724,2929774.930803195,123177416.73233333,2281063.2728209877,1486044.462
High income,2021-05-24,1240988699,1744762.4287001514,1883620.9899671564,1871758.14513505,1772837.807332326,1679692.4870049136,1636526.6260969602,1634523.7473855482,123269515.54042089,1600902.7992262454,1533565.537
Low income,2021-05-24,704080579,598725.6076069945,768897.1794893946,687789.4224461466,598725.6076069945,206006.0058451666,94708.8640340332,50135.04798510145,254415.81835237736,8772.959253530253,19933.522
Lower middle income,2021-05-24,2994738553,4897985.278222007,6048175.569533488,5937509.957246476,4995304.381786173,3790492.7869409267,2245237.8047879282,2058922.8427159127,20697825.12444856,413956.50248897116,511719.36199999996
Unknown income group,2021-05-24,256806,-105.30505576188555,298.2866279331393,214.6216726980972,112.53061783249574,-105.30505576188555,-121.8129759561722,-146.3426507790069,0,0,0
Upper middle income,2021-05-24,2928345496,3807399.376561105,4493667.617794197,4434933.044229102,3944774.4369290983,3354769.9970439356,3021026.1264476567,2983076.2803332466,124922404.20624964,2313377.8556712894,1521689.47
High income,2021-05-31,1240988699,1760289.9425227586,1901769.2841048166,1890727.8756203032,1788575.5770552377,1692616.3453191917,1648458.0603783706,1646667.7350515542,124103350.89172345,1611731.8297626423,1545844.531
Low income,2021-05-31,704080579,616510.971212499,780959.2808012275,699510.0160454885,616510.971212499,221412.88280346373,103580.10036943069,59737.21223603153,254415.81835237736,8772.959253530253,20301.525999999998
Lower middle income,2021-05-31,2994738553,5179165.88690636,6526462.68329787,6405599.429233522,5435603.634143583,4074482.5914645335,2359507.7744438266,2168542.013058788,21353485.5830514,427069.711661028,542203.396
Unknown income group,2021-05-31,256806,-105.73748823872612,302.49610252969256,217.6339995874517,114.4508768501413,-105.73748823872612,-122.22857055989783,-148.30227367120673,0,0,0
Upper middle income,2021-05-31,2928345496,3878676.489587482,4571408.398693239,4510543.804569402,4016640.7508098707,3414261.6603386523,3076146.7965738815,3037212.9863820025,126647436.52016594,2345322.8985215914,1557235.456
High income,2021-06-07,1240988699,1775674.7567358383,1919469.803969438,1909352.4512935819,1803966.8855555668,1705451.4945810484,1660568.5096859017,1658556.979342373,124907721.94930121,1622178.2071337819,1555841.546
Low income,2021-06-07,704080579,632614.1203654927,793530.8941613475,716865.2683785076,632614.1203654927,232821.8904573784,113758.56189881133,71778.50365511942,254415.81835237736,8772.959253530253,20808.536
Lower middle income,2021-06-07,2994738553,5416315.866749275,6854262.933004877,6776597.8072010875,5674465.253849785,4282958.555750173,2506509.1643627207,2257727.093951442,21514868.94824455,430297.378964891,566979.42
Unknown income group,2021-06-07,256806,-106.0587048787607,306.9416274075841,220.77444751073025,115.2465226928215,-106.0587048787607,-122.7626136230669,-150.251418333708,0,0,0
Upper middle income,2021-06-07,2928345496,3959778.2424205085,4656925.869240704,4600115.594468187,4098378.1917371876,3486271.077513013,3137548.968651588,3101353.5178943803,128783975.3405116,2384888.4322316963,1594455.436
High income,2021-06-14,1240988699,1793326.7296169268,1939747.7700136646,1930520.6025444665,1822927.0266322624,1721116.065642829,1675248.798714565,1672452.4542409305,125894498.30687895,1634993.4845049216,1564581.578
Low income,2021-06-14,704080579,649190.5767470623,806105.3108114399,735734.0635745061,649190.5767470623,251679.60750869173,121683.07452638385,83575.5272634593,254415.81835237736,8772.959253530253,21525.546
Lower middle income,2021-06-14,2994738553,5542158.004761919,7033956.436892394,6967327.528934955,5861144.289176939,4436237.824788746,2584460.193350847,2339759.4554738975,21676252.3134377,433525.046268754,598004.442
Unknown income group,2021-06-14,256806,-106.43482351464915,311.11680153026424,223.85380579565103,115.00289183014726,-106.43482351464915,-123.32410770117326,-152.1535811268752,0,0,0
Upper middle income,2021-06-14,2928345496,4041653.484323527,4742383.3671396375,4684931.038537148,4186257.068847426,3558601.4196791966,3199029.554409702,3166676.717436952,130819809.56085728,2422589.0659418013,1629671.407
High income,2021-06-21,1240988699,1808401.3698675977,1958400.8255239394,1949244.4476422654,1839056.8092087593,1734019.0748241807,1687154.0524154156,1683881.3525561115,126685074.8144567,1645260.711876061,1571697.589
Low income,2021-06-21,704080579,666097.8419051613,819141.4866024752,750652.1586357582,666097.8419051613,263834.436544064,130462.82196688361,95119.79858736637,254415.81835237736,8772.959253530253,22561.553
Lower middle income,2021-06-21,2994738553,5664431.474203962,7224128.313595199,7126236.598067902,6047490.583203491,4534323.595603784,2632150.363199258,2403918.2224317626,21837635.67863085,436752.71357261704,615279.469
Unknown income group,2021-06-21,256806,-106.54921290189709,316.2146317451016,227.14023181293976,117.08726539950676,-106.54921290189709,-123.60302530917741,-153.40737755269973,0,0,0
Upper middle income,2021-06-21,2928345496,4128176.715001475,4828465.731143053,4785326.221321936,4274601.217658851,3642132.8595507033,3275698.514120193,3234121.665947005,132950987.62120295,2462055.326318573,1665408.437
High income,2021-06-28,1240988699,1822148.2933526607,1976669.8400226582,1965314.1808231785,1854739.1632842873,1746139.8570304718,1697855.370438309,1694064.317682538,127354581.09877604,1653955.5986854031,1578214.61
Low income,2021-06-28,704080579,683627.8626031498,831665.6026714758,766673.5503179253,683627.8626031498,271912.99045568955,142741.52561847356,102350.60675001102,254415.81835237736,8772.959253530253,23635.563
Lower middle income,2021-06-28,2994738553,5784852.304438398,7475390.017214844,7259684.938712143,6210621.047533467,4645929.888428132,2677921.0061781653,2459629.3444283544,21999019.043824002,439980.38087648,628729.493
Unknown income group,2021-06-28,256806,-107.09674954724397,320.61925239624924,230.29358217217032,116.62943888561878,-107.09674954724397,-124.17359733949039,-155.19359419931715,0,0,0
Upper middle income,2021-06-28,2928345496,4223552.121995071,4924909.11282107,4896602.672130559,4367392.63539804,3729547.703200649,3350527.489660421,3308713.692929267,135138189.6015486,2502559.0666953446,1700821.437
High income,2021-07-05,1240988699,1833930.333407122,1993336.0278728406,1979621.8006488446,1867209.8787502588,1754846.2128816952,1706781.7863395193,1702143.2135499087,127845701.58051515,1660333.786759937,1583666.595
Low income,2021-07-05,704080579,702473.5320808567,842597.5253394416,792246.8892974895,702473.5320808567,282637.9098625863,156068.3356958637,110651.21922514962,254415.81835237736,8772.959253530253,25508.574
Lower middle income,2021-07-05,2994738553,5904506.953468517,7708551.265797389,7365092.29155221,6375331.75163657,4790993.714725438,2720688.8899722868,2517339.8306069565,22003132.023458436,440062.6404691687,639878.512
Unknown income group,2021-07-05,256806,-107.10784305772441,325.34449280723396,233.31167906726913,118.73674572527626,-107.10784305772441,-124.37961260520973,-156.3397558802034,0,0,0
Upper middle income,2021-07-05,2928345496,4323497.641864084,5048211.373879022,5000886.04588636,4466856.146310843,3816049.2667003893,3421668.5658226637,3383912.2212110753,137408609.3074857,2544603.8760645497,1737430.457
High income,2021-07-12,1240988699,1848600.1149593047,2013790.9853819094,1996577.242991739,1884449.0316634427,1768637.3017712,1718074.9605385573,1712450.527837904,128555810.83225423,1669555.9848344706,1588394.626
Low income,2021-07-12,704080579,721845.8587371258,852510.0010648915,817320.0247178158,721845.8587371258,297462.57384511415,168646.43011823454,120574.48495008795,254415.81835237736,8772.959253530253,26523.56
Lower middle income,2021-07-12,2994738553,6028681.546697356,7864076.666561224,7540672.526475032,6512121.900545187,4906238.005776053,2775644.203008198,2574673.321337482,22007245.003092874,440144.9000618575,653821.504
Unknown income group,2021-07-12,256806,-107.075952094232,330.55992991666847,236.30201059891073,120.42499259326073,-107.075952094232,-124.54941567718393,-157.17324388769234,0,0,0
Upper middle income,2021-07-12,2928345496,4426987.180359341,5183395.921496661,5110576.696291637,4571957.38102834,3917487.8976415363,3503110.6121482057,3464880.471871396,139636207.3693778,2585855.692025515,1774462.452
High income,2021-07-19,1240988699,1862802.5008587842,2033124.303664696,2015072.1807715946,1898691.0213628397,1781015.8679970843,1728829.8973975827,1722954.2156885546,129232282.07163379,1678341.3256056337,1592559.654
Low income,2021-07-19,704080579,739559.1739146406,869135.5483779683,838099.5088831428,739559.1739146406,313060.6147101205,176192.14451637078,130572.31599448454,254415.81835237736,8772.959253530253,27697.565
Lower middle income,2021-07-19,2994738553,6145880.258882186,8015243.129393487,7674536.558971328,6631324.415354605,5014778.268366202,2828594.120993348,2634738.763429429,22011357.98272731,440227.1596545462,665391.517
Unknown income group,2021-07-19,256806,-107.50790330298351,335.3250869704814,239.68594721139212,120.52016589243685,-107.50790330298351,-125.10735399866293,-158.52493942051507,0,0,0
Upper middle income,2021-07-19,2928345496,4533881.5706587965,5320812.9476657435,5230942.1190440385,4686403.048227949,4017662.4026975823,3587747.740760013,3553259.663657882,141863079.67126992,2627094.06798648,1813025.452
High income,2021-07-26,1240988699,1877246.5831648272,2053394.9847654349,2035462.8623925599,1913596.9301159782,1793051.3196248042,1739389.726743102,1733553.6341198666,129904695.75708076,1687073.9708711787,1597230.677
Low income,2021-07-26,704080579,758648.4730793679,889398.6296985031,861965.274412969,758648.4730793679,330322.7496290104,186995.39088386862,140201.47926431263,254415.81835237736,8772.959253530253,28689.577
Lower middle income,2021-07-26,2994738553,6280894.761231824,8268209.900494713,7811216.356436457,6789268.719526637,5164094.196053298,2895974.0704299915,2697871.9313139603,22015470.962361746,440309.41924723494,680681.519
Unknown income group,2021-07-26,256806,-107.98386872179385,339.7065279335809,241.70852078719722,120.25931208374236,-107.98386872179385,-125.67880210527952,-159.9907505628028,0,0,0
Upper middle income,2021-07-26,2928345496,4644882.849589971,5469971.962276077,5357346.039321383,4798667.602373424,4111163.1946435473,3687254.690645131,3648699.181842719,144239959.29316202,2671110.3572807782,1853607.4479999999
High income,2021-08-02,1240988699,1896784.4990836931,2080262.223157358,2059734.733564274,1933901.980770567,1808940.6234553359,1754707.4559623033,1749407.0799158649,130903095.08920725,1700040.1959637303,1602979.679
Low income,2021-08-02,704080579,776912.6353838446,907245.314155662,881967.5153128171,776912.6353838446,343701.2912458441,196919.7339668358,149632.4905014191,254415.81835237736,8772.959253530253,29717.583
Lower middle income,2021-08-02,2994738553,6416773.667836242,8503181.483297773,7960158.694807573,6954911.486974197,5321061.282493132,2972433.131915525,2761308.8356508017,22018100.393609084,440362.0078721817,695366.504
Unknown income group,2021-08-02,256806,-108.49707218905678,344.2822226318871,244.06077205498394,120.02142510488225,-108.49707218905678,-126.45188469057476,-161.3233328061303,0,0,0
Upper middle income,2021-08-02,2928345496,4748020.060243474,5590798.968423582,5470462.226978469,4899915.611186778,4205745.080069542,3778382.748639631,3729007.9889860786,145347867.55598852,2691627.1769627505,1896802.439
High income,2021-08-09,1240988699,1920013.5625290857,2110679.9337415346,2087075.1582237836,1957810.1104099608,1829322.101100774,1773651.5137106888,1768313.1090441945,132114531.13915798,1715773.1316773763,1610001.68
Low income,2021-08-09,704080579,793380.3734890114,924658.1326546421,899864.3578118134,793380.3734890114,358959.97939084895,207860.71317472192,161813.39475715422,254415.81835237736,8772.959253530253,30625.581
Lower middle income,2021-08-09,2994738553,6544663.166351199,8639080.395875154,8131866.041447312,7098351.3145400155,5463542.658028868,3044688.027363644,2821358.9305242496,22020729.824856427,440414.5964971285,711022.508
Unknown income group,2021-08-09,256806,-109.74027996437876,351.92833885993974,247.14951425562543,119.74700099151339,-109.74027996437876,-127.25442441528763,-162.85427182458747,0,0,0
Upper middle income,2021-08-09,2928345496,4847567.852540248,5736647.155378083,5571924.335923836,4998595.551896093,4297644.1560011115,3870029.127148258,3797325.881582207,146124917.39814082,2706016.9888544595,1940432.4379999998
High income,2021-08-16,1240988699,1945386.660112353,2142474.1967060477,2118231.5953755537,1982394.5191292774,1852698.9754063943,1793965.8584760113,1787151.465742338,133297539.44663677,1731136.8759303477,1618673.679
Low income,2021-08-16,704080579,809220.9509368213,941978.7451580921,917008.6519685185,809220.9509368213,374275.77843854664,214510.50280789778,176224.88499804697,254415.81835237736,8772.959253530253,31372.579
Lower middle income,2021-08-16,2994738553,6668396.400321895,8779697.938618938,8351726.8440324515,7260837.790939759,5564415.800285452,3122650.0116179334,2886914.071604162,22023359.256103765,440467.18512207526,726554.521
Unknown income group,2021-08-16,256806,-110.35229339561482,357.9066363190865,252.15880807691042,121.94340588794168,-110.35229339561482,-128.04299628068082,-162.96886479512114,0,0,0
Upper middle income,2021-08-16,2928345496,4950946.467680165,5845030.965994248,5671089.567682989,5100444.163588166,4382716.046188309,3960944.2603447344,3871382.6920621563,147019793.80029312,2722588.774079502,1984339.469
High income,2021-08-23,1240988699,1972927.0670860808,2171957.333085974,2139598.832054735,2006062.7888965348,1873440.9489288898,1812454.3893253875,1805308.4502366,133551737.50355375,1734438.1493968018,1630734.679
Low income,2021-08-23,704080579,831282.6213283463,965320.4652546607,944630.3537664883,831282.6213283463,392541.3803503633,223249.0151311554,191584.58382062908,254415.81835237736,8772.959253530253,32013.597
Lower middle income,2021-08-23,2994738553,6787075.984355462,8931279.279100262,8584316.13127855,7380971.362841493,5674521.296270416,3200447.7728683883,2960479.43954236,22025988.687351104,440519.7737470221,741406.5329999999
Unknown income group,2021-08-23,256806,-111.53617038495442,362.26996873913737,258.06668828592615,126.31919079590658,-111.53617038495442,-128.94162501025087,-164.269766703094,0,0,0
Upper middle income,2021-08-23,2928345496,5052878.902757232,5965338.32847186,5774769.182215174,5220669.593645111,4469390.791142683,4055597.831692012,3947897.39814067,148103674.52244544,2742660.639304545,2026822.49
High income,2021-08-30,1240988699,1996823.612136881,2198701.337211715,2163818.445681351,2038096.1753542689,1889761.3692237427,1827646.5542580984,1817636.066693617,133554231.46857694,1734470.538552947,1645152.67
Low income,2021-08-30,704080579,847753.4482439036,985141.8945106482,964113.1056236544,847753.4482439036,402251.71257674135,232970.476531402,206023.55768782963,254415.81835237736,8772.959253530253,32579.596
Lower middle income,2021-08-30,2994738553,6898545.480151831,9068963.606363278,8802747.482830483,7542614.944457263,5777616.086401649,3273263.477745543,3032477.203988138,22028618.118598443,440572.36237196886,756072.534
Unknown income group,2021-08-30,256806,-113.07362279995348,365.8620759462836,261.33083304573876,128.90570863489592,-113.07362279995348,-127.72297672226061,-165.62181989254643,0,0,0
Upper middle income,2021-08-30,2928345496,5146882.105532907,6075070.936449945,5878938.792440253,5306755.0113816075,4548879.266589297,4131226.8738655928,4018547.5558712673,149009457.9254966,2759434.4060277147,2065987.49
High income,2021-09-06,1240988699,2021464.1340554592,2224825.494836593,2187543.807073356,2060626.6358717482,1909307.7576183367,1842822.6819392075,1826643.2450055992,133554231.46857694,1734470.538552947,1660012.69
Low income,2021-09-06,704080579,862439.8283923846,1002402.5007060282,971074.1407732494,862439.8283923846,411481.3106117921,241565.93898842568,215951.60846562183,254415.81835237736,8772.959253530253,33102.594
Lower middle income,2021-09-06,2994738553,7007385.789588317,9232359.478795674,8992181.999127056,7671913.14219879,5877236.875346449,3331771.4136637934,3085118.0128961513,22028618.118598443,440572.36237196886,768071.535
Unknown income group,2021-09-06,256806,-116.85906956173969,368.82884304999465,263.7770561077736,130.02044566250453,-116.85906956173969,-126.5088384901324,-168.08700549069695,0,0,0
Upper middle income,2021-09-06,2928345496,5245911.996554852,6283376.640065657,5971927.323077017,5426391.229887856,4649511.360718388,4214314.036040549,4127548.130161072,149009457.9254966,2759434.4060277147,2103873.513
High income,2021-09-13,1240988699,2053247.4830119999,2250413.308869778,2211063.4267358375,2094229.7011334845,1930395.5417115623,1854534.7355341923,1840516.483562148,133554231.46857694,1734470.538552947,1678306.728
Low income,2021-09-13,704080579,877092.7752201029,1020248.5184748615,976303.9410756599,877092.7752201029,415988.80104658124,248343.74995247895,226467.52949831885,254415.81835237736,8772.959253530253,33619.586
Lower middle income,2021-09-13,2994738553,7114502.790761261,9389650.114189632,9163650.814045198,7792606.168961734,5993192.468876695,3381963.650951866,3128633.6963106585,22028618.118598443,440572.36237196886,779117.542
Unknown income group,2021-09-13,256806,-120.52575010500753,371.743097215928,265.9652921455118,130.97288276689756,-120.52575010500753,-125.28628508348567,-170.50944316410326,0,0,0
Upper middle income,2021-09-13,2928345496,5336765.126484705,6463585.562907904,6075089.261478259,5510678.3689211225,4718174.597380169,4297201.089573967,4223161.936084903,149009457.9254966,2759434.4060277147,2136873.501
High income,2021-09-17,1240988699,2071925.710547689,2265266.1271047248,2227873.5347297876,2104430.066360575,1939830.3431261661,1860938.8420127344,1848523.4398380555,133554231.46857694,1734470.538552947,1689275.872
Low income,2021-09-17,704080579,885111.7801204622,1035366.0802474994,981789.7131256564,885111.7801204622,422651.1292490647,252622.87573170618,227854.92201234316,254415.81835237736,8772.959253530253,33952.162
Lower middle income,2021-09-17,2994738553,7175650.155329093,9481032.081144596,9257967.313871706,7878192.717963857,6059978.395839782,3409026.547523841,3155753.821509688,22028618.118598443,440572.36237196886,785021.542
Unknown income group,2021-09-17,256806,-122.59819837934877,374.03625638139914,267.29404055697887,131.45388760078325,-122.59819837934877,-124.8986561007793,-171.96570564139984,0,0,0
Upper middle income,2021-09-17,2928345496,5387328.640277191,6551549.144719406,6132943.315032972,5558253.5864923075,4753015.104626638,4341360.283934095,4251708.325512459,149009457.9254966,2759434.4060277147,2155033.501
