World_Bank_income_group,date,population,estimated_daily_excess_deaths,estimated_daily_excess_deaths_ci_95_top,estimated_daily_excess_deaths_ci_90_top,estimated_daily_excess_deaths_ci_50_top,estimated_daily_excess_deaths_ci_50_bot,estimated_daily_excess_deaths_ci_90_bot,estimated_daily_excess_deaths_ci_95_bot,estimated_daily_excess_deaths_raw_estimate,daily_excess_deaths,daily_covid_deaths
High income,2020-01-01,1240988699,-5.562563445589857,10.144203450154569,7.050436730832655,0.45718102105767233,-5.562563445589857,-9.603332877792417,-11.988099371302642,0,0,0
Low income,2020-01-01,704080579,117.32623056189057,324.9952713589676,246.13416225539453,117.32623056189057,-10.215251318724059,-88.82503911148348,-141.1257923521864,0,0,0
Lower middle income,2020-01-01,2994738553,201.85083737448602,549.3494792848896,484.96459565415233,245.11213240791497,-105.93690353723548,-284.47319494045826,-338.33328045768576,0,0,0
Unknown income group,2020-01-01,256806,-0.08659234692262087,0.17677903376402931,0.1439286394575603,0.008185467230550367,-0.08659234692262087,-0.14369221162922932,-0.21919631111027923,0,0,0
Upper middle income,2020-01-01,2928345496,-930.630173917424,-821.8809137832292,-873.0173177463881,-930.630173917424,-1039.8522786261042,-1099.473580703029,-1125.8197568769535,-54482.70587081629,-1008.938997607709,0
High income,2020-01-06,1240988699,-5.1107712022443845,10.545365082434124,7.233611679831023,0.6142020885037498,-5.1107712022443845,-9.34220624916873,-11.35516096103671,0,0,0
Low income,2020-01-06,704080579,117.28212506210679,324.85754893145247,253.3965761302602,117.28212506210679,-1.3603557321660982,-76.74935209923123,-127.39814228257978,0,0,0
Lower middle income,2020-01-06,2994738553,202.64335121183828,569.5610856791478,503.00494229182806,270.11545184623236,-106.65096427204334,-278.44437931445395,-338.2503339157159,0,0,0
Unknown income group,2020-01-06,256806,-0.08668241771832087,0.17815618213535933,0.1439129478173403,0.007787110172729988,-0.08668241771832087,-0.14562334108172934,-0.21778269011099924,0,0,0
Upper middle income,2020-01-06,2928345496,-929.8838057440757,-834.1129479469408,-877.2128455496565,-929.8838057440757,-1030.9071479746788,-1079.8027868418544,-1098.2447938694977,-54482.70587081629,-1008.938997607709,0
High income,2020-01-13,1240988699,-4.957311899220434,11.114402621456177,8.785095455764758,0.9194478712435938,-5.0225433304727725,-8.693482069965267,-11.0666128878265,0,0,0
Low income,2020-01-13,704080579,117.66247371646195,333.04195413359156,245.5600853586183,117.66247371646195,-2.057075920046915,-84.98867364266185,-118.61389210677277,0,0,0
Lower middle income,2020-01-13,2994738553,238.2263640557799,589.9374711770471,519.6756661476052,273.9701356787823,-100.77961112070454,-284.53803234279707,-336.9126250556713,0,0,0
Unknown income group,2020-01-13,256806,-0.07716540520882084,0.20140337913206924,0.15783816562137004,0.030023702821890073,-0.07716540520882084,-0.14405987529311975,-0.19927963318085992,0,0,0
Upper middle income,2020-01-13,2928345496,-1175.9267175413568,-1062.0065094660958,-1099.1931271776166,-1175.9267175413568,-1272.763162506025,-1329.8541794225878,-1341.6523139566766,-67872.28158263721,-1256.8941033821704,0
High income,2020-01-20,1240988699,-7.423980053261169,11.677181254675311,7.501730976389882,-0.18692306763965508,-7.423980053261169,-12.982158236693694,-15.235424620413031,0,0,0
Low income,2020-01-20,704080579,103.86022523471864,397.4667009628856,286.07691581480685,143.17930376307112,23.463720302561878,-68.46888511353403,-130.77110903204817,0,0,0
Lower middle income,2020-01-20,2994738553,199.34875582927424,780.415492620549,721.3043290603817,356.0601446732643,-87.425627265072265,-318.5161389764294,-363.5406393096201,0,0,0
Unknown income group,2020-01-20,256806,-0.12331240650271118,0.1734148049422799,0.10459809782322033,0.005555565768449297,-0.12331240650271118,-0.2023315156354505,-0.22791854848814935,0,0,0
Upper middle income,2020-01-20,2928345496,-1481.5883720316028,-1324.1141883948585,-1365.216697537639,-1481.5883720316028,-1581.4454804200705,-1636.728203593099,-1648.4870008004123,-83851.74631863512,-1552.8101170117616,0
High income,2020-01-27,1240988699,-1374.1665120456623,-1353.7885025630026,-1358.743100342331,-1367.0318024070039,-1374.1665120456623,-1383.0242056952793,-1386.82330682478,-105193.2606672677,-1366.1462424320482,0
Low income,2020-01-27,704080579,136.20257339010956,359.2472185346224,317.8515725983159,136.20257339010956,1.496159195141411,-70.51260439499207,-176.8128016748624,59.61857972341327,2.0558130939108024,0
Lower middle income,2020-01-27,2994738553,204.2774014751829,1304.411209252108,830.834104439054,375.23547441989336,-372.6359615357122,-919.7787582987617,-1064.0029111656086,-6632.701898964909,-132.65403797929818,0
Unknown income group,2020-01-27,256806,-0.21222892995662082,0.17794910358602897,0.10042795003853987,-0.045967511789999776,-0.21258749168132993,-0.3426005420995795,-0.3777381709467589,0,0,0
Upper middle income,2020-01-27,2928345496,-770.7267280707539,-380.4963943127444,-414.26667172676946,-595.4687552667799,-890.667991352411,-996.8456249150995,-1031.654910903966,-44687.09221842006,-827.5387447855567,0
High income,2020-02-03,1240988699,-1438.9315767753674,-1403.8691530646347,-1412.7336290274627,-1427.7736240664378,-1439.9623089380955,-1447.172434681633,-1450.3297277547576,-110145.99486267097,-1430.4674657489736,0
Low income,2020-02-03,704080579,147.59981800926758,355.1065881893941,313.16142926295817,149.13286986202812,-6.357169138074511,-117.10906882046687,-174.69231644687463,59.61857972341327,2.0558130939108024,0
Lower middle income,2020-02-03,2994738553,59.67545654543992,852.1543403474055,656.9647847244299,185.7886942271669,-703.068465118743,-1367.536543978634,-1607.642933303206,-7150.556062321279,-143.01112124642557,0
Unknown income group,2020-02-03,256806,-0.20183740252814056,0.2431503864641992,0.1554257306641206,-0.030420173422920374,-0.20387974734999154,-0.33697605855881874,-0.37881446452668033,0,0,0
Upper middle income,2020-02-03,2928345496,1016.7903895438793,1517.6504521398185,1476.4457836370614,1298.1657066938867,846.798513252659,716.0803837937867,671.9928614682951,48797.422209546596,903.6559668434555,49
High income,2020-02-10,1240988699,-1361.1070546192448,-1305.2412404125218,-1318.4322693470526,-1340.7555604882702,-1361.1070546192448,-1369.237978403869,-1370.2633990879187,-103829.06152933795,-1348.4293705108826,0.143
Low income,2020-02-10,704080579,151.58128608204262,483.1043189211205,423.0655856263062,209.15970009792355,17.09256284811126,-87.84399474245987,-121.49363152614161,59.61857972341327,2.0558130939108024,0
Lower middle income,2020-02-10,2994738553,-36.43875706533913,845.1837173085463,642.4834712211518,240.7768939103293,-641.2113409839291,-1447.5123091412681,-1649.4482655075858,-7342.222728987945,-146.8444545797589,0
Unknown income group,2020-02-10,256806,-0.15199397387490118,0.2963228382256801,0.20117318130983936,-0.014825603717160503,-0.17415668720214006,-0.30916980435197905,-0.33008884172069913,0,0,0
Upper middle income,2020-02-10,2928345496,-648.845198819483,-158.94376722779546,-191.1399661166147,-401.33709642949543,-843.5218111088889,-947.7084134179556,-998.5683793909259,-40028.346699709145,-741.2656796242435,83.714
High income,2020-02-17,1240988699,-1680.1650719472825,-1613.354443518501,-1622.6897956251867,-1659.4838366502215,-1680.1650719472825,-1687.7035116570473,-1690.916139370784,-128362.36152933807,-1667.0436562251698,0.42899999999999994
Low income,2020-02-17,704080579,153.80558338545362,551.62528218692,479.8763975447085,231.23177798616092,0.22767090996428088,-164.9551969681695,-252.8744977117973,59.61857972341327,2.0558130939108024,0
Lower middle income,2020-02-17,2994738553,-87.46993096315799,985.0859741652289,803.2645922024469,253.58838081381225,-845.0951215009648,-1735.1146402515628,-1941.3892934984065,-7807.6989194641355,-156.1539783892827,0
Unknown income group,2020-02-17,256806,-0.21617998766368068,0.25618167985917073,0.15040772935977037,-0.0320087685329406,-0.22904844495206883,-0.37946180894691123,-0.4231232849358594,0,0,0
Upper middle income,2020-02-17,2928345496,-1475.7162807138707,-906.5903895245381,-960.9014173271449,-1154.5927804608073,-1676.6829698510787,-1795.5164027727299,-1834.2337382168002,-81478.55709230251,-1508.8621683759725,121.714
High income,2020-02-24,1240988699,-1407.8768888885627,-1336.986613990896,-1344.5392625221361,-1382.840449972696,-1407.8768888885627,-1415.1835070417292,-1416.8627393523398,-107278.20555527347,-1393.2234487697854,2.429
Low income,2020-02-24,704080579,105.05825790531092,451.6096629624791,325.6659512533315,105.05825790531092,-137.3019037569171,-435.4712345752929,-632.5005863420512,59.61857972341327,2.0558130939108024,0
Lower middle income,2020-02-24,2994738553,-256.49808326077573,583.3068662176353,464.86226874253344,-211.8148269910562,-1253.9251188642759,-2089.730155804663,-2467.962390317989,-8582.554649892001,-171.65109299784,0
Unknown income group,2020-02-24,256806,-0.22280226319943072,0.27241695056256005,0.15585694406895054,-0.04643251065764942,-0.22870163701971014,-0.3783673566463387,-0.4400470798478701,0,0,0
Upper middle income,2020-02-24,2928345496,-1513.3911353090718,-982.3905379786719,-1055.4479744097055,-1249.2615889203523,-1724.383312485398,-1841.9982218112407,-1890.6254482682693,-81346.70546850625,-1506.4204716390045,106
High income,2020-03-02,1240988699,-903.8893073160463,-837.4048408241633,-841.1626492531052,-879.0134693113333,-905.0280310728257,-919.2499154240204,-927.9429268167818,-68806.347591841,-893.5889297641687,11.143
Low income,2020-03-02,704080579,246.33617915932012,1266.4684472549745,1145.1519196691427,584.7449048658383,-39.84966937644225,-505.2267435658772,-551.9988610825708,59.61857972341327,2.0558130939108024,0
Lower middle income,2020-03-02,2994738553,-653.5476468619921,351.6738546687301,213.6289599179023,-653.5476468619921,-2039.3909486581485,-3172.315566227256,-4183.825637670973,-11722.606334058086,-234.45212668116173,0
Unknown income group,2020-03-02,256806,-0.17222397443410078,0.34420653703529924,0.21581506057475947,0.001499877376469499,-0.23416036188699,-0.38834097883375857,-0.43613065563884945,0,0,0
Upper middle income,2020-03-02,2928345496,-2267.477189706096,-2131.0608052628104,-2156.1186415309307,-2267.477189706096,-2791.2320211357123,-3064.5716189526875,-3105.9282783581375,-112784.76328617927,-2088.6067275218384,53.428
High income,2020-03-09,1240988699,357.65232204945477,432.2397175055039,421.74960150787405,382.05991149362535,353.08031816376945,338.75404305640336,330.6200615998848,27846.252408158947,361.6396416644019,74.28699999999999
Low income,2020-03-09,704080579,50.30253288669544,478.57587577079096,327.5205447934887,50.30253288669544,-317.32860216154836,-658.8277048647425,-835.0219614730248,59.61857972341327,2.0558130939108024,0
Lower middle income,2020-03-09,2994738553,-492.78419110038857,764.3512680138701,366.36601283784483,-492.78419110038857,-2069.7947334759774,-3081.3336781970784,-3420.022436683747,-11638.320619772372,-232.76641239544745,0.143
Unknown income group,2020-03-09,256806,-0.12104518804193112,0.35436741968970165,0.32279806274784184,0.04883118372936053,-0.1606015215327603,-0.2994192181636995,-0.34847283743523133,0,0,0
Upper middle income,2020-03-09,2928345496,-379.3101413923309,-188.92131399056953,-283.44481719097706,-379.3101413923309,-957.0058377058353,-1187.4065340544742,-1235.5109807438214,-13340.070226683127,-247.03833753116902,55.142999999999994
High income,2020-03-16,1240988699,2386.013498579534,2466.213324464064,2456.719826424291,2411.528597751864,2380.134731875181,2368.893321767902,2362.4015410813004,184170.00240815984,2391.818213092985,346.43
Low income,2020-03-16,704080579,236.29128402209935,530.0481770912527,355.4407519103302,236.29128402209935,-441.1408675832395,-733.7750814198438,-1014.2216712091599,59.61857972341327,2.0558130939108024,0
Lower middle income,2020-03-16,2994738553,-73.35419472416098,822.7885372925266,510.8239487547572,-73.35419472416098,-1784.2704282664702,-3044.615869853032,-3278.388800743691,-11471.177762629508,-229.42355525259018,2.8569999999999998
Unknown income group,2020-03-16,256806,-0.0810538894409508,0.37964957174102965,0.32817801535989133,0.08440156549205982,-0.13890122868342072,-0.32097440896910995,-0.3553308015485408,0,0,0
Upper middle income,2020-03-16,2928345496,-801.146668053385,-697.0791415170658,-754.9296332880513,-801.146668053385,-1400.3936894410976,-1653.7369585526292,-1691.6678645657116,-37750.14892097774,-699.0768318699583,104.42999999999999
High income,2020-03-23,1240988699,5045.885327902335,5135.770250660552,5126.398139097847,5071.374261740115,5041.07442036342,5025.868035982026,5020.982157365722,389541.54240815924,5058.9810702358345,1197.144
Low income,2020-03-23,704080579,95.21499635268238,440.7140693017982,287.59133701764006,95.21499635268238,-628.4201302782143,-1197.2135405595213,-1283.4777508066175,59.61857972341327,2.0558130939108024,0.9999999999999999
Lower middle income,2020-03-23,2994738553,-909.4697320794132,-417.7895582733853,-862.9359529613931,-909.4697320794132,-3027.5328340350225,-4691.1878928369515,-5213.087953166401,-11322.60633405809,-226.4521266811618,11.574
Unknown income group,2020-03-23,256806,-0.07384942261919072,0.42312121659533936,0.38792912062130913,0.11129734068128974,-0.1456768585741794,-0.28610623029642085,-0.3335893996201213,0,0,0
Upper middle income,2020-03-23,2928345496,1119.2661682403036,1869.729828660569,1589.110251032029,1132.7926976313852,511.7078693341177,172.54867789340216,-1.8227416817774988,66474.44750632743,1231.0082871542118,177.147
High income,2020-03-30,1240988699,8235.778251161935,8329.055152544577,8312.10940227506,8265.641663771401,8231.980842781048,8213.48238128051,8208.386558807713,635118.3024081594,8248.289641664407,3024.573
Low income,2020-03-30,704080579,2.9129542948198686,467.8315252106045,317.0318011077465,2.9129542948198686,-756.0631402738186,-1226.6288051344977,-1335.852930865916,59.61857972341327,2.0558130939108024,3.859
Lower middle income,2020-03-30,2994738553,-2045.5003020619008,-1567.3068611325436,-2045.5003020619008,-2045.5003020619008,-3859.002756274609,-5742.749634648737,-6594.282573724952,-11168.320619772376,-223.3664123954475,29.431
Unknown income group,2020-03-30,256806,-0.14370634040624092,0.45853081994107875,0.42460574607243123,0.16320887213615953,-0.14574518554706958,-0.29412109891366034,-0.3837312796422292,0,0,0
Upper middle income,2020-03-30,2928345496,502.12493154861164,2963.894786313906,1838.1716166004526,513.4476690555229,-517.4564570083022,-1259.5894758603604,-1527.4219979661818,35612.794332056124,659.4961913343727,235.002
High income,2020-04-06,1240988699,9096.332030103793,9204.702924614445,9177.048812297875,9129.265940884945,9089.649089297907,9067.958936389792,9050.538511625946,701065.9234834288,9104.752253031542,5221.288
Low income,2020-04-06,704080579,144.95863713120772,515.3597627305701,283.9394824679882,144.95863713120772,-739.1211683898719,-1229.8482959872538,-1300.4731267416669,496.892547977382,17.134225792323516,5.145
Lower middle income,2020-04-06,2994738553,-2000.340578604785,-1534.1422077442026,-1669.1578199322062,-2000.340578604785,-3776.625226663356,-5461.96829362244,-6081.01609019996,-22228.234598266947,-444.5646919653389,81.28699999999999
Unknown income group,2020-04-06,256806,-0.14930331915823075,0.47342610398999924,0.4148596079064612,0.17198287424487008,-0.1553451262764894,-0.37263320472896927,-0.40489312124480975,0,0,0
Upper middle income,2020-04-06,2928345496,1283.6008336889865,3616.680072627754,2384.173275373377,1283.6008336889865,42.44073949228091,-650.9102763163758,-790.5651208010736,58529.04723528211,1083.8712450978169,404.002
High income,2020-04-13,1240988699,7929.006719306059,8035.334142066625,8015.285670394641,7970.5468326169585,7917.635139112952,7900.752590183694,7894.008275066143,609839.6234834285,7919.995110174396,6268.004
Low income,2020-04-13,704080579,367.3877709187952,793.0005594608582,504.0051559828303,367.3877709187952,-760.1196570354015,-1182.8357271028583,-1252.431544199094,496.892547977382,17.134225792323516,6.002
Lower middle income,2020-04-13,2994738553,-1692.5452832056467,-1341.5023786007555,-1567.471624431708,-1692.5452832056467,-3740.1557871042037,-5427.461104110438,-6094.925645731426,-22693.94888398124,-453.8789776796248,120.289
Unknown income group,2020-04-13,256806,-0.14982903296269076,0.4799629485979212,0.4119283583086811,0.17816333476361995,-0.14982903296269076,-0.3485307517659592,-0.3944539549709403,0,0,0
Upper middle income,2020-04-13,2928345496,1042.0171796930229,3736.065307769776,2217.3042245793704,1155.2107944202505,-54.93987663229243,-727.7353063678316,-844.8888731447078,54305.11580671058,1005.6502927168625,558.433
High income,2020-04-20,1240988699,6199.220648008305,6319.247818053386,6290.121782821827,6231.549108956471,6183.092083825892,6158.256609923918,6146.980698725569,475319.5234834279,6172.980824460103,5972.002
Low income,2020-04-20,704080579,307.72299431064533,665.2866273592743,591.9585111798095,307.72299431064533,-813.3240765804143,-1285.8792534656268,-1428.014484131697,496.892547977382,17.134225792323516,9.857
Lower middle income,2020-04-20,2994738553,-1475.852059956013,-1426.1612041169785,-1475.852059956013,-1475.852059956013,-4062.546433339713,-5426.973165118125,-6335.722088184072,-22879.66316969552,-457.5932633939104,126.003
Unknown income group,2020-04-20,256806,-0.14480861328769087,0.47161296691784943,0.4142884437146091,0.15061671297680945,-0.16337321383437037,-0.34101949485798005,-0.38590570283640035,0,0,0
Upper middle income,2020-04-20,2928345496,1241.3195871074117,3481.143768327901,2585.9151964231255,1241.3195871074117,37.776221852638365,-646.9071466940209,-798.9136550164101,56575.84152099621,1047.7007689073373,916.431
High income,2020-04-27,1240988699,4383.803315291699,4531.275156450164,4484.7559293275435,4422.60161272178,4359.430935319129,4324.760068786078,4316.931188123251,332262.21348342876,4315.093681602971,5057.575
Low income,2020-04-27,704080579,469.29128804800547,930.5276505215026,625.9267587963018,469.29128804800547,-680.7311704782496,-1230.9531024855055,-1356.188790071018,496.892547977382,17.134225792323516,12.144
Lower middle income,2020-04-27,2994738553,-1249.0556192809058,-819.7734314446003,-1196.1272166656322,-1249.0556192809058,-3681.021003742937,-5052.93201182618,-6088.673952809779,-22569.66316969552,-451.3932633939104,133.571
Unknown income group,2020-04-27,256806,-0.15283451944362084,0.4661407753625407,0.4200309413346294,0.1618942113978001,-0.15283451944362084,-0.26539610016483184,-0.36694679436446914,0,0,0
Upper middle income,2020-04-27,2928345496,1313.2627234936754,4111.619083519148,2797.978725604699,1313.2627234936754,411.3710168980648,-236.9439897356818,-300.3968157494101,67758.93294956782,1254.7950546216264,1000.573
High income,2020-05-04,1240988699,3216.158756520328,3577.0368041455995,3501.187185834344,3216.158756520328,3031.452500283419,2972.5903340826244,2964.5843912910295,225288.6269242889,2925.8263236920634,4102.003
Low income,2020-05-04,704080579,469.82664530557537,1043.6893467078753,658.4722076619294,469.82664530557537,-546.1103882389629,-1099.158502565209,-1181.9534721603918,496.892547977382,17.134225792323516,14.858
Lower middle income,2020-05-04,2994738553,1100.0963316488514,2029.2139717145578,1828.1947123487225,1100.0963316488514,-807.8627042810521,-1808.109122280595,-2300.0314808792878,6923.384449352074,138.46768898704147,199.43
Unknown income group,2020-05-04,256806,-0.07997215850529076,0.46241820832880975,0.3973696443722397,0.14254267363817966,-0.13761261014097004,-0.32158009972655976,-0.3726653826288795,0,0,0
Upper middle income,2020-05-04,2928345496,4515.045130187553,7640.400061302627,6570.221111310354,4709.627676231492,3524.686033944243,2926.1057458880314,2754.3969136680084,177343.77239657223,3284.143933269856,1332.003
High income,2020-05-11,1240988699,2994.0033413120514,3602.564583372386,3475.4757885232843,3067.9847032141633,2746.1008224705297,2653.983981095102,2641.5891766174977,199164.1769242892,2586.547752263496,3396.43
Low income,2020-05-11,704080579,523.1170936622553,1013.231522034431,701.3148789592185,523.1170936622553,-451.34940464319783,-1074.162999442073,-1141.6499793621601,496.892547977382,17.134225792323516,28.002
Lower middle income,2020-05-11,2994738553,1146.6719869132035,2236.407400343707,1945.2663992803605,1146.6719869132035,-456.1601108368726,-1575.0133249427176,-1961.9049479219104,7196.241592209223,143.92483184418447,235.571
Unknown income group,2020-05-11,256806,-0.08227776007762073,0.5175250135775095,0.4068148985643596,0.14756041350980956,-0.11627727728834973,-0.3232894796323505,-0.36099446731754886,0,0,0
Upper middle income,2020-05-11,2928345496,4950.214588823244,8078.058941503817,7033.359829299718,5326.608065191368,3985.4101043280943,3374.5006501514517,3310.8308378826127,192697.2066822864,3568.4667904127114,1646.859
High income,2020-05-18,1240988699,2377.606677708895,3154.3808716095173,2921.7063217629093,2407.3942761192807,2086.6261904757444,1977.7347373976377,1959.8618284811491,146420.82692428827,1901.5691808349127,2788.86
Low income,2020-05-18,704080579,570.3945782012371,1059.7496369070388,838.5473679285165,570.3945782012371,-446.8109164094723,-986.5532586257876,-1141.9071766013556,496.892547977382,17.134225792323516,31.285
Lower middle income,2020-05-18,2994738553,2656.5702183376175,4147.237524288978,2910.809010467706,2656.5702183376175,252.86786298588794,-1442.2016640960985,-1823.991419679655,7176.241592209209,143.52483184418418,260.859
Unknown income group,2020-05-18,256806,-0.08548315728319067,0.5343093821405088,0.41877055698822063,0.1576827168463799,-0.11361324636806977,-0.3156139639143305,-0.3601265482251312,0,0,0
Upper middle income,2020-05-18,2928345496,5223.456687728207,8536.158873874268,7965.432153159815,5711.777417814293,4363.646302057938,3692.6221306361576,3569.123603885156,204373.08668228643,3784.6867904127116,1898.575
High income,2020-05-25,1240988699,1827.8384442008858,2563.4435453237857,2321.9933944124527,1913.3553434134683,1540.9809946537691,1421.685270842222,1405.0432315713053,102682.84692428813,1333.5434665491964,1810.576
Low income,2020-05-25,704080579,1256.8196214862262,1256.8196214862262,1256.8196214862262,1256.8196214862262,-334.2176527142408,-941.3802472272903,-1006.4612081910319,496.892547977382,17.134225792323516,32.716
Lower middle income,2020-05-25,2994738553,5795.299492143787,11373.024711271877,8980.014426142496,5795.299492143787,1001.6999258226203,-868.9900895306326,-1516.9292241169148,6731.955877923472,134.63911755846945,292.43
Unknown income group,2020-05-25,256806,-0.1065556001530008,0.5183633723132413,0.41881065058275146,0.16765119315818047,-0.12575248176480003,-0.34236544015301984,-0.35813384983015933,0,0,0
Upper middle income,2020-05-25,2928345496,5327.001469173136,8456.947367151692,8075.818780272206,5893.082233412922,4522.179176320979,3785.327074865811,3492.1228969779654,205046.23525371487,3797.1525046984234,2219.2850000000003
High income,2020-06-01,1240988699,1846.7328091279046,2648.049179855787,2466.06127682263,1959.1608492797527,1514.6222131188467,1384.5315297501952,1360.6316370352736,98781.20015009455,1282.8727292220071,1707.574
Low income,2020-06-01,704080579,690.1959526869435,1216.4053011203375,823.243242343498,690.1959526869435,-240.37926873535352,-708.5387313688559,-846.7898419256727,496.892547977382,17.134225792323516,42.286
Lower middle income,2020-06-01,2994738553,6863.117378235817,11949.904201618649,10317.394093515244,7337.991446391522,3696.1284563231343,1838.176912521956,904.7320089109642,79622.90825887593,1592.4581651775186,408.287
Unknown income group,2020-06-01,256806,-0.09405820638553086,0.508564540833569,0.4097165304149693,0.16325799663317994,-0.12650553441448026,-0.2998643812256397,-0.36943747324737114,0,0,0
Upper middle income,2020-06-01,2928345496,5778.578810730572,8806.22824726136,8423.57473752424,6438.0426675556155,5088.538507907669,4155.511099896617,3917.4306155286486,211854.43580671027,3923.230292716857,2309.1459999999997
High income,2020-06-08,1240988699,1700.7653337483894,2832.689570161666,2596.632730077228,1897.5494911287688,1340.9227587350551,1170.9112454306203,1153.6600947485817,79930.50015009452,1038.058443507721,1480.145
Low income,2020-06-08,704080579,1406.7187001491625,1476.3723768016027,1406.7187001491625,1406.7187001491625,-141.2264452439961,-680.4817940964082,-780.7773899532998,496.892547977382,17.134225792323516,42.144
Lower middle income,2020-06-08,2994738553,5962.429932815184,10644.060244084845,9715.027630980967,7141.477618986741,3964.278927865755,2377.8610647414107,1648.5111162000692,79770.05111601879,1595.4010223203757,508.14399999999995
Unknown income group,2020-06-08,256806,-0.07012760072100072,0.511866941973179,0.4531130792463003,0.16261829120789933,-0.11990185954610995,-0.3086401213222811,-0.36615278000768936,0,0,0
Upper middle income,2020-06-08,2928345496,6591.279565977359,9725.558762980521,9162.233258633376,7206.255353291422,5710.919300753227,4736.395777758542,4384.477571585741,227359.37866385316,4210.358864145429,2698.001
High income,2020-06-15,1240988699,1313.1857779080692,2415.3657421917696,2242.921919245621,1467.9846695767628,960.7438504714854,785.7074688944145,765.9340276947457,49866.95015009391,647.6227292219988,1242.574
Low income,2020-06-15,704080579,1417.811438863165,1686.0271280493187,1636.5132540920927,1417.811438863165,206.15016534751882,-108.08361235643628,-298.23755290298163,496.892547977382,17.134225792323516,60.288000000000004
Lower middle income,2020-06-15,2994738553,8345.691295634542,11690.219570983274,11382.501681352796,8345.691295634542,5576.994292392161,3489.539901279287,3224.772115197445,79804.33683030448,1596.0867366060897,654.428
Unknown income group,2020-06-15,256806,-0.0682181913575007,0.5087885819369985,0.44476231462949894,0.17780924426048947,-0.11302477392734031,-0.28730968800548945,-0.35934488875758014,0,0,0
Upper middle income,2020-06-15,2928345496,7004.120446923772,9367.25288220604,9084.961776177004,7583.6139155522815,6130.1823255667205,5203.501723403791,5047.088361121349,237007.07009242452,4389.01981652638,2683.428
High income,2020-06-22,1240988699,2023.7987134902687,2969.9953044025633,2840.205262483373,2133.647348540382,1576.6199324798258,1405.3186271795905,1383.2650095739425,97160.46015009444,1261.8241577934343,1250.284
Low income,2020-06-22,704080579,1375.2064297304266,1682.5917563791556,1526.8902451884353,1375.2064297304266,248.98801667725792,-160.42095058687818,-283.8503863232333,496.892547977382,17.134225792323516,51.573
Lower middle income,2020-06-22,2994738553,8027.112843967356,11947.879624221365,11437.624638262188,8881.490215344587,5772.383491700984,4303.383716788115,3873.9564690256325,80641.47968744734,1612.8295937489468,970.1439999999999
Unknown income group,2020-06-22,256806,-0.06920773319019068,0.46572096789824957,0.3931029981928498,0.17255477466740068,-0.12332448793517939,-0.29287751496594017,-0.35868954269915926,0,0,0
Upper middle income,2020-06-22,2928345496,7429.140705265772,9798.593293738548,9545.742295052889,7767.4893232742525,6491.454014754161,5587.87649892782,5317.504592105555,251912.45866385312,4665.0455308120945,3047.5719999999997
High income,2020-06-29,1240988699,1869.8411557923853,2826.692643287672,2668.393404647416,1974.8802139059387,1447.4502992424482,1279.329183529553,1248.348831603938,86659.97015009503,1125.454157793442,991.718
Low income,2020-06-29,704080579,1443.4151710145456,1754.0577858858987,1501.4802657460136,1443.4151710145456,270.98633169833244,-215.02673732290668,-357.94968498731663,496.892547977382,17.134225792323516,48.285000000000004
Lower middle income,2020-06-29,2994738553,7637.686761081091,11848.982528092018,10865.177916592469,8890.058458670585,5750.68041902871,4183.790392450833,3997.828494735996,79657.19397316164,1593.143879463233,760.427
Unknown income group,2020-06-29,256806,-0.0949077331384208,0.40979728284155975,0.38639670522303,0.18062017219323115,-0.10128738530957979,-0.23482191168419883,-0.35688346426244927,0,0,0
Upper middle income,2020-06-29,2928345496,8720.357273818028,11847.234376800223,11046.850088161142,9619.064610525686,7562.3486672945155,6651.545833882805,6256.988833576177,266588.99009242456,4936.8331498597145,2991.573
High income,2020-07-06,1240988699,1969.0115936278185,2928.4586647522474,2756.4620607593856,2083.8244172123486,1542.6082680030079,1349.3287590288996,1337.9374535047914,93033.1253113844,1208.2224066413557,903.145
Low income,2020-07-06,704080579,1037.7342723865079,1716.6884739542033,1493.9254390666108,1037.7342723865079,276.941133017351,-174.11074064780505,-395.4570792218055,624.8126148670146,21.545262581621195,46.002
Lower middle income,2020-07-06,2994738553,5874.329017567158,10678.043230044546,9735.352434553113,7654.0519077092085,5455.365181477947,4149.373870031683,4019.452310047406,65751.2185507345,1315.02437101469,837.857
Unknown income group,2020-07-06,256806,-0.09636817194983083,0.40647940816992006,0.37887422231384976,0.17876101100483965,-0.09636817194983083,-0.23135337094959033,-0.3322444834045793,0,0,0
Upper middle income,2020-07-06,2928345496,10044.776527755406,13777.412870602424,13080.822521235728,11475.154376680099,9428.672042026563,8405.043265627413,8185.404858102404,360165.3993090143,6669.729616833599,3078.713
High income,2020-07-13,1240988699,2143.08306578061,3048.9287072710836,2920.8189945408903,2247.8484451626696,1698.0835786900698,1534.019361669375,1515.2788606539918,108052.52531138589,1403.279549498518,1088.575
Low income,2020-07-13,704080579,1224.1528760222686,1939.5495633783864,1774.013928066581,1224.1528760222686,404.03628513752324,-23.688675744487124,-294.4953864831303,624.8126148670146,21.545262581621195,52.001
Lower middle income,2020-07-13,2994738553,7392.622299269227,10502.139573249924,10005.822223866498,8161.901081449193,6114.553614180892,4867.636926453127,4307.116110142892,65561.21855073451,1311.2243710146902,909.716
Unknown income group,2020-07-13,256806,-0.09143977574709079,0.4361944939099794,0.4044006295360198,0.1758683284373105,-0.09143977574709079,-0.22971418142982036,-0.35069163451874924,0,0,0
Upper middle income,2020-07-13,2928345496,10658.059373408074,14413.93875708126,13759.337197596718,11924.740498954388,9904.850804538592,8767.422518173305,8704.222804203668,380667.3478804431,7049.395331119316,3270.8540000000003
High income,2020-07-20,1240988699,2290.265097602667,3175.461073897266,3066.073810477068,2413.9899137996717,1852.7906079882835,1692.072629539382,1673.4229638993004,120486.92531138496,1564.7652637842202,1259.716
Low income,2020-07-20,704080579,1383.1124402091698,2279.083208300496,1964.1143060625511,1383.1124402091698,426.6049087120083,-9.462753271674256,-171.04137380717282,624.8126148670146,21.545262581621195,54.144999999999996
Lower middle income,2020-07-20,2994738553,8213.242593223096,11174.60442411516,10834.9211766207,9072.992835407946,6639.846676669566,5188.093982004838,4445.092865149984,65904.07569359164,1318.0815138718328,1091.286
Unknown income group,2020-07-20,256806,-0.06602421721222076,0.4962459439597598,0.4039514736215404,0.18480249386982037,-0.10522432404653938,-0.24349011968646025,-0.3463566528155093,0,0,0
Upper middle income,2020-07-20,2928345496,10654.654557272153,14067.59067128122,13802.294113627091,11975.03008835848,9923.73845572376,8860.121386510064,8711.164216469744,382494.9650233001,7083.240093024076,3359.858
High income,2020-07-27,1240988699,3150.674119516443,3906.2519829641424,3760.251257282709,3294.4073739580003,2707.7112528338475,2551.0598621788054,2537.352618120063,188181.47531138468,2443.9152637842167,1285.572
Low income,2020-07-27,704080579,1337.7872581992128,1995.818971322265,1801.7817091891368,1337.7872581992128,426.7066172993758,-42.04320413748071,-156.00337813822105,624.8126148670146,21.545262581621195,47.858
Lower middle income,2020-07-27,2994738553,8508.331806994673,11833.681256380398,10912.253903292876,9356.048960897926,6946.30765728301,5610.376918273523,5300.8381818015705,67401.2185507345,1348.02437101469,1114.999
Unknown income group,2020-07-27,256806,-0.08188947681587076,0.48177595240279975,0.42025680796496967,0.19367612003819998,-0.11149609995626983,-0.23990545647606024,-0.3508368432152392,0,0,0
Upper middle income,2020-07-27,2928345496,10740.255946663372,14202.909889733508,13609.991625182596,12028.349957877523,9836.65696132355,8851.89312083924,8528.968998165994,375826.7878804429,6959.755331119313,3622.429
High income,2020-08-03,1240988699,2973.118889824773,3691.689070231996,3568.1798149449005,3099.6992085010625,2516.206444318169,2373.5017169497687,2352.9214010813253,173881.6491823532,2258.2032361344573,1323.145
Low income,2020-08-03,704080579,1117.4364901934862,1803.1193062435275,1643.8783105224436,1117.4364901934862,310.6240658646726,-203.5949729519626,-400.89272883984194,624.8126148670146,21.545262581621195,37.145
Lower middle income,2020-08-03,2994738553,8090.1614286013955,12999.014079117154,11891.210203464318,9842.449443723272,6949.112660552216,5786.219788279034,5292.993813900594,47721.03421893731,954.4206843787463,1142.289
Unknown income group,2020-08-03,256806,-0.07476576808045075,0.45398197565330856,0.4014917156289189,0.18747315157325997,-0.10212486395887996,-0.24250491780962957,-0.3488106788126985,0,0,0
Upper middle income,2020-08-03,2928345496,8857.29533554773,12168.441798095544,11827.31995651473,10205.72195000072,8135.004594037859,7134.5637595933085,6761.000430400911,305164.27746569656,5651.1903234388255,3559.144
High income,2020-08-10,1240988699,4100.272493776265,5119.794049703624,4861.183914204871,4244.491998585352,3632.015273179317,3495.225554684498,3478.9910649170324,259749.2991823525,3373.3675218487338,1363.569
Low income,2020-08-10,704080579,1090.5341720327062,1768.973125388736,1576.5576314122927,1090.5341720327062,211.1707966488355,-202.7782452709505,-371.2283659510392,624.8126148670146,21.545262581621195,41.859
Lower middle income,2020-08-10,2994738553,8774.701059365798,13325.410128089221,12762.538542982558,10027.504292133044,7351.42594410491,5523.926132091173,5151.359481166613,49501.03421893731,990.0206843787462,1224.574
Unknown income group,2020-08-10,256806,-0.059682747550020586,0.48253914649640867,0.4122844267500008,0.1749915096459004,-0.10509102785394042,-0.2668783400075111,-0.31468069686179945,0,0,0
Upper middle income,2020-08-10,2928345496,8161.426638948193,11416.828144641071,11068.512847448235,9698.090837840513,7596.629810797419,6609.003941330099,6270.199380380356,275102.27175141097,5094.486513915018,3737.144
High income,2020-08-17,1240988699,3349.9283491289643,4372.263107113417,4119.570033152294,3490.098157001539,2889.248980229888,2746.8368762426308,2735.012775394544,201807.89918235366,2620.8818075630347,1316.145
Low income,2020-08-17,704080579,1059.5583374345156,1778.6646244903973,1614.6876741991698,1059.5583374345156,245.2598578231377,-154.94766077023226,-221.81302424530585,624.8126148670146,21.545262581621195,53.573
Lower middle income,2020-08-17,2994738553,9930.20401892464,14260.1730401911,12906.848700261102,10535.041846077338,7840.56839065032,5478.047083586209,5061.36839514076,49945.31993322302,998.9063986644604,1252.999
Unknown income group,2020-08-17,256806,-0.060130983382810574,0.4840844869443888,0.39628275834782967,0.17930781383316036,-0.11337126614216944,-0.26887873190789946,-0.353387032320138,0,0,0
Upper middle income,2020-08-17,2928345496,7159.750440744337,11230.057244408588,10806.139974071657,9345.531002113883,7159.750440744337,6252.022652713487,5967.069335985125,257728.0031799825,4772.740799629306,3420.57
High income,2020-08-24,1240988699,2739.8103880723456,3647.127019222209,3464.53502246567,2852.8733242218814,2283.4504219508012,2137.8847955407064,2123.485350828075,155033.47918235246,2013.421807563019,1276
Low income,2020-08-24,704080579,1115.2266995440605,1739.009484178783,1467.8540571895137,1115.2266995440605,241.75875408961411,-108.12825865172795,-200.08477740117712,624.8126148670146,21.545262581621195,40.858
Lower middle income,2020-08-24,2994738553,9850.788789391858,14251.52140162322,13307.968966673283,10853.640676601777,7734.956125304325,5652.980963023159,5054.003027042014,48835.31993322302,976.7063986644604,1208.7169999999999
Unknown income group,2020-08-24,256806,-0.10181372248965084,0.4011802106087994,0.381936144690841,0.153954878498699,-0.10181372248965084,-0.2543904158024997,-0.3121626064165592,0,0,0
Upper middle income,2020-08-24,2928345496,6869.815015757096,10528.533806689235,10224.630070029974,8575.526193913585,6831.301996996951,5920.372605061578,5615.139737006569,232938.66032283942,4313.678894867397,3353.428
High income,2020-08-31,1240988699,2356.3269899846514,2993.9203396932985,2913.976654317869,2452.875844238399,1895.3678974753907,1761.2503480105995,1737.6917350174776,126618.38918235291,1644.394664705882,1200.999
Low income,2020-08-31,704080579,1212.1126600038042,1486.2273272380055,1430.6558108592328,1212.1126600038042,150.49021357116501,-270.23491696743065,-377.6055914112044,624.8126148670146,21.545262581621195,34.286
Lower middle income,2020-08-31,2994738553,12559.118384666013,14892.907347050672,14007.167378211454,12559.118384666013,8142.206596428321,4817.029153343851,4434.143194586534,48856.748504651594,977.1349700930318,1359.144
Unknown income group,2020-08-31,256806,-0.06574662908737071,0.4613919582098388,0.3957380833873208,0.19876350468754048,-0.06811893654029974,-0.2046637494938703,-0.30936432750398846,0,0,0
Upper middle income,2020-08-31,2928345496,7244.005487344782,9806.567960702423,9592.008949299945,8239.837780471198,6410.739187495547,5461.4887159794225,5187.678395128341,207225.66032283954,3837.5122282007324,3070.145
High income,2020-09-07,1240988699,2846.003185629464,3485.373600114887,3422.7699496877503,2945.1323110575568,2394.714817792855,2246.022233130583,2227.852975139721,163434.360150094,2122.5241577934285,1138.859
Low income,2020-09-07,704080579,1046.9989762910466,1428.043127003784,1103.7908644433862,1046.9989762910466,-33.89169986647787,-406.6673683213673,-572.2455653065258,624.8126148670146,21.545262581621195,35.144
Lower middle income,2020-09-07,2994738553,12641.65595394267,16471.14621112941,15515.662934397682,12842.33488897308,9488.498422789931,5362.901757480868,5154.467487939085,32795.80031412831,655.9160062825662,1639.002
Unknown income group,2020-09-07,256806,-0.1177630584514608,0.46045988308418856,0.3865367166217795,0.15703741465631926,-0.1177630584514608,-0.22754861962571876,-0.2862107572487792,0,0,0
Upper middle income,2020-09-07,2928345496,7540.402102624323,10442.413211720695,9897.798522780447,8349.527125849732,6718.16380895942,5660.688352549776,5331.384072788578,227041.8586638532,4204.47886414543,3432.429
High income,2020-09-14,1240988699,2934.2997483640274,3576.795124736937,3520.6972462993785,3040.0325935506776,2479.023819212267,2341.0757276095483,2301.203986620849,170165.26015009495,2209.938443507727,1088.571
Low income,2020-09-14,704080579,929.2886241558773,1399.90852861209,944.1443651691656,929.2886241558773,-73.52558857422395,-590.7296495382153,-667.8588034140031,624.8126148670146,21.545262581621195,28.287
Lower middle income,2020-09-14,2994738553,13474.394833188044,17436.50771185413,16295.624126345734,13741.089780578597,10189.215699122315,5724.44203000439,5052.860350389209,34472.94317127117,689.4588634254233,1509.573
Unknown income group,2020-09-14,256806,-0.0964562646561008,0.4696170082528191,0.39640905615834093,0.17326557003896903,-0.0964562646561008,-0.20542473998493122,-0.2606200504549794,0,0,0
Upper middle income,2020-09-14,2928345496,7488.707704396881,9837.019692555952,9474.374867528764,8048.091630054436,6612.908295895951,5553.074520154523,5106.442323225116,209246.75009242469,3874.939816526383,2649.284
High income,2020-09-21,1240988699,2645.3628037412414,3326.5815119640324,3235.533121147614,2757.042965771746,2187.0160694874726,2033.0516746315202,2020.8201066318952,147894.99015009537,1920.7141577934465,1226.002
Low income,2020-09-21,704080579,736.7558021800044,1282.5489602050864,1037.6014584093266,736.7558021800044,-43.15328542829433,-470.8506092845067,-572.618454675124,624.8126148670146,21.545262581621195,25.429
Lower middle income,2020-09-21,2994738553,12243.85209816936,17424.33638992637,15872.557746395765,12940.343283945931,8839.692412319431,5607.791089052908,4412.45846032118,34628.65745698545,692.573149139709,1490
Unknown income group,2020-09-21,256806,-0.11268411057199086,0.450145323162929,0.3757535728430098,0.15329200895268028,-0.11268411057199086,-0.24313064050767086,-0.30602523260143816,0,0,0
Upper middle income,2020-09-21,2928345496,7817.736587961468,9646.782852665632,9379.761790397675,7906.630350270151,6461.978089409386,5564.094856239592,5181.3122542502715,209310.69085301078,3876.123904685385,2632.004
High income,2020-09-28,1240988699,2683.578962322791,3392.716700706002,3276.6738555662496,2841.3984242438237,2319.7796614345,2163.84001363436,2153.357354162084,158423.86015009473,2057.4527292220096,1303.287
Low income,2020-09-28,704080579,759.313674138353,1303.6549769728838,1208.533621023321,759.313674138353,-20.03308753702035,-571.2423308116272,-706.013661652871,624.8126148670146,21.545262581621195,22.857
Lower middle income,2020-09-28,2994738553,12928.96830233424,16858.737186142695,15831.655275180618,12928.96830233424,9087.513216959416,5172.075307800097,4531.258236502375,35522.94317127116,710.4588634254231,1393.4289999999999
Unknown income group,2020-09-28,256806,-0.11834753455209088,0.44236835478638903,0.37131531366116954,0.1634548110943209,-0.11834753455209088,-0.26193822758820057,-0.30980373372697895,0,0,0
Upper middle income,2020-09-28,2928345496,7222.0087830569355,9962.41697829073,9321.118317044062,7894.065223961741,6176.856752884853,5467.888593595609,4957.195833785812,200917.29085301067,3720.6905713520496,2674.141
High income,2020-10-05,1240988699,2582.268208276313,2941.5681094348147,2906.812595868334,2708.1212174952,2519.031350237572,2427.605778512947,2413.800158431986,180256.081762998,2340.9880748441296,1344.002
Low income,2020-10-05,704080579,1247.8009305697683,1531.0563543069895,1254.1656846274216,1247.8009305697683,61.653025631085285,-377.8461568107742,-582.297934773952,1628.2126148670145,56.14526258162119,17.144
Lower middle income,2020-10-05,2994738553,11257.037323633585,13209.138411593978,12519.162608689528,11257.037323633585,7602.34257158468,5128.079807868092,4457.163155134159,32590.396320272816,651.8079264054563,1396.999
Unknown income group,2020-10-05,256806,-0.09669232174752074,0.45309127602773935,0.41944310053943906,0.2018232975343198,-0.09669232174752074,-0.22390071903608885,-0.29622161985936,0,0,0
Upper middle income,2020-10-05,2928345496,8248.57139446669,10598.967702773512,10325.996983410523,8686.39476979224,7163.778399502616,6273.105999617262,5985.094970834513,256886.63477006165,4757.15990314929,3371.857
High income,2020-10-12,1240988699,2900.2136164256945,3136.3271736432584,3098.10046597332,2964.789883811616,2865.68152290081,2818.0688027323354,2801.833899904362,211107.23176299807,2741.6523605584166,1467.145
Low income,2020-10-12,704080579,1255.5388953410315,1578.608621295256,1255.5388953410315,1255.5388953410315,67.73640400208133,-348.8148588497886,-557.4329941369689,1628.2126148670145,56.14526258162119,23.143
Lower middle income,2020-10-12,2994738553,9858.664757452745,12116.45043862933,11621.316904203763,9858.664757452745,7245.530839368781,4858.970938868762,4575.466308494906,34174.68203455854,683.4936406911708,1300.146
Unknown income group,2020-10-12,256806,-0.08904479703569079,0.5545684061096395,0.47930554083680793,0.2493885692944993,-0.08904479703569079,-0.19093159746699123,-0.23754978537446975,0,0,0
Upper middle income,2020-10-12,2928345496,8119.16945857084,10942.062613829145,10222.07223831553,8761.53291983855,7091.744959439614,6241.730513499494,6115.039655283257,264573.6633414902,4899.512284101671,2556.858
High income,2020-10-19,1240988699,4568.491976619737,4689.933861108894,4686.79914630071,4615.412833695698,4527.687208977772,4471.270526535352,4465.511614508228,339455.78176299797,4408.516646272701,1740.143
Low income,2020-10-19,704080579,917.8399830810042,1562.5436537771309,1326.8300458517683,917.8399830810042,105.9061442216095,-309.35402676056765,-513.7300717470793,1628.2126148670145,56.14526258162119,21.574
Lower middle income,2020-10-19,2994738553,9553.228405007198,11607.54390805222,11240.940804305978,9553.228405007198,7022.986403998466,4908.840093068477,4354.145397384755,34120.39632027281,682.4079264054562,1172.143
Unknown income group,2020-10-19,256806,-0.0924997990699909,0.6927518580992095,0.5779849739290508,0.2653614893061293,-0.0924997990699909,-0.2008456499147101,-0.26752363796040013,0,0,0
Upper middle income,2020-10-19,2928345496,8546.490679451641,11064.685225397983,10713.820768232206,9125.35123028471,7510.924114615092,6559.546830733661,6358.365023823043,271453.52048434736,5026.917046006432,2524.714
High income,2020-10-26,1240988699,5816.113953810302,5980.418285287063,5946.273842109195,5853.050151374175,5753.461561289335,5711.290798588712,5701.362538502255,435035.4417629981,5649.810931986988,2275.572
Low income,2020-10-26,704080579,815.2698487124843,1438.5539392925682,1227.301674115047,815.2698487124843,85.3696159483592,-479.2418165314585,-525.8973861074987,1628.2126148670145,56.14526258162119,22.145
Lower middle income,2020-10-26,2994738553,9104.499864630416,11425.113529800095,10802.038764742096,9104.499864630416,6400.602128563387,4682.339365305354,3935.6766306266404,34083.25346312996,681.6650692625991,1057.145
Unknown income group,2020-10-26,256806,-0.2131316233158911,0.8002185812873359,0.6669457715350493,0.3326936586769509,-0.2131316233158911,-0.2613444238683003,-0.31748776129892897,0,0,0
Upper middle income,2020-10-26,2928345496,9031.597850909058,11806.014505189967,11007.55314495754,9674.3426779839,7959.883083929054,6997.373753159023,6775.68123782065,282975.1276272046,5240.280141244529,2676.285
High income,2020-11-02,1240988699,7421.480828089747,7577.359778421417,7532.407988006836,7448.649437578568,7340.256850164572,7294.592206833141,7290.446168078268,556557.2368167613,7228.016062555342,3045.714
Low income,2020-11-02,704080579,942.1902130686918,1634.7450023526067,1479.1476778091585,1023.5495985351774,446.121416121878,68.82587719802277,-9.020713881778196,1628.2126148670145,56.14526258162119,19.717
Lower middle income,2020-11-02,2994738553,9682.340623999811,12736.129365765677,11844.032153045426,9682.340623999811,6696.6280242817065,5159.951343553753,3876.7160681240252,46634.56221889013,932.6912443778027,975
Unknown income group,2020-11-02,256806,-0.11266892912930111,1.0040430397046562,0.8474716154644183,0.3822597738639015,-0.11266892912930111,-0.2547270928385091,-0.34602387723101935,0,0,0
Upper middle income,2020-11-02,2928345496,12054.116358871715,14539.136686912314,14212.758798107025,12252.394061216299,10236.860049020439,9286.770844413699,9042.114671252893,376162.83513872494,6965.978428494906,2736.29
High income,2020-11-09,1240988699,7796.877950795849,7962.077442148202,7920.589004708076,7835.881958981455,7719.967063652596,7677.808835075753,7667.957687986668,586209.9368167615,7613.116062555344,4337.002
Low income,2020-11-09,704080579,1044.6088253189635,1735.7234115633687,1571.7569951129628,1129.4121895545497,540.6454625841778,131.90707657537433,65.05654547804265,1628.2126148670145,56.14526258162119,60.714999999999996
Lower middle income,2020-11-09,2994738553,9944.40454389163,12533.91569745479,11792.851217750469,9944.40454389163,6777.845903641347,5247.224590196526,3994.5187271285677,45881.705076032995,917.6341015206599,1127
Unknown income group,2020-11-09,256806,-0.25689474029291093,0.9088455704313276,0.7960505635835686,0.39210870123999014,-0.25689474029291093,-0.26658437402681906,-0.3397458839315094,0,0,0
Upper middle income,2020-11-09,2928345496,12585.650639007776,15112.404895406436,14703.63801419893,12759.928525861429,10692.551276148908,9800.89372608794,9376.966560072997,394820.09228158207,7311.483190399668,2805.149
High income,2020-11-16,1240988699,7956.286750095693,8122.88470536655,8099.790094557482,7985.765569893692,7872.720035964602,7830.225228580845,7823.675850114039,598685.5868167615,7775.137491126773,4885.286
Low income,2020-11-16,704080579,988.5216833935873,1707.2574118958094,1624.53185873831,1099.8117458387799,473.67962381479816,174.34332242516095,62.12501200227595,1628.2126148670145,56.14526258162119,29.002
Lower middle income,2020-11-16,2994738553,8771.404548547245,12439.298350938736,10792.002123115659,8833.69501059021,6118.161750017173,4324.346392081627,3833.664594435783,46453.13364746156,929.0626729492312,1025.43
Unknown income group,2020-11-16,256806,-0.20520827777719056,0.8806566005225371,0.7631668121839498,0.40252310117481016,-0.20520827777719056,-0.23151088961423955,-0.3208293461461801,0,0,0
Upper middle income,2020-11-16,2928345496,12490.264273107821,15183.277140551168,14688.276853834761,12928.314195246385,10859.792417883142,9820.316418204326,9163.733359260854,394163.6065672963,7299.326047542524,3143.715
High income,2020-11-23,1240988699,7917.777935007967,8085.416574890995,8060.357811205553,7944.695956482456,7831.393553763702,7790.622841570103,7783.23597469074,595931.1868167614,7739.366062555343,5616.716
Low income,2020-11-23,704080579,970.3386093375151,1761.5278282845188,1614.5119073913268,1125.941935308939,504.25698344825855,160.84449820931522,-8.848394623813238,1628.2126148670145,56.14526258162119,45.431
Lower middle income,2020-11-23,2994738553,9235.63046023398,12656.419639906466,11397.654442096007,9235.63046023398,6380.996002713138,4655.33238241751,4446.7403033714445,45918.84793317584,918.3769586635168,1181
Unknown income group,2020-11-23,256806,-0.37477267550556986,0.8697980038007098,0.7534593741878569,0.38270584537902014,-0.37477267550556986,-0.37477267550556986,-0.37477267550556986,0,0,0
Upper middle income,2020-11-23,2928345496,12637.026787542613,14865.905400270285,14467.712051503951,12827.624560197746,10996.917220161828,9838.73079807731,9082.521637494467,384959.0494244392,7128.871285637763,3196.1420000000003
High income,2020-11-30,1240988699,8269.874142973811,8441.262848353106,8411.577661356636,8301.663935231241,8200.400919338887,8161.3001507431045,8156.133883122548,624961.2868167615,8116.380348269629,5763.4310000000005
Low income,2020-11-30,704080579,1075.3652206352535,1882.4165506136817,1748.972549987708,1250.7672844405308,624.8033797667174,289.3157910606494,-0.9798831076457611,1628.2126148670145,56.14526258162119,38.859
Lower middle income,2020-11-30,2994738553,9100.110354319606,12425.03357987133,11180.440716737077,9100.110354319606,6421.67209090021,4562.82216314096,4246.014119388059,46475.990790318705,929.5198158063741,1065.5729999999999
Unknown income group,2020-11-30,256806,-0.4310048169883801,0.9416374720703703,0.7408867302102471,0.3913434068018103,-0.4310048169883801,-0.4310048169883801,-0.4310048169883801,0,0,0
Upper middle income,2020-11-30,2928345496,12894.633612578133,15026.247316175926,14750.068433410339,12894.633612578133,11027.535833958462,9918.736433687565,9115.404643043074,384362.0279958678,7117.815333256811,3512.575
High income,2020-12-07,1240988699,8657.910540931392,8826.23196562576,8802.58996241883,8680.296297049932,8592.82211978533,8560.622070238518,8552.53236055387,655557.3669242884,8513.732037977772,6344.999
Low income,2020-12-07,704080579,1430.1788912721581,2057.4797636521116,1958.8320559995066,1430.1788912721581,699.3518874035541,348.15438762409343,223.8856666504978,1628.2126148670145,56.14526258162119,44.858
Lower middle income,2020-12-07,2994738553,9625.513050840778,12350.432777299533,11372.497776853488,9625.513050840778,6610.979964655627,4993.065166202601,4664.407066885654,64234.036873268204,1284.680737465364,1073.999
Unknown income group,2020-12-07,256806,-0.42322004929394014,0.9511014601696204,0.8237320970685605,0.41084770066289966,-0.42322004929394014,-0.42322004929394014,-0.42322004929394014,0,0,0
Upper middle income,2020-12-07,2928345496,14080.56533603778,16126.763008745525,15694.73440397213,14080.56533603778,11986.286717533952,10994.359043996217,10420.366054461534,449849.30330176343,8330.54265373636,3539
High income,2020-12-14,1240988699,8024.912171366012,8212.467124084726,8189.243104490121,8088.202204007127,7996.796537468394,7968.200430653609,7958.934738542482,610468.9169242884,7928.1677522634855,6523.1449999999995
Low income,2020-12-14,704080579,1557.7576050935277,2345.6088074542463,2071.335281928259,1603.8124983720024,867.8950054860699,456.27991675154226,351.5063008659766,1628.2126148670145,56.14526258162119,52.285000000000004
Lower middle income,2020-12-14,2994738553,9697.661315355685,11815.617590493835,11268.342548314966,9697.661315355685,6831.470146737288,5628.033780391115,4931.05024023894,63882.60830183963,1277.6521660367926,987.857
Unknown income group,2020-12-14,256806,-0.30431782289537906,0.9613088109291306,0.7829323223165102,0.4602697357249588,-0.30431782289537906,-0.30431782289537906,-0.3461255814449999,0,0,0
Upper middle income,2020-12-14,2928345496,14077.416813304124,16282.526856379583,15745.450758571213,14077.416813304124,12059.24344061156,11184.502611393596,10549.682836022628,461190.07473033475,8540.556939450644,3608.572
High income,2020-12-21,1240988699,8074.832332161797,8254.002365279594,8198.36966811014,8117.396252714172,8033.882508269151,8006.54308937617,7995.2363788346565,613767.2669242884,7971.003466549199,6985.288
Low income,2020-12-21,704080579,1558.291710231122,2346.68505099682,2192.778175359494,1647.2424704910673,946.4989811422191,480.6538936393633,386.83973071857275,1628.2126148670145,56.14526258162119,60.715
Lower middle income,2020-12-21,2994738553,9589.73249119637,11207.408743528369,10671.002584493957,9589.73249119637,6611.918904222993,4983.83337847883,4446.535748185369,64182.60830183963,1283.6521660367926,969.1419999999999
Unknown income group,2020-12-21,256806,-0.4884544633185802,1.0767845739160204,0.8694742840382368,0.41719117275339024,-0.4884544633185802,-0.4884544633185802,-0.4884544633185802,0,0,0
Upper middle income,2020-12-21,2928345496,14140.819059949337,16804.8782924175,16196.84502744168,14214.642079321744,12442.232899292678,11406.904756198719,10952.208396467004,493322.71044462046,9135.605748974453,3778
High income,2020-12-28,1240988699,8360.764328383098,8501.997132296672,8454.489827412344,8386.800001067777,8321.831000284896,8297.711538178124,8282.549512267022,636972.3610508984,8272.368325336343,5958.142
Low income,2020-12-28,704080579,1766.2097319354311,2521.3386505778058,2323.997004413442,1766.2097319354311,947.8407341847973,478.72829208307417,376.5060677579346,1628.2126148670145,56.14526258162119,76.289
Lower middle income,2020-12-28,2994738553,9596.022668582447,11431.148801478337,10528.815359425946,9596.022668582447,6616.256379826561,4922.9736102081515,4364.404371638162,61916.02839869184,1238.3205679738367,861.284
Unknown income group,2020-12-28,256806,-0.4837997186555404,1.11299689796352,0.8665792987932005,0.4293898091789104,-0.4837997186555404,-0.4837997186555404,-0.4837997186555404,0,0,0
Upper middle income,2020-12-28,2928345496,14160.3923148756,17076.77331751532,16306.495640432173,14772.125768553198,13174.693405317375,12173.825059516976,11973.382072638145,539661.343430174,9993.72858204026,3596.144
High income,2021-01-04,1240988699,7867.795667675694,8030.526908005833,7961.904223985862,7896.811805558465,7830.337901084335,7802.8441927236745,7786.368983779206,598935.5414685216,7778.383655435346,6737.569
Low income,2021-01-04,704080579,1706.1002406379598,2655.839300284697,2341.0211662970296,1758.6175711793617,910.590184460871,361.29079740735,275.37658517079774,0,0,42.002
Lower middle income,2021-01-04,2994738553,8856.881991113461,9913.370308998614,9355.868681047943,8856.881991113461,5927.699874713672,4018.5187142743926,3789.9930538195877,39899.90937826184,797.9981875652367,816.429
Unknown income group,2021-01-04,256806,-0.5111927617978709,1.0652862070251599,0.8106115152294008,0.37617934691093907,-0.5111927617978709,-0.5111927617978709,-0.5718495511122,0,0,0
Upper middle income,2021-01-04,2928345496,12550.745129656823,14879.031644759914,14302.262137679583,12921.479636091944,11419.088275264443,10541.457732562587,10288.858618143078,470876.74570960685,8719.93973536309,3825.427
High income,2021-01-11,1240988699,7357.783473391238,7485.981920908283,7448.0412838385155,7392.200139444052,7325.330214801932,7293.277163352749,7283.099479087127,560002.673474189,7272.761993171286,7994.286
Low income,2021-01-11,704080579,1874.4420943633395,3033.402562527628,2530.4821523498,1933.2655784306296,1006.893538654624,487.5383868362487,330.37156736504716,0,0,50.285
Lower middle income,2021-01-11,2994738553,8513.068484181442,9552.287731330387,9053.329060246013,8513.068484181442,5764.067001283804,4174.6472204889,2727.2376051748784,39882.052235402596,797.6410447080519,773.714
Unknown income group,2021-01-11,256806,-0.5696587636211724,1.0589690383395924,0.7605869190635389,0.3179258625713798,-0.5696587636211724,-0.5696587636211724,-0.5696587636211724,0,0,0
Upper middle income,2021-01-11,2928345496,13973.591015604028,16200.988854468267,15528.88978687057,14192.666933897877,12815.068551752687,11855.96269638811,11586.193309152823,550585.7599952554,10196.03259250473,4446.999
High income,2021-01-18,1240988699,7473.522114659727,7581.615890664888,7551.7481622223295,7504.249200202733,7433.449811380787,7404.726874299409,7396.847677907089,568640.6068075225,7384.9429455522395,8192.283
Low income,2021-01-18,704080579,1886.129821826688,3069.5386314549023,2684.8050713161233,2100.2987894643193,1127.3384215804658,601.2812005803142,403.3193775026497,0,0,74.431
Lower middle income,2021-01-18,2994738553,7753.658278935565,9030.252003215921,8562.292327016257,7753.658278935565,5095.504736092018,3305.0344141735177,1829.60154026614,39320.14747349784,786.4029494699568,849.287
Unknown income group,2021-01-18,256806,-0.4112748600107208,1.0493237353398595,0.8463243609234901,0.3378038373031791,-0.4112748600107208,-0.4112748600107208,-0.5232677258245793,0,0,0
Upper middle income,2021-01-18,2928345496,14006.046972136233,16282.070363435054,15300.764673968088,14054.208442099787,12781.684661540667,11862.254676492614,11446.73395759332,547988.1028523986,10147.927830599974,4766.142
High income,2021-01-25,1240988699,6138.6255376729405,6215.70812699857,6197.77826609424,6156.654162211003,6098.493252298011,6071.317989716894,6056.606630729077,465680.97347418877,6047.80485031414,8399.001
Low income,2021-01-25,704080579,1836.8539265804902,2771.2624094706694,2559.473945516435,1883.0323370355425,1092.498817174476,601.656165775866,448.28762447218145,0,0,99.574
Lower middle income,2021-01-25,2994738553,6743.002920245322,8532.862957238774,7791.100505984922,6760.5137126439795,5087.325811781277,3071.0823386716165,1528.742753262472,39114.19509254546,782.2839018509092,828.858
Unknown income group,2021-01-25,256806,-0.37486415893140085,1.0450392876284433,0.6827632025945993,0.2928400134353701,-0.37486415893140085,-0.38834160672936086,-0.4857526964970299,0,0,0
Upper middle income,2021-01-25,2928345496,12004.8003594647,14131.419317883534,13659.103441446256,12132.63721199573,10930.31090242429,9845.034335503975,9423.759663660952,447697.8885666843,8290.701640123783,5302.003
High income,2021-02-01,1240988699,4628.5796873312875,4715.762131266762,4693.820778331954,4649.806996958653,4585.963967801234,4548.8440855615645,4541.710427277032,348631.32899884414,4527.679597387586,8124.856
Low income,2021-02-01,704080579,1706.1887480959197,2535.584235347522,2271.9331380795456,1803.3220070879797,961.6290688910736,553.2434509708676,413.4110154781923,0,0,65.286
Lower middle income,2021-02-01,2994738553,6558.8733097241475,7799.839489631244,7147.241549059535,6558.8733097241475,4843.013836407264,2827.093519427679,1410.0263591145178,38008.0364639102,760.1607292782039,763.286
Unknown income group,2021-02-01,256806,-0.3799159543871507,1.067378053404453,0.6879665088845689,0.28669607614641046,-0.3799159543871507,-0.3799159543871507,-0.4968979083993301,0,0,0
Upper middle income,2021-02-01,2928345496,10090.344697100836,11690.243802804798,11267.535405530527,10128.197202755513,8733.13945967619,7854.282067267705,7558.092229627676,357747.73080409085,6624.957977853534,5359
High income,2021-02-08,1240988699,3202.4963814230464,3309.139869819614,3277.887194293849,3219.4172809945317,3151.862698268071,3118.9609733289903,3107.883936062598,236566.44566551148,3072.2915021494996,7331.715
Low income,2021-02-08,704080579,1832.001733719694,2617.1073347248625,2403.662780182666,1832.001733719694,1046.6194933949323,642.8280089990931,448.0277215106809,0,0,63.285
Lower middle income,2021-02-08,2994738553,6537.83800375375,7487.887813318614,7167.601375170994,6537.83800375375,4801.118118689005,2859.2532471654813,1550.6697626938596,36005.65551152924,720.1131102305849,682.285
Unknown income group,2021-02-08,256806,-0.38886588019086066,0.8487318581129116,0.6908967241615206,0.2915817569119203,-0.38886588019086066,-0.38886588019086066,-0.48654811136102943,0,0,0
Upper middle income,2021-02-08,2928345496,8897.41434813208,10147.120693142055,9843.059168719145,8897.41434813208,7424.489210169558,6566.2782685073425,6182.1763066695385,301079.2950898052,5575.54250166306,4624.288
High income,2021-02-15,1240988699,2642.320949302526,2745.9160477855617,2706.582538099982,2655.0355729832704,2591.0454479415057,2556.7077959910753,2547.5312370008032,192943.37899884448,2505.758168816162,6141.861
Low income,2021-02-15,704080579,1800.0844501094693,2734.627089044026,2383.6635149873346,1800.0844501094693,1053.8375415496184,562.5642097446971,442.7594332760959,0,0,52.858
Lower middle income,2021-02-15,2994738553,6626.168347220016,7365.280315759059,7128.270961201559,6626.168347220016,4610.309229882135,2757.2391328856015,1724.7475387124946,36420.12181499973,728.4024362999946,602.857
Unknown income group,2021-02-15,256806,-0.35367815660809043,0.9580939949490169,0.7208050149103192,0.27695149441307954,-0.35367815660809043,-0.36338212709498935,-0.5013147830712616,0,0,0
Upper middle income,2021-02-15,2928345496,8803.14583313477,10310.731092711809,9908.836815188308,8803.14583313477,7342.415251646771,6502.0968355812165,6069.349457733047,294977.23080409074,5462.541311186866,4816.857
High income,2021-02-22,1240988699,1603.3251616974842,1720.3105394487127,1680.9026823929073,1621.64116780185,1555.9921378342597,1519.6722853271142,1507.5059769317986,112805.07899884436,1465.0010259590176,5081.86
Low income,2021-02-22,704080579,1832.4034892482591,2630.544491805183,2453.004656047639,1832.4034892482591,1014.7314561287128,573.7333512585444,517.8272198975892,0,0,51
Lower middle income,2021-02-22,2994738553,7039.567624546631,7615.745462750149,7173.051171490428,7039.567624546631,5091.612377707063,3123.2238893037356,1277.7222441496199,36420.12181499973,728.4024362999946,616.142
Unknown income group,2021-02-22,256806,-0.3466391908411607,1.0088505869310909,0.6817307914268704,0.30267713647016975,-0.3466391908411607,-0.3466391908411607,-0.4969622613474301,0,0,0
Upper middle income,2021-02-22,2928345496,8517.662880477792,9705.373434390827,9439.788606756016,8517.662880477792,6992.746991666517,6065.048571544894,5552.417502650639,274097.61651837645,5075.881787377341,4204.861
High income,2021-03-01,1240988699,689.5847670471969,863.9626877237071,836.5941238967973,722.0104317101622,653.8549268791427,616.0833796781881,603.2715184059145,43093.35295159562,559.6539344363067,4730.859
Low income,2021-03-01,704080579,1813.204930403133,2489.004181019283,2359.8143161522867,1813.204930403133,1041.0410641127528,577.6012261880992,524.8636969653165,0,0,47.428
Lower middle income,2021-03-01,2994738553,8411.763424256376,8573.076174308953,8411.763424256376,8411.763424256376,5844.669634684823,3831.740210107394,1754.054762912713,67614.16689718008,1352.2833379436017,670.857
Unknown income group,2021-03-01,256806,-0.33619107111284,0.9433024245769216,0.6967365706099498,0.2825933053282796,-0.33619107111284,-0.3649140650696092,-0.47640611280045175,0,0,0
Upper middle income,2021-03-01,2928345496,10090.01375847903,11224.654889835878,10803.515864349532,10090.01375847903,8437.907803226288,7411.8016250764895,7136.200293744069,356176.524386571,6595.861562714278,4287.146
High income,2021-03-08,1240988699,1005.9468397407519,1197.9117338831238,1159.522905028867,1053.5380512605848,974.0927492545759,933.2942451180547,921.4579827398813,66911.67792154469,868.9828301499309,4169.714
Low income,2021-03-08,704080579,1932.918780975679,2577.7259536624283,2514.6417753719793,1932.918780975679,1088.298592413115,681.5153211232489,471.1026230432637,0,0,48.715
Lower middle income,2021-03-08,2994738553,7993.129867156517,8841.889584833485,8442.7058526516,7993.129867156517,5849.924230301247,3988.4069419777334,1818.8157590792669,67614.16689718008,1352.2833379436017,596.572
Unknown income group,2021-03-08,256806,-0.33159318666105,0.9860448135977108,0.7254337729289395,0.3059216291674801,-0.33159318666105,-0.3553544574309591,-0.48400292880333073,0,0,0
Upper middle income,2021-03-08,2928345496,9973.531099249123,11617.696100871945,11228.448281976689,9973.531099249123,8383.89792383238,7467.895664237844,7061.757480012651,352522.0101008566,6528.185372238085,4348.429
High income,2021-03-15,1240988699,1435.8770994181336,1605.388835169127,1592.9373417231886,1465.5709268652138,1391.843753665066,1345.4740098993507,1335.053261085516,99984.27792154452,1298.4971158642145,3684.714
Low income,2021-03-15,704080579,2081.978302973489,2793.12420018058,2631.846173014116,2081.978302973489,1223.9219595165032,739.5357961299575,574.5817452328002,0,0,63.715
Lower middle income,2021-03-15,2994738553,9179.951150111183,10094.237827201554,9787.424049190815,9179.951150111183,6507.251886238262,4906.069108592321,3024.231167833953,67614.16689718008,1352.2833379436017,644.288
Unknown income group,2021-03-15,256806,-0.33587150315188985,1.0210497517410322,0.7216478911236608,0.27217437901910996,-0.33587150315188985,-0.3402377839985117,-0.49049123063721217,0,0,0
Upper middle income,2021-03-15,2928345496,10466.663551808324,12240.496824557344,11629.792380848596,10466.663551808324,8844.982657551394,7740.383342164824,7635.106285230353,360257.12438657094,6671.428229380943,4592.431
High income,2021-03-22,1240988699,2282.587675955819,2442.147168162655,2421.4936594704072,2321.2878965997425,2234.9055745715577,2193.7905194371624,2186.1690916588636,164865.02792154532,2141.104258721368,3455.717
Low income,2021-03-22,704080579,2058.435451029382,2897.2482792442397,2723.6613581407805,2164.921848356003,1289.238517936949,730.7990687164017,580.9264649537178,0,0,69.004
Lower middle income,2021-03-22,2994738553,9194.079366717135,10668.724109509627,10252.02623480604,9194.079366717135,6521.0541888470025,4373.889600108536,3020.0775794660226,67614.16689718008,1352.2833379436017,727.717
Unknown income group,2021-03-22,256806,-0.32399669291376,1.1167336881338426,0.7947415048168188,0.2930653722489598,-0.32399669291376,-0.3747445180654204,-0.4765255720114496,0,0,0
Upper middle income,2021-03-22,2928345496,10208.668147189905,12089.190395073543,11861.101530295206,10363.428131589912,8754.986275512438,7817.845681045038,7564.54255441764,342397.53861055186,6340.695159454664,5435.43
High income,2021-03-29,1240988699,2261.3936751700726,2448.9130672767424,2419.3481458334754,2302.30325282273,2212.472665111429,2171.4504325035464,2162.353916137462,163360.66792154414,2121.5671158642094,3696.997
Low income,2021-03-29,704080579,2209.1765052823393,3035.402433807823,2930.7212009266304,2262.7128241402374,1372.9717009081583,759.4236890733218,632.6026224586167,0,0,82.859
Lower middle income,2021-03-29,2994738553,9804.961989596792,13891.50983816435,13110.850008174759,10565.589613255,7905.433897528621,5434.266004201588,4455.372368872461,67614.16689718008,1352.2833379436017,932.285
Unknown income group,2021-03-29,256806,-0.3473147451278101,1.073788359556779,0.805701178282979,0.34073585760297065,-0.3473147451278101,-0.3473147451278101,-0.44918763856067956,0,0,0
Upper middle income,2021-03-29,2928345496,11529.97071176387,13683.842068694952,13066.035087818926,11529.97071176387,9738.373543348225,8736.620744966858,8534.110272200702,368344.05715113267,6821.186243539494,5620.573
High income,2021-04-05,1240988699,3060.4672368110787,3269.8792208027894,3238.0808265342375,3109.477620842039,3013.9081484973317,2970.9574073430126,2956.8839199602116,223967.0134514202,2908.6625123561066,3298.431
Low income,2021-04-05,704080579,2340.2628995573664,3068.4348500735678,2957.310244935347,2340.2628995573664,1420.2840671983422,887.7509175605043,791.9717818126676,0,0,90.001
Lower middle income,2021-04-05,2994738553,16702.459115002795,22876.4415553498,21821.383642950495,17750.742236897844,12976.744108065475,9031.865069005034,7831.518220875612,107317.16689717997,2146.343337943599,1262.287
Unknown income group,2021-04-05,256806,-0.35015958940171993,1.1493302140406791,0.7710431637730183,0.32772881926373953,-0.35015958940171993,-0.35015958940171993,-0.4216475418007196,0,0,0
Upper middle income,2021-04-05,2928345496,12460.266104844062,14505.599805649608,13853.788601285443,12460.266104844062,10418.033713062969,9393.122819750646,9139.027310327732,368674.211288515,6827.300209046574,5679.714
High income,2021-04-12,1240988699,2840.521196726998,3039.172756930103,3018.3007691040434,2903.420585684533,2795.4281490448366,2750.7276140852227,2739.6953677524693,206790.73345142085,2685.5939409275434,3840.143
Low income,2021-04-12,704080579,2665.2942774064454,3415.026480959783,3317.849829672076,2665.2942774064454,1640.2448357760145,975.1602164768829,876.2935407660127,0,0,80.715
Lower middle income,2021-04-12,2994738553,20732.617221389868,29335.259464361858,27622.542640895594,22689.253277673637,16086.496036548653,11417.13525278448,10370.215284599279,107317.16689717997,2146.343337943599,1854.7169999999999
Unknown income group,2021-04-12,256806,-0.3561206181188702,1.1340987125070787,0.8038285839791995,0.35269166227739984,-0.3561206181188702,-0.3561206181188702,-0.44857773593405903,0,0,0
Upper middle income,2021-04-12,2928345496,12525.268121820154,14654.820177790563,14082.827049523346,12564.621623625777,10694.587647503962,9760.47460279814,9692.320321418629,380377.2970028006,7044.0240185703815,6915
High income,2021-04-19,1240988699,3160.966419020871,3366.384269971824,3321.6419200468117,3204.9923323007374,3098.109474486197,3054.3708897560396,3043.414987943279,230855.43345142048,2998.1225123561103,3438.863
Low income,2021-04-19,704080579,2481.310924689292,3381.7714932361537,3267.9499580416814,2481.310924689292,1420.384042835199,833.7820062642752,775.6553658326342,0,0,103.85900000000001
Lower middle income,2021-04-19,2994738553,21531.29094686481,41569.98461707632,38639.059932912,28624.070086457814,20742.293130800696,16889.340191193976,16303.656515720257,107317.16689717997,2146.343337943599,2365.003
Unknown income group,2021-04-19,256806,-0.23813943133554097,1.0344057609031172,0.8678214253356901,0.40414080668952135,-0.23813943133554097,-0.3235032615534295,-0.4300208519563189,0,0,0
Upper middle income,2021-04-19,2928345496,12716.367793823234,14639.549784292672,14391.764303530364,12716.367793823234,10956.24200351632,9853.921274234193,9676.582893192066,385994.47985994356,7148.045923332288,6581.573
High income,2021-04-26,1240988699,2852.4742286897836,3078.81446580989,3058.0902683321656,2945.023984576111,2817.311946759331,2777.500822976317,2770.7432808786616,208852.13345141982,2712.365369498959,3246.288
Low income,2021-04-26,704080579,2395.133727006586,3263.86722995633,3112.6761611306338,2395.133727006586,1377.977558565177,780.3279467863439,694.7653246172797,0,0,87.86
Lower middle income,2021-04-26,2994738553,32407.516336439046,67221.41761488373,63443.337684760256,45914.165262682254,29294.991394836485,21826.07037459605,19815.500182969092,107317.16689717997,2146.343337943599,3493.0009999999997
Unknown income group,2021-04-26,256806,-0.22671069870825092,1.0102573462493698,0.8657452939503,0.3879842434055707,-0.22671069870825092,-0.33255006743654936,-0.4235643955910693,0,0,0
Upper middle income,2021-04-26,2928345496,12084.908572677627,14669.865798259194,13960.824086569579,12468.310694170208,10638.055204515327,9687.901010803169,9356.886242613002,374228.3086239884,6930.153863407193,6575.144
High income,2021-05-03,1240988699,2522.642449829694,2907.124716864203,2826.9706076014677,2659.767785352962,2490.5409702730276,2441.840169368763,2427.438383016449,181329.05354082058,2354.92277325741,2897.287
Low income,2021-05-03,704080579,2312.514315031618,3263.721708686249,3112.664261487217,2312.514315031618,1272.8216772083754,754.4283462247264,685.5947164861515,0,0,69.573
Lower middle income,2021-05-03,2994738553,47945.08492248765,82048.23352260253,75798.77674410265,58131.78143443245,37020.95522246315,23912.64892027117,21598.56968082356,93665.77980040578,1873.3155960081156,4483
Unknown income group,2021-05-03,256806,-0.2796790985239903,0.9034742030531113,0.6884400584311257,0.3436299702425989,-0.2796790985239903,-0.3136099728978589,-0.4293138631499697,0,0,0
Upper middle income,2021-05-03,2928345496,10105.314050020192,12825.284346034226,12059.122982294002,10512.511693458055,8397.3107296366,7341.537125411356,7159.727607380608,275073.34770232945,5093.950883376471,6270.716
High income,2021-05-10,1240988699,2743.4839175588418,3267.502556891378,3218.1839901499084,2859.725233985165,2460.078399964664,2338.8838943153532,2323.492906070789,170730.00354082053,2217.2727732574094,2567.856
Low income,2021-05-10,704080579,2247.1685754572636,3221.0836825026117,2941.870403670268,2247.1685754572636,1244.2969077479047,726.607519972741,664.4349672892876,0,0,75.856
Lower middle income,2021-05-10,2994738553,55733.40407692506,83320.70508473054,79215.35508198131,61802.246465111966,38031.45040561468,24150.22168975042,21294.796978965333,93665.77980040578,1873.3155960081156,4908.429
Unknown income group,2021-05-10,256806,-0.29712037205333963,0.7793296443897301,0.6277250420805294,0.3428178571360499,-0.29712037205333963,-0.3287523751054801,-0.4150875770197498,0,0,0
Upper middle income,2021-05-10,2928345496,9486.658802270791,12710.787495885905,12271.959717789663,10116.081402841575,8062.230589010433,7192.775896679507,6880.746118807858,263881.6677023296,4886.69755004314,5699.001
High income,2021-05-17,1240988699,2378.6856762704488,2942.469653378818,2851.1950209461593,2494.046744025495,2067.6374251388834,1923.8191719756373,1903.3085591319536,137873.55354082075,1790.5656304002694,2162.138
Low income,2021-05-17,704080579,2209.691634381196,3030.685463423391,2929.338090639292,2209.691634381196,1190.9373948202551,697.4020973302628,644.6059120413194,0,0,44.001
Lower middle income,2021-05-17,2994738553,56741.72254693396,85244.87999211007,83633.15363675228,66682.1161725529,40519.09855390889,22065.940941200784,20543.292699691687,93665.77980040578,1873.3155960081156,5083.858
Unknown income group,2021-05-17,256806,-0.1808621303592311,0.45261788441792933,0.3626017336508395,0.1639985810593497,-0.1808621303592311,-0.26564592580073965,-0.31167092774150934,0,0,0
Upper middle income,2021-05-17,2928345496,9539.32537562964,12103.164076968596,11771.130629500632,9813.168532260923,7864.314363258309,7007.47324310857,6830.584405597378,255455.816273758,4730.663264328852,5344.429
High income,2021-05-24,1240988699,1958.768635851099,2618.242678811401,2370.4300137748137,2023.7298938425665,1561.3250724137479,1426.629031632247,1406.3007816874506,97879.20354081996,1271.1584875431163,1882.572
Low income,2021-05-24,704080579,2472.9298537663353,3088.4990503599506,2962.4849787021394,2472.9298537663353,1370.72555333528,954.869929509742,804.8294827378625,0,0,64.574
Lower middle income,2021-05-24,2994738553,51537.2889449122,83924.72493690971,80290.58739806036,63048.349594751584,39831.5764173659,17893.89519929215,15312.907942441781,93665.77980040578,1873.3155960081156,4986.716
Unknown income group,2021-05-24,256806,-0.07671420479302073,0.5652102606742793,0.49568788838097105,0.236953269222929,-0.07671420479302073,-0.1647350145330598,-0.23741058582866917,0,0,0
Upper middle income,2021-05-24,2928345496,9673.269675560367,12342.761932893922,11779.872731508516,9856.427873006334,8044.674898669533,6906.5631917838045,6770.022216548462,249283.92484518653,4616.368978614565,5092.144
High income,2021-05-31,1240988699,2218.2162603724637,2876.4574579133946,2715.761358659121,2325.5299634810153,1857.168135541447,1709.463705043675,1680.8534128255455,119119.33590036565,1547.004362342411,1754.142
Low income,2021-05-31,704080579,2540.7662293577946,3167.002271380312,3098.00228297201,2540.7662293577946,1470.5411573005692,1001.3449084150617,802.9519311326305,0,0,52.571999999999996
Lower middle income,2021-05-31,2994738553,40168.65838347914,78576.53505698852,72720.4968395234,59032.76148809683,32025.205192858255,15801.395895036136,12291.545442172848,93665.77980040578,1873.3155960081156,4354.862
Unknown income group,2021-05-31,256806,-0.06177606812008075,0.5562417200678983,0.4872111895964997,0.2576143174935005,-0.06177606812008075,-0.1456254695272202,-0.20039802544487906,0,0,0
Upper middle income,2021-05-31,2928345496,10182.444718053886,13903.923257968321,12633.688997473351,10804.630521408815,8758.39100219814,7673.63370983528,7079.026220848241,246433.1877023293,4563.5775500431355,5077.9980000000005
High income,2021-06-07,1240988699,2197.830601868503,2808.646363172765,2665.4774147845947,2303.212491308042,1845.0916637808332,1683.2433673639202,1656.926783211104,114910.15108253593,1492.3396244485186,1428.145
Low income,2021-06-07,704080579,2300.4498789991003,3138.0803970154384,3030.6849528419802,2300.4498789991003,1449.265887091926,1006.6174566524821,828.9383243562135,0,0,72.42999999999999
Lower middle income,2021-06-07,2994738553,33878.56854898765,66216.60787695501,61443.85996495438,44137.89051793153,23857.419858575588,14354.257038718728,11787.031153119458,23054.76645616435,461.095329123287,3539.4320000000002
Unknown income group,2021-06-07,256806,-0.04588809143351076,0.5110920665003096,0.47488184879496026,0.2517097256665498,-0.04588809143351076,-0.11421955649899944,-0.21109855019918908,0,0,0
Upper middle income,2021-06-07,2928345496,11585.964690432374,15064.751072634743,13974.877846872456,11929.474148309651,10136.51160831714,8827.745248888668,8288.70957664152,305219.8314779529,5652.219101443572,5317.14
High income,2021-06-14,1240988699,2521.7105565243332,3163.3534265531594,3025.6334087247496,2645.512481272539,2169.7044360972923,2003.0295142208374,1985.0678426510628,140968.05108253594,1830.7539101628042,1248.576
Low income,2021-06-14,704080579,2368.0651973670824,3271.673797520367,3214.8548454065913,2368.0651973670824,1531.9461180744745,1089.961965773654,927.040798337588,0,0,102.42999999999999
Lower middle income,2021-06-14,2994738553,17977.448287520765,37363.87084942756,35546.269047097645,27664.20751550809,16941.079767703253,11915.49739108627,10328.583475287502,23054.76645616435,461.095329123287,4432.146
Unknown income group,2021-06-14,256806,-0.05373123369835079,0.5118322058184609,0.4535195632740305,0.23387344078938058,-0.05373123369835079,-0.12956927145839964,-0.22986625211924974,0,0,0
Upper middle income,2021-06-14,2928345496,11696.463129002652,15253.103537182276,14118.988041410666,12178.650300318564,9860.235170269108,8485.402272129752,8002.465793707926,290833.46004938154,5385.804815729288,5030.853
High income,2021-06-21,1240988699,2153.520035810135,2792.7954720986927,2674.8350139712784,2275.7966397931027,1800.80771972398,1634.016497158474,1618.0114377620603,112939.50108253524,1466.7467673056524,1016.573
Low income,2021-06-21,704080579,2415.323594014145,3365.182561364396,3110.0534212845346,2490.556741078839,1708.9927903811326,1204.4784575522187,1065.4554142794725,0,0,148.001
Lower middle income,2021-06-21,2994738553,17467.638491720358,34684.36442039613,31810.846807441663,23554.02295629898,14257.99604424921,9165.538136837837,8019.852031421603,23054.76645616435,461.095329123287,2467.861
Unknown income group,2021-06-21,256806,-0.01634134103542055,0.5898509980620315,0.4783890915955518,0.2986529680831505,-0.01634134103542055,-0.10905620754359988,-0.17911377511779045,0,0,0
Upper middle income,2021-06-21,2928345496,12360.46152542112,16408.047611376525,14819.817504947618,12915.611989370549,10800.810803256463,9104.652059366594,8847.599964064915,304454.0086208101,5638.037196681668,5105.29
High income,2021-06-28,1240988699,1963.8462121518596,2617.568170378999,2483.0587294859556,2128.4562591390204,1664.1592317349928,1484.8109263945742,1448.4184957481696,95643.75490276178,1242.1266870488544,931.0029999999999
Low income,2021-06-28,704080579,2504.2886711412225,3451.7508820342537,3194.7426090563645,2567.080045101236,1739.689479135943,1167.4424434020477,1013.9757436973937,0,0,153.43
Lower middle income,2021-06-28,2994738553,17202.975747776625,32657.88852310979,30037.81289793571,22358.628272774793,13863.927643337138,8643.910518657574,7873.332081898674,23054.76645616435,461.095329123287,1921.432
Unknown income group,2021-06-28,256806,-0.07821952076384078,0.47044879469232065,0.4504786227472212,0.21857142605114996,-0.07821952076384078,-0.14770218436562943,-0.22978186672487907,0,0,0
Upper middle income,2021-06-28,2928345496,13625.05814194222,16739.55837814451,16089.74920157876,13779.958309178655,11558.523999844592,10082.9694641566,9358.06528806347,312457.42576366727,5786.248625253097,5059
High income,2021-07-05,1240988699,1683.1485792087303,2561.06295508066,2380.953556246572,1894.1232151806785,1371.221871266466,1189.003548323421,1143.8243913960694,70160.06881987178,911.1697249333998,778.855
Low income,2021-07-05,704080579,2692.2384968152815,3704.0500574401585,3485.9858651541135,2854.9934543677155,1787.8823425204055,1206.2305829565405,1112.8003401589697,0,0,267.573
Lower middle income,2021-07-05,2994738553,17093.521290016968,35659.97559309558,31331.67975683968,23168.645615911857,13667.181722748966,8443.480752363905,6799.602901580362,587.5685192051677,11.751370384103355,1592.7169999999999
Unknown income group,2021-07-05,256806,-0.0015847872114907772,0.6069801057336303,0.5002946472548403,0.3061188893603702,-0.0015847872114907772,-0.09125332600490997,-0.1507414828860895,0,0,0
Upper middle income,2021-07-05,2928345496,14277.931409859024,17701.78493853995,17034.556791496892,14761.208197634967,12493.877537357075,10720.715700290222,9951.792041214896,324345.67227672425,6006.401338457857,5229.86
High income,2021-07-12,1240988699,2095.6830788832535,2959.9361997312562,2880.229317042794,2334.6573601283753,1755.0914578349245,1549.8963546342507,1518.6141702631842,101444.178819871,1317.4568677905324,675.433
Low income,2021-07-12,704080579,2767.475236609855,3954.2824334953643,3643.6589808906574,2851.534146137182,1729.1495545170942,1047.0114361387627,956.4718586087661,0,0,144.998
Lower middle income,2021-07-12,2994738553,17739.227604119824,36546.62718356674,31739.726452742278,23115.95982697254,14628.48255086479,9457.266515537249,7850.759005130194,587.5685192051677,11.751370384103355,1991.856
Unknown income group,2021-07-12,256806,0.004555851927489182,0.6096896593223089,0.5179730212272595,0.3196702202012998,0.004555851927489182,-0.059312357833440014,-0.11640788399448014,0,0,0
Upper middle income,2021-07-12,2928345496,14784.219785036823,18299.096074405843,18102.994776338724,15769.422488003142,13109.943788512614,11566.892951474425,10813.118862560592,318228.2945560159,5893.116565852147,5290.285
High income,2021-07-19,1240988699,2029.6794772263308,2910.1156494767242,2803.9025810617595,2275.9535724949933,1695.373970477839,1513.232045705482,1484.6355529723644,96638.74848279335,1255.0486815947188,595.004
Low income,2021-07-19,704080579,2530.473596787831,3643.7806935450485,3463.2588059732398,2666.7308743914914,1663.0618586753908,1098.4355809769377,912.0596231976826,0,0,167.715
Lower middle income,2021-07-19,2994738553,16742.67316926149,33977.91440544323,28813.44807221742,22130.06241272956,14638.652614712688,9618.780497446673,7564.408145338161,587.5685192051677,11.751370384103355,1652.859
Unknown income group,2021-07-19,256806,-0.06170731553593078,0.5973036163291586,0.48341951606877187,0.2502392806128391,-0.06170731553593078,-0.12232976172389923,-0.18318036364613918,0,0,0
Upper middle income,2021-07-19,2928345496,15270.627185636346,19351.53719543471,18484.24612141524,16333.105123630932,13793.54301631155,12249.024479942791,11667.62472366869,318124.6145560161,5891.19656585215,5509
High income,2021-07-26,1240988699,2063.440329434736,3031.4569316908655,2906.4617045891696,2319.8209257084127,1751.0096541446235,1553.0495391203735,1508.54704085232,96059.09792099503,1247.5207522207147,667.289
Low income,2021-07-26,704080579,2727.042737818186,3610.922652204129,3375.340214143854,2747.3399514665575,1794.7083542180226,1229.885847011947,1094.1641206580748,0,0,141.716
Lower middle income,2021-07-26,2994738553,19287.786049948212,36575.0289554837,32342.739376847156,23309.03492878791,15191.434868787872,10374.985442854799,8001.993252371574,587.5685192051677,11.751370384103355,2184.286
Unknown income group,2021-07-26,256806,-0.06799505983005079,0.5268585564823198,0.4529313476873106,0.23269020512840874,-0.06799505983005079,-0.1364529836429687,-0.20152108107530922,0,0,0
Upper middle income,2021-07-26,2928345496,15909.805861807119,20056.44456531302,19327.476663978778,17424.739900284723,14613.360247350394,12881.850166157172,12612.376169038087,339554.23169887316,6288.0413277569105,5797.428
High income,2021-08-02,1240988699,2791.1308909533996,3887.7823066505944,3812.18052754481,3061.7455206221134,2480.5491334262456,2138.0335625951398,2102.386923078545,142628.4760180697,1852.3178703645412,821.286
Low income,2021-08-02,704080579,2609.1738272072944,3510.3269669681745,3189.3061652183296,2656.968616306186,1652.1395094557865,1252.6344185362052,1035.0197841035483,0,0,146.858
Lower middle income,2021-08-02,2994738553,19411.27237205979,36651.717976729014,32069.31506610949,23970.898779924595,16287.787542286711,10869.563494825168,9062.24036172504,375.6330353342,7.512660706684,2097.855
Unknown income group,2021-08-02,256806,-0.07330926676504088,0.5390507241035388,0.49644904205289186,0.24574638257577078,-0.07330926676504088,-0.14495653621128035,-0.19036889190393044,0,0,0
Upper middle income,2021-08-02,2928345496,14786.367536425358,19055.781007533562,17534.88938682718,15483.050717679416,12928.50721520833,11028.517143456678,10666.111665807259,158272.60897521384,2930.974240281738,6170.713
High income,2021-08-09,1240988699,3318.4376350560756,4400.188762172909,4346.469138855398,3588.2690958863955,3010.7128405750695,2665.371264392915,2581.5559310252356,173062.29285010474,2247.562244806555,1003.143
Low income,2021-08-09,704080579,2354.05213703383,3308.3591098840693,3035.5674023702313,2461.239534941909,1628.6398480753846,1121.9085356122227,1043.1436592379198,0,0,129.714
Lower middle income,2021-08-09,2994738553,18270.65822725044,34445.89423049911,32246.540825549804,23813.402829698953,16253.111761007389,10321.330757635009,8371.818103578227,375.6330353342,7.512660706684,2236.572
Unknown income group,2021-08-09,256806,-0.17760111076028098,0.6511308969525594,0.5131285644852839,0.2333208555099299,-0.17760111076028098,-0.17760111076028098,-0.21870557406530997,0,0,0
Upper middle income,2021-08-09,2928345496,14281.712914609005,19274.28012632355,17891.01450950169,15406.341936495637,12674.32843837959,10527.472750295543,9945.892408617692,111007.1203074715,2055.687413101324,6232.857
High income,2021-08-16,1240988699,3624.728226181057,4589.603544645402,4403.970482610021,3710.4914085096502,3036.289957129884,2691.192965061147,2562.2085307503885,169001.18678268458,2194.8206075673324,1238.857
Low income,2021-08-16,704080579,2262.9396354014066,3407.1183936553916,3242.511619684906,2457.0162890929173,1596.0396938570245,1075.5542442175463,983.5758148896228,0,0,106.714
Lower middle income,2021-08-16,2994738553,17676.18640015253,32267.00847346197,31313.49823297468,23229.67546898234,15739.963202504412,9747.297439402906,7789.724237334899,375.6330353342,7.512660706684,2218.859
Unknown income group,2021-08-16,256806,-0.08743049017658085,0.8712792687145803,0.7167272604079787,0.34780368487785096,-0.08743049017658085,-0.11209071208334943,-0.1319108221916988,0,0,0
Upper middle income,2021-08-16,2928345496,14821.148456901115,19167.42581774622,18159.17638703543,15682.358785071447,12847.91987626166,10540.340687342525,9846.030155723683,127839.4860217572,2367.3978892918,6272.433
High income,2021-08-23,1240988699,3934.2928546026556,4802.776348779802,4392.051705681509,3934.2928546026556,2530.8727672520718,2121.0172786368103,1968.2036073496247,36314.00813099607,471.61049520774117,1723
Low income,2021-08-23,704080579,3151.667198789302,4076.9224668253855,3849.5203384277506,3151.667198789302,2073.187693830769,1417.7195232350632,1359.8714849988853,0,0,91.574
Lower middle income,2021-08-23,2994738553,16952.250006532944,32269.90867031248,30341.86167021729,23452.291645244786,15779.573535664254,10500.733021826582,8635.835060964582,375.6330353342,7.512660706684,2121.716
Unknown income group,2021-08-23,256806,-0.1691252841913711,0.9239359041991209,0.8439828870022501,0.3480337696051196,-0.1691252841913711,-0.1691252841913711,-0.1858431297104101,0,0,0
Upper middle income,2021-08-23,2928345496,14677.811245746043,19224.526089295843,18010.388599622722,15754.720956894602,12607.096488599977,10561.911420200504,9798.228496611226,154840.10316461461,2867.4093178632334,6069.003
High income,2021-08-30,1240988699,3414.72764592824,5010.811327724705,4494.870204143094,3414.72764592824,2219.345027150169,1535.0196201736067,1319.4423070266328,356.28071759879936,4.6270223064779135,2059.713
Low income,2021-08-30,704080579,2352.975273651026,3377.441874835507,3297.5881987113876,2524.941095647709,1680.218825399287,1109.7127661325426,899.5605386471747,0,0,80.857
Lower middle income,2021-08-30,2994738553,15921.962405067754,31094.014649892193,28398.553370971353,21837.30944611673,14388.657761860004,9916.485611441163,7731.192008638772,375.6330353342,7.512660706684,2095.143
Unknown income group,2021-08-30,256806,-0.21963605928558086,0.95147173609707,0.8065785017627397,0.37627651207009843,-0.21963605928558086,-0.21963605928558086,-0.21963605928558086,0,0,0
Upper middle income,2021-08-30,2928345496,13481.509268164256,19629.818438133203,17480.614903768692,14725.339065835477,11435.713598414373,9533.37213724315,8957.927339992428,129397.62900731049,2396.2523890242683,5595
High income,2021-09-06,1240988699,4092.5357612460325,5561.436306034853,5293.3683133648865,4092.5357612460325,2327.63116146987,1524.8177084242911,1353.381901943786,0,0,2122.86
Low income,2021-09-06,704080579,2123.332223789733,3038.285807433597,2909.426871952376,2172.452407833608,1271.070010680482,539.2326276168975,399.2919828824422,0,0,74.714
Lower middle income,2021-09-06,2994738553,15542.598623193542,29522.709005651162,27690.153512994733,20506.17797422069,13839.96334244034,8115.139432243737,6736.539420166475,0,0,1714.143
Unknown income group,2021-09-06,256806,-0.5407781088266008,1.0765644871351494,0.866071316304798,0.2875322531314609,-0.5407781088266008,-0.5407781088266008,-0.5407781088266008,0,0,0
Upper middle income,2021-09-06,2928345496,14135.51404054995,25595.465088947913,22264.083445805714,16871.46478435784,11607.099162024222,8325.941056282481,7623.249624074728,0,0,5412.289
High income,2021-09-13,1240988699,4086.064153795923,5883.75763585116,5643.755908439947,4086.064153795923,2343.2664916795516,1558.7148742185063,1421.1233693661852,0,0,2613.434
Low income,2021-09-13,704080579,2115.3716180951274,2955.1328461402863,2886.9780522236183,2115.3716180951274,1250.2831632954678,577.0650790928439,375.2805227471812,0,0,73.856
Lower middle income,2021-09-13,2994738553,15384.32161117905,29231.22048584071,26100.554501587132,19238.23236547228,13714.183181252347,7660.685957993232,6412.019104725265,0,0,1578.001
Unknown income group,2021-09-13,256806,-0.536565480751431,1.115067895330949,0.8938723687696202,0.31733611627953995,-0.536565480751431,-0.536565480751431,-0.536565480751431,0,0,0
Upper middle income,2021-09-13,2928345496,14175.807937094523,23292.622622051942,20125.978639241734,15798.861427335001,11129.613413034434,8070.491049979676,6950.53380157454,0,0,4714.284
High income,2021-09-15,1240988699,4696.538129760409,7147.681332053395,6500.584365226538,4778.487516740254,2622.0475432221792,1255.644880880639,529.2308534631708,0,0,2672.717
Low income,2021-09-15,704080579,2034.5665713964652,3050.538925388949,2734.440566376051,2034.5665713964652,1054.6549992404648,278.066390080442,207.67378720497499,0,0,80.29
Lower middle income,2021-09-15,2994738553,13972.154087960898,27545.73655397332,24629.258639107313,18641.814106635495,10976.909368889563,4889.430972684157,4229.70643533021,0,0,1447.574
Unknown income group,2021-09-15,256806,-0.5312911776388509,1.0988751458421888,0.85276021967196,0.2746464665154316,-0.5312911776388509,-0.5312911776388509,-0.5312911776388509,0,0,0
Upper middle income,2021-09-15,2928345496,13198.804395550906,21797.265286591475,18943.16917487971,14795.768144146563,9979.604542175823,7435.948057692784,6758.766702950678,0,0,4669.997
