World_Bank_income_group,date,population,estimated_daily_excess_deaths_per_100k,estimated_daily_excess_deaths_ci_95_top_per_100k,estimated_daily_excess_deaths_ci_90_top_per_100k,estimated_daily_excess_deaths_ci_50_top_per_100k,estimated_daily_excess_deaths_ci_50_bot_per_100k,estimated_daily_excess_deaths_ci_90_bot_per_100k,estimated_daily_excess_deaths_ci_95_bot_per_100k,estimated_daily_excess_deaths_raw_estimate_per_100k,daily_excess_deaths_per_100k,daily_covid_deaths_per_100k
High income,2020-01-01,1240988699,-6.282418385040681e-4,7.625029844004735e-4,5.488154376482621e-4,-2.1518448137133023e-5,-6.282418385040681e-4,-8.316768851963227e-4,-0.0010321343297410317,0,0,0
Low income,2020-01-01,704080579,0.01666375043727638,0.04640324578354673,0.035874876370382953,0.01666375043727638,-9.612052850810249e-4,-0.012554920487666871,-0.01955465333859178,0,0,0
Lower middle income,2020-01-01,2994738553,0.006718717615651137,0.018370348136982344,0.01618387978805232,0.008105900161870086,-0.003413374781323029,-0.009499099500872464,-0.011505487646652235,0,0,0
Unknown income group,2020-01-01,256806,-0.03371897343622068,0.06885993073603394,0.05604566850367994,0.0033217338898975718,-0.03371897343622068,-0.0559378293577367,-0.08507353379959937,0,0,0
Upper middle income,2020-01-01,2928345496,-0.031842319147702726,-0.02810864258246606,-0.029976103333476327,-0.031842319147702726,-0.03558478110925142,-0.037536585335366086,-0.038397962691454436,-1.8605286140326485,-0.034454233593197194,0
High income,2020-01-06,1240988699,-5.877034499181175e-4,7.77206126897926e-4,5.736635755595752e-4,-8.694188572479653e-6,-5.877034499181175e-4,-8.105081560701433e-4,-9.789113222506741e-4,0,0,0
Low income,2020-01-06,704080579,0.016657486168512366,0.04634741861748594,0.035627869477222206,0.016657486168512366,-1.577718375153741e-4,-0.010901163332523316,-0.01769671777216934,0,0,0
Lower middle income,2020-01-06,2994738553,0.006745181155734073,0.019033203854693776,0.016796704462652662,0.00898635283125351,-0.0035590559413259553,-0.00929595404775925,-0.011503132388217681,0,0,0
Unknown income group,2020-01-06,256806,-0.03375404691413786,0.0693961909368587,0.0560395581946451,0.0031453981337235064,-0.03375404691413786,-0.05670558362410899,-0.0848043620908387,0,0,0
Upper middle income,2020-01-06,2928345496,-0.03181683143887985,-0.028035054951192965,-0.030026127907988757,-0.03181683143887985,-0.03524375981715826,-0.037097560747899265,-0.03775836011790137,-1.8605286140326485,-0.034454233593197194,0
High income,2020-01-13,1240988699,-5.740970317258217e-4,8.154733002484534e-4,6.623922019699997e-4,1.4869437572389822e-5,-5.740970317258217e-4,-7.840527432940454e-4,-9.829931138515388e-4,0,0,0
Low income,2020-01-13,704080579,0.016645699607368652,0.04639226983993245,0.03635115103604962,0.016645699607368652,-2.3105697399864987e-4,-0.013543484952509243,-0.016649292719367898,0,0,0
Lower middle income,2020-01-13,2994738553,0.007933365440078229,0.01970344867116966,0.017342987542259772,0.009231715829878523,-0.003285866447535025,-0.009401628049641933,-0.011458837321118496,0,0,0
Unknown income group,2020-01-13,256806,-0.03004813174490504,0.07844862623693341,0.06146202410433169,0.011692983638361281,-0.03004813174490504,-0.05609677160701843,-0.07759929019604679,0,0,0
Upper middle income,2020-01-13,2928345496,-0.04019535001882196,-0.035843243661358014,-0.037619748149290526,-0.04019535001882196,-0.04387615245456025,-0.04581553182863882,-0.04610456688864316,-2.317768913379516,-0.04292164654406511,0
High income,2020-01-20,1240988699,-7.949994691172541e-4,6.932367708765831e-4,5.094650920722064e-4,-9.29818399997873e-5,-7.949994691172541e-4,-0.001134360817574718,-0.001270167414944656,0,0,0
Low income,2020-01-20,704080579,0.016229345876004247,0.04769783634285645,0.03704703989889989,0.01668509433717749,1.4746128587105363e-4,-0.010311485759200878,-0.019018992855728795,0,0,0
Lower middle income,2020-01-20,2994738553,0.006756006742738765,0.021165874709237073,0.017296398939580782,0.008411511776032403,-0.0056375650108908435,-0.012503462939542277,-0.01578982224527071,0,0,0
Unknown income group,2020-01-20,256806,-0.04795278325598357,0.0673787470895189,0.04487295563113023,0.0027886668019905707,-0.04795278325598357,-0.0784805187790007,-0.08961871511137566,0,0,0
Upper middle income,2020-01-20,2928345496,-0.05045885084542354,-0.045152727932669084,-0.04637706455009751,-0.05045885084542354,-0.05405637485705342,-0.05617506828405858,-0.05641310403746457,-2.8634512708002924,-0.0530268753851906,0
High income,2020-01-27,1240988699,-0.10778992310735934,-0.10634876884914518,-0.10643486975367239,-0.10714255891300553,-0.10779239733166585,-0.10847828130567785,-0.10866959712042752,-8.238918470592486,-0.10699894117652578,0
Low income,2020-01-27,704080579,0.019184484704998114,0.04479218933584283,0.03963692240800736,0.020087701640826995,-1.0361737776215774e-4,-0.014975467504727925,-0.024967123656626636,0.008467579067169991,2.9198548507482723e-4,0
Lower middle income,2020-01-27,2994738553,0.0072161338191347865,0.042411089789839485,0.03656818716045421,0.012560771516345109,-0.015195184355094609,-0.03336814896453743,-0.040964612623549786,-0.2214784957545143,-0.004429569915090287,0
Unknown income group,2020-01-27,256806,-0.08264173343170363,0.07020126538299297,0.03789240831127772,-0.017386138599086436,-0.08315053136903353,-0.1307400636235723,-0.1453919886986164,0,0,0
Upper middle income,2020-01-27,2928345496,-0.022568067422714205,-0.0072528286873939215,-0.008001269628554972,-0.01492298469315063,-0.026567463679319198,-0.0305424956303537,-0.03183692459178822,-1.3386381051657736,-0.024789594540106923,0
High income,2020-02-03,1240988699,-0.11397649688328014,-0.11114063267483933,-0.11175516620433432,-0.11298982626504867,-0.11405401502334055,-0.1147018839545235,-0.11506082963090429,-8.709182598665413,-0.11310626751513522,0
Low income,2020-02-03,704080579,0.021637882680385898,0.05812476127816342,0.04437949668625988,0.02213562481291263,-4.959554652073236e-4,-0.020520459726094967,-0.024149649256928925,0.008467579067169991,2.9198548507482723e-4,0
Lower middle income,2020-02-03,2994738553,0.0021067906097826414,0.028473420561531113,0.024063741032071692,0.006724568324682554,-0.02342833876168146,-0.04430988407959547,-0.05348300286206881,-0.238770628412893,-0.00477541256825786,0
Unknown income group,2020-02-03,256806,-0.08342449132759777,0.08761040809568671,0.056521141944078174,-0.009933584806628459,-0.08342449132759777,-0.13368489679917878,-0.15874884492016506,0,0,0
Upper middle income,2020-02-03,2928345496,0.0346901211765966,0.05162508767456917,0.05028127587555906,0.043984237852217965,0.02926831976005262,0.024157853384298905,0.023270405070640984,1.681066161414271,0.031130854841005015,0.0016732998229523118
High income,2020-02-10,1240988699,-0.10794676094474208,-0.10323007377086585,-0.1044064866254395,-0.10621349983127791,-0.10794676094474208,-0.10853806748551505,-0.10900060198642843,-8.217442960887052,-0.10672003845307859,1.1523070283817304e-5
Low income,2020-02-10,704080579,0.02084814975100759,0.05290902904034501,0.0449358572329534,0.023215859342436824,-5.17285516821865e-4,-0.019003778286164216,-0.025516925832285178,0.008467579067169991,2.9198548507482723e-4,0
Lower middle income,2020-02-10,2994738553,-0.001447275758133036,0.028462161841091942,0.02271555160657384,0.0060126054874346255,-0.02273484825420033,-0.052187558722878974,-0.06057050402796042,-0.245170741921121,-0.004903414838422421,0
Unknown income group,2020-02-10,256806,-0.06215729897319418,0.11473015340507238,0.07821968553009247,-0.0068948684195577516,-0.06830589271410703,-0.11795383515913208,-0.1364143038347582,0,0,0
Upper middle income,2020-02-10,2928345496,-0.020446121918596412,-0.004289802792087967,-0.005358236889600963,-0.011763559920865438,-0.027331434518623684,-0.031465413553171694,-0.03291280553287614,-1.2897758730413431,-0.0238847383896545,0.002858747375074078
High income,2020-02-17,1240988699,-0.13269933727643551,-0.12736002124340762,-0.12788521310296916,-0.13089794513879252,-0.13269933727643551,-0.13333764227655334,-0.13365874136373448,-10.117390426350106,-0.13139468086168968,3.456921085145191e-5
Low income,2020-02-17,704080579,0.020611979773289615,0.053723687548744826,0.048728298999694164,0.023943600651195638,-0.0025535388417572925,-0.026247698593637642,-0.03877150265787437,0.008467579067169991,2.9198548507482723e-4,0
Lower middle income,2020-02-17,2994738553,-0.0031493587049628096,0.03171067507099009,0.02759881887267456,0.00745444002492893,-0.02868891036950996,-0.057311664353074915,-0.0618799118150128,-0.2607138747268178,-0.005214277494536355,0
Unknown income group,2020-02-17,256806,-0.08353127903907645,0.09921864085440794,0.055403798649354144,-0.010737313307948563,-0.08718261165616445,-0.14781818186196632,-0.16482345447253544,0,0,0
Upper middle income,2020-02-17,2928345496,-0.05072596285183385,-0.03193047134991773,-0.03331402017110359,-0.04005217782525388,-0.05745306472547709,-0.06262853280804373,-0.06328010198966336,-2.7983516354620135,-0.05182132658262988,0.004156408462261585
High income,2020-02-24,1240988699,-0.11207748809666893,-0.10616051527135363,-0.10682994538411807,-0.11002345585181761,-0.11207748809666893,-0.11285150105020916,-0.11305292765968296,-8.51868819461455,-0.11063231421577337,1.9573103300274289e-4
Low income,2020-02-24,704080579,0.014660477106436136,0.08268614348691361,0.05114179787554204,0.025896528194942717,-0.006002271374653834,-0.03437086415205259,-0.04301005548373057,0.008467579067169991,2.9198548507482723e-4,0
Lower middle income,2020-02-24,2994738553,-0.008525639154053133,0.02645420901264279,0.02309709012654467,-0.001971928425451475,-0.03489497192931577,-0.06388732847888144,-0.06783224951376808,-0.2865877771298055,-0.0057317555425961085,0
Unknown income group,2020-02-24,256806,-0.08632045324844463,0.08263884114413207,0.05929274423526303,-0.0186501996016683,-0.09646806041600225,-0.1493367541640039,-0.16980769712012575,0,0,0
Upper middle income,2020-02-24,2928345496,-0.05194382939928041,-0.03321985704199795,-0.03495021423550418,-0.04208197804805194,-0.05868757862291265,-0.0634947818706745,-0.06452909790306827,-2.773021945490704,-0.05135225824982786,0.0036197914537335727
High income,2020-03-02,1240988699,-0.07280174920271852,-0.06749633069863566,-0.06782464732857106,-0.07084191295644993,-0.0728623743311444,-0.07438632500218985,-0.07503683882137455,-5.500007019203298,-0.07142866258705582,8.979130921159178e-4
Low income,2020-03-02,704080579,0.03631744422554334,0.1606250351935398,0.14317295896776186,0.08233091697217591,-4.216689835079241e-4,-0.05877550580852262,-0.07543385541073619,0.008467579067169991,2.9198548507482723e-4,0
Lower middle income,2020-03-02,2994738553,-0.021320668459442315,0.007572263743233779,0.003593769123768177,-0.021320668459442315,-0.06807283602828726,-0.1132460662253217,-0.13912730022183112,-0.39144005817519145,-0.00782880116350383,0
Unknown income group,2020-03-02,256806,-0.07001531839419665,0.13204580173122157,0.0916387572531134,0.006216375411590662,-0.09507527102782651,-0.15589690166204034,-0.17270522674522815,0,0,0
Upper middle income,2020-03-02,2928345496,-0.08211745982991443,-0.07815818724208808,-0.07906214405328839,-0.08211745982991443,-0.10147227112898057,-0.10996079182752896,-0.11145547454517359,-4.060162322894967,-0.0751881911647216,0.001824511488585635
High income,2020-03-09,1240988699,0.02854723146390004,0.03433701632058622,0.0335281978804214,0.030656356753251925,0.02807699736616774,0.026871219497479566,0.02621496985067306,2.261755845971668,0.029373452545086595,0.005986114141076477
Low income,2020-03-09,704080579,0.029425319207639123,0.08915572100861072,0.06503049252187443,0.03126554265126623,-0.019596484506620482,-0.05511629782614675,-0.06230216670158824,0.008467579067169991,2.9198548507482723e-4,0
Lower middle income,2020-03-09,2994738553,-0.022020891759903526,-0.01049539775316876,-0.014066741872094257,-0.022020891759903526,-0.07462965283461652,-0.1106679552649245,-0.12611311711133424,-0.3886255983218837,-0.007772511966437674,4.775041208747547e-6
Unknown income group,2020-03-09,256806,-0.047651171817247706,0.13992212943441745,0.12571074576088168,0.020638898827258775,-0.061838354414604925,-0.1116464575682922,-0.13399509035697757,0,0,0
Upper middle income,2020-03-09,2928345496,-0.028529683056754268,-0.0230904629103201,-0.024170253051130814,-0.028529683056754268,-0.047645024498577104,-0.05576909395740764,-0.05755971015894047,-1.1220602822953876,-0.02077889411658125,0.0018830769823889658
High income,2020-03-16,1240988699,0.19297412764237,0.1994611580178348,0.19873733344770403,0.19496243530473276,0.19247577587447812,0.1912917017844551,0.19099214443535972,14.92228612530509,0.19379592370526091,0.027904121953652054
Low income,2020-03-16,704080579,0.06035385882487035,0.10147988412264937,0.0864143534568832,0.06035385882487035,-0.025936943190217897,-0.06024167589269872,-0.07175855317293708,0.008467579067169991,2.9198548507482723e-4,0
Lower middle income,2020-03-16,2994738553,-0.007138062784661803,0.003935706417500844,-0.002308806634742943,-0.007138062784661803,-0.06802111828110798,-0.1142784218895852,-0.13639861964081307,-0.3830443813246461,-0.007660887626492922,9.540064848525694e-5
Unknown income group,2020-03-16,256806,-0.031688118699096136,0.14791115166510124,0.13872144335502673,0.035195864779304684,-0.05299059216806448,-0.11581468148384383,-0.13971477533347385,0,0,0
Upper middle income,2020-03-16,2928345496,-0.0503896456665055,-0.04530554192996466,-0.0478872640946899,-0.0503896456665055,-0.07189909664342475,-0.080924370405341145,-0.083191508544759,-2.33369546657648,-0.04321658271437926,0.0035661775614471416
High income,2020-03-23,1240988699,0.4073772759054914,0.41486636660706205,0.41393269300461255,0.40937943063796356,0.40697237645022427,0.4055817660653002,0.4045439702703956,31.47397109757891,0.4087528713971287,0.09651296590896674
Low income,2020-03-23,704080579,0.0245945879726906,0.07878977914661504,0.051163497410654186,0.0245945879726906,-0.07218836324778,-0.12792290012633353,-0.1632014252113816,0.008467579067169991,2.9198548507482723e-4,1.4202919805291205e-4
Lower middle income,2020-03-23,2994738553,-0.028501760916390752,-0.012751239673855446,-0.02288810615981432,-0.028501760916390752,-0.09799397547555268,-0.14998686107866324,-0.17101159327606089,-0.3780832995493243,-0.007561665990986485,3.864778108394693e-4
Unknown income group,2020-03-23,256806,-0.03066975352450126,0.16454358733246863,0.14822698569914258,0.04295413269778749,-0.05478066120936419,-0.11030292298083348,-0.12949676157039558,0,0,0
Upper middle income,2020-03-23,2928345496,0.03929008271720602,0.06510908784930886,0.05837944762481734,0.0399412991622319,0.017462082089190527,0.005890041190910027,-3.988771704171814e-4,2.4375853801571132,0.0451404700029095,0.006044505344119409
High income,2020-03-30,1240988699,0.6642359615060298,0.6718460566689469,0.6704956610979377,0.6666907465536831,0.6637822178537984,0.6621161760217523,0.6616600290796956,51.252133477122065,0.6656121230795073,0.24374589409536598
Low income,2020-03-30,704080579,0.007098868377517075,0.06619657160898859,0.04017126193357621,0.007098868377517075,-0.10230227707678069,-0.16487906480954803,-0.18244248957563214,0.008467579067169991,2.9198548507482723e-4,5.480906752861876e-4
Lower middle income,2020-03-30,2994738553,-0.06751347031323464,-0.05108552421158569,-0.06701121567058219,-0.06751347031323464,-0.128298908337977,-0.1917942894347277,-0.20981293300315762,-0.37293140693648974,-0.007458628138729795,9.827569077947487e-4
Unknown income group,2020-03-30,256806,-0.05530129646602529,0.17721436172184404,0.16752902334712963,0.0638345190351314,-0.05865745779387198,-0.11891637831621876,-0.1501984955669491,0,0,0
Upper middle income,2020-03-30,2928345496,0.018284686690680667,0.10557605665266438,0.06676885909552101,0.019814614622868997,-0.017224873625644867,-0.041789558190270366,-0.05183322059820623,1.3907726589080511,0.025755049239037986,0.008029960956492273
High income,2020-04-06,1240988699,0.7336322065352966,0.7420075847841892,0.7400796642467472,0.7362582797896615,0.7330613660763379,0.7310675255632488,0.7297995668980156,56.5714572151067,0.7346942495468402,0.4207591901689025
Low income,2020-04-06,704080579,0.027422935722095695,0.10757597380620953,0.04528878307425755,0.027422935722095695,-0.09381351326426977,-0.1594613547114033,-0.17968767021233464,0.07057325010769569,0.002433560348541231,8.929375681586581e-4
Lower middle income,2020-04-06,2994738553,-0.07644473518389149,-0.07077789540000877,-0.07528365552478734,-0.07644473518389149,-0.14214065154345065,-0.20117952294464794,-0.21734769373001073,-0.742242910520508,-0.014844858210410159,0.0027143270960521804
Unknown income group,2020-04-06,256806,-0.05689923993465133,0.18443101085975377,0.16436492039469922,0.06977437755906842,-0.05689923993465133,-0.13053213688197718,-0.1548212448584728,0,0,0
Upper middle income,2020-04-06,2928345496,0.03900880500484313,0.11229430303633679,0.08202610018485025,0.03900880500484313,-0.003866389087114118,-0.03027170326390994,-0.03477612239035229,1.871742800056925,0.03466190370475787,0.013796254593313876
High income,2020-04-13,1240988699,0.6398933781394406,0.6481223462022911,0.6467755461806862,0.6430406937981835,0.6390920292269295,0.6371874849571114,0.6369142499739168,49.24606415767964,0.6395592747750604,0.5051505307865821
Low income,2020-04-13,704080579,0.05733130095848875,0.11202593270631914,0.07037362790031282,0.05733130095848875,-0.10693300958197503,-0.16725340323815702,-0.17789618340860025,0.07057325010769569,0.002433560348541231,7.51050399303799e-4
Lower middle income,2020-04-13,2994738553,-0.06664940874963408,-0.06507439048002096,-0.06664940874963408,-0.06664940874963408,-0.1390794034501958,-0.1914576470691277,-0.21438884841535677,-0.7577939937777681,-0.015155879875555361,0.004016677845867368
Unknown income group,2020-04-13,256806,-0.05758112094242375,0.1874477804605499,0.1591606155392635,0.07090716951468423,-0.05758112094242375,-0.134716278433062,-0.15179406153244096,0,0,0
Upper middle income,2020-04-13,2928345496,0.03662945949141697,0.12661343000204883,0.07905532012947482,0.03662945949141697,-0.006431802809835075,-0.029632915813429302,-0.03337565602727183,1.8056030633815352,0.03343709376632473,0.019065031799102985
High income,2020-04-20,1240988699,0.5006021429530237,0.5104580500570474,0.5082838047671986,0.503308597380857,0.49922676971529095,0.4970769004378708,0.4962043194745594,38.4213805720638,0.4989789684683611,0.48126393131642853
Low income,2020-04-20,704080579,0.04770057338123286,0.09815938819994344,0.08544901048543783,0.04770057338123286,-0.10955510176776294,-0.18282238445240048,-0.19869098614921338,0.07057325010769569,0.002433560348541231,0.001399981805207554
Lower middle income,2020-04-20,2994738553,-0.04931014314437793,-0.04765463756396732,-0.04931014314437793,-0.04931014314437793,-0.1357581546159181,-0.1812078449008472,-0.21129741444998842,-0.7639953459969205,-0.01527990691993841,0.004207479142837882
Unknown income group,2020-04-20,256806,-0.05546228794994699,0.18403547096130907,0.16110941013945926,0.06054893047438138,-0.06021539884205961,-0.13615591475678146,-0.14490336849095792,0,0,0
Upper middle income,2020-04-20,2928345496,0.04928185406339272,0.12458635649622066,0.09206603568136697,0.04928185406339272,0.0034592980405290866,-0.019695021979934425,-0.026399709945089198,2.143098368663248,0.039687006827097186,0.03130006350862637
High income,2020-04-27,1240988699,0.3546857829916897,0.36661350230904977,0.363021751767885,0.3577849183184044,0.352539553140163,0.3499804641409076,0.3492809283761476,26.922056676931444,0.34963709970040835,0.40756704747397543
Low income,2020-04-27,704080579,0.06543847040072881,0.13185375033814592,0.08560436838346852,0.06543847040072881,-0.09626569969129672,-0.17593725465546498,-0.1857777901326109,0.07057325010769569,0.002433560348541231,0.0018262114285643434
Lower middle income,2020-04-27,2994738553,-0.040816360396027276,-0.033111513680294996,-0.040816360396027276,-0.040816360396027276,-0.12808747509848858,-0.17317586192317466,-0.20311759514586647,-0.7536438580618734,-0.015072877161237466,0.004460189016039291
Unknown income group,2020-04-27,256806,-0.060662125898460637,0.1850126322628441,0.16258704573442248,0.0630415098076681,-0.060662125898460637,-0.12026010099334919,-0.1500177612866642,0,0,0
Upper middle income,2020-04-27,2928345496,0.04919264655956134,0.14515444239575878,0.09164504152234061,0.04919264655956134,0.013851461697368745,-0.010608322980420467,-0.020843867271490686,2.497154951609572,0.04624361021499208,0.03416854334185436
High income,2020-05-04,1240988699,0.2558606912086328,0.28514279120520736,0.27918316036961444,0.2558606912086328,0.24087027101019506,0.23604941139746702,0.23551334028667284,17.922943951289778,0.23276550586090616,0.3305661851155987
Low income,2020-05-04,704080579,0.0700578905587121,0.1392704017965013,0.09178224139624834,0.0700578905587121,-0.07548398427577112,-0.15251919691985477,-0.16033574751222335,0.07057325010769569,0.002433560348541231,0.002313087519489726
Lower middle income,2020-05-04,2994738553,0.03601325187016048,0.06431389664492033,0.054451573034331666,0.03601325187016048,-0.023986500170284645,-0.05762571734252589,-0.08215085399057007,0.23118493741019647,0.004623698748203929,0.006659345931891772
Unknown income group,2020-05-04,256806,-0.029748260314973463,0.1797155797920141,0.15544356795991907,0.05656138632708348,-0.053807135352024506,-0.12444922642173072,-0.14160984603484772,0,0,0
Upper middle income,2020-05-04,2928345496,0.14401044855135006,0.22288489575714465,0.21062121040592183,0.15693149625321032,0.11656865204574546,0.0908655365411516,0.08391240097994608,6.43460542971118,0.11915935980946628,0.04548653845044792
High income,2020-05-11,1240988699,0.23740579607655757,0.2859761080461205,0.27599672171063433,0.24363552970005362,0.21712793420665538,0.20985363029659232,0.20913021554500444,15.778810807979042,0.20491962088284468,0.27369894687493845
Low income,2020-05-11,704080579,0.07668196989463365,0.12909403192072988,0.08805188220735609,0.07668196989463365,-0.06728977407178535,-0.14811066567292988,-0.16178465731050126,0.07057325010769569,0.002433560348541231,0.003652422857128687
Lower middle income,2020-05-11,2994738553,0.037474031524675364,0.06973116494461545,0.06469081947231779,0.037474031524675364,-0.012320841366517789,-0.05113728190817776,-0.06535163585365983,0.24029615490141332,0.004805923098028266,0.007866162465635443
Unknown income group,2020-05-11,256806,-0.03058457015080284,0.20144258717212193,0.1584332078579938,0.059028731400878304,-0.045250301851849015,-0.12557302794671873,-0.1380409138114062,0,0,0
Upper middle income,2020-05-11,2928345496,0.15857194603670904,0.2385164325761224,0.2321022600987968,0.17489150259220934,0.13506478731117075,0.10742709053133281,0.1014173667972206,6.9786513040420814,0.1292342834081867,0.05623854843117187
High income,2020-05-18,1240988699,0.18749390546632327,0.2507357703777944,0.23087321619749224,0.1892622175655434,0.163836400706602,0.15473124294398533,0.153921573424185,11.509203031317014,0.1494701692378833,0.22472887966242472
Low income,2020-05-18,704080579,0.0768981820855744,0.14481712874406835,0.10460697115189332,0.0768981820855744,-0.05780867106659229,-0.12933009898625875,-0.13692272398573901,0.07057325010769569,0.002433560348541231,0.004402905139640274
Lower middle income,2020-05-18,2994738553,0.08094357513497477,0.1289209041703865,0.09874164134092095,0.08094357513497477,0.010120693227385893,-0.03447225901730178,-0.05704347486810589,0.23962831697011946,0.004792566339402389,0.00871057674596277
Unknown income group,2020-05-18,256806,-0.03226144239335556,0.21070636859122402,0.1653831350490522,0.06314134448741837,-0.04406288699185758,-0.10786503902719574,-0.13288090481402298,0,0,0
Upper middle income,2020-05-18,2928345496,0.1677877066163033,0.2678264118560267,0.2478654777787681,0.1871024495342367,0.14328715629961947,0.11599779769078694,0.1110394171697952,7.324804838261918,0.1356445340418874,0.06483439206860583
High income,2020-05-25,1240988699,0.14323522682346856,0.20206462781968149,0.18273313060554128,0.15020150304697694,0.11953067726473578,0.1100491292026464,0.10860334846639352,7.990961484461465,0.10377872057742163,0.14589786365169793
Low income,2020-05-25,704080579,0.18094376178080146,0.18094376178080146,0.18094376178080146,0.18094376178080146,-0.047179154286623025,-0.11895591589275413,-0.137809330294483,0.07057325010769569,0.002433560348541231,0.0045856967175343715
Lower middle income,2020-05-25,2994738553,0.19230025904718698,0.38138404415622157,0.2954129952377147,0.19230025904718698,0.03329520018042509,-0.037442633914704294,-0.05055104615101369,0.22479277435353043,0.004495855487070609,0.00976479231240591
Unknown income group,2020-05-25,256806,-0.03994172815321324,0.20144346139689479,0.16166371563052326,0.06825678887561037,-0.04721790748380851,-0.12511438537105496,-0.1389982777710679,0,0,0
Upper middle income,2020-05-25,2928345496,0.1797353153402492,0.2769105408333306,0.2490010164224916,0.1924268791928055,0.15359788239527172,0.12263249224354213,0.11661659716795596,7.3915065695134095,0.13687975128728536,0.07578631015470862
High income,2020-06-01,1240988699,0.14993647369823282,0.21396659104851634,0.19939659718870795,0.15896031540935218,0.12290928127898382,0.11272776671043647,0.11064960405211238,8.06612993170321,0.10475493417796378,0.1375978686490843
Low income,2020-06-01,704080579,0.11229443524086874,0.19741948801941364,0.18515698966034078,0.11229443524086874,0.013864377891804525,-0.030544069639280625,-0.062357919355150455,0.07057325010769569,0.002433560348541231,0.00600584666886544
Lower middle income,2020-06-01,2994738553,0.2251156940777114,0.396105830777778,0.3636962590452837,0.24815446274875097,0.13045998537030973,0.06888804299946637,0.03181952915970786,2.6587599167584473,0.05317519833516895,0.013633477272698669
Unknown income group,2020-06-01,256806,-0.036343425835603876,0.19758079039860005,0.16022205809787127,0.061709627151413454,-0.04866291767999575,-0.1168434731122285,-0.14224332447104016,0,0,0
Upper middle income,2020-06-01,2928345496,0.22145658258062403,0.3140594758464362,0.30784255884109396,0.24876623601724734,0.18999835553750394,0.1613349437785336,0.14400092700860975,7.343776857377824,0.13599586772921896,0.07885497128512324
High income,2020-06-08,1240988699,0.13702244875709926,0.22764675739943538,0.2094532046807803,0.153012705810979,0.10803759389229983,0.09408403215363437,0.09258552594842687,6.454052398997168,0.08381886232463855,0.11927143262406131
Low income,2020-06-08,704080579,0.20798740190784915,0.223198981385071,0.2125797125675931,0.20798740190784915,0.018704387234147427,-0.022012112228195276,-0.038062544772425655,0.07057325010769569,0.002433560348541231,0.006046609048706625
Lower middle income,2020-06-08,2994738553,0.19428665971582343,0.35447706044564214,0.3304622356670785,0.23921972118781415,0.12887570026815415,0.07373179404268464,0.05124733005165741,2.6636732958243914,0.05327346591648783,0.016967891887956735
Unknown income group,2020-06-08,256806,-0.026473985768584347,0.19989471503087503,0.17507837026693307,0.06248992855786059,-0.04559770920878061,-0.12125539694362268,-0.13981516659354898,0,0,0
Upper middle income,2020-06-08,2928345496,0.24753403764318527,0.34319636161024347,0.3296815409078526,0.2751566011543863,0.21415108838442828,0.17783014186580548,0.1611600947790867,7.73039400107724,0.14315544446439332,0.092133971339289
High income,2020-06-15,1240988699,0.10597937141904387,0.1953544495362196,0.18052231763532947,0.11818486712838241,0.0775182408852006,0.06328587487816156,0.062085664260051875,4.04568639017821,0.052541381690626096,0.10012774499890913
Low income,2020-06-15,704080579,0.19922758217186648,0.23438083750011174,0.22777676860309515,0.19922758217186648,0.028822316742475183,-0.018790621243058296,-0.03829101052682457,0.07057325010769569,0.002433560348541231,0.008603134613659042
Lower middle income,2020-06-15,2994738553,0.2787563587930512,0.3934629539779577,0.37966224479977956,0.28098463565273213,0.18778903714094977,0.12101392515349561,0.10793916564395432,2.664818160849465,0.05329636321698931,0.021852592085022656
Unknown income group,2020-06-15,256806,-0.02732624815822087,0.19821959092094754,0.17393000429975114,0.06653632775078844,-0.04276702466392132,-0.1122146054831427,-0.1396222873669538,0,0,0
Upper middle income,2020-06-15,2928345496,0.26375600024995893,0.35339386500163417,0.3402089358000406,0.2948115048745356,0.23171002886215866,0.20032925417529168,0.1854512683306489,8.172771544124599,0.15134762118749256,0.09163631831235258
High income,2020-06-22,1240988699,0.16226397750194688,0.23855396350250185,0.22763108031560092,0.17092894483770293,0.12597716198888811,0.11278546310779378,0.11014122365975586,7.780410972065843,0.10104429833851743,0.10074902382330236
Low income,2020-06-22,704080579,0.1887069707811331,0.23924096677525428,0.22372405406270005,0.1887069707811331,0.029788350132495933,-0.024930178504063708,-0.04777628426635402,0.07057325010769569,0.002433560348541231,0.007182842633129922
Lower middle income,2020-06-22,2994738553,0.26724747722901804,0.39521385303940854,0.37871914305641274,0.29325237930284354,0.19133687043363728,0.13983970340136628,0.13076495974263275,2.69277194854503,0.0538554389709006,0.032394948100833425
Unknown income group,2020-06-22,256806,-0.027375743887183578,0.18126828221299762,0.15410784076551953,0.06795352943337794,-0.048024572566622035,-0.1133040066832549,-0.13970531811589654,0,0,0
Upper middle income,2020-06-22,2928345496,0.2795060750509773,0.3641155264248784,0.35276570926230766,0.30372404412125165,0.24538091737131304,0.211589392688539,0.19946178480673232,8.674699587221589,0.16064258494854794,0.10407146302111066
High income,2020-06-29,1240988699,0.15025710242501175,0.22734119960318597,0.21449240710625636,0.15836578068124263,0.11606539133683158,0.10303906932604628,0.0997399993186951,6.9644091818674765,0.09044687249178542,0.079913539970117
Low income,2020-06-29,704080579,0.21109865299951958,0.27393183070639654,0.23190341707290305,0.21109865299951958,0.04004175541489697,-0.020706157775801173,-0.038652171397627444,0.07057325010769569,0.002433560348541231,0.0070202192013593375
Lower middle income,2020-06-29,2994738553,0.2569997117872438,0.4017297022461453,0.3704925418171842,0.29846560086200946,0.19676321038673117,0.14266473613150008,0.13500068368135468,2.6599047817835215,0.05319809563567044,0.025392099728980915
Unknown income group,2020-06-29,256806,-0.03631276282352078,0.1550254464755495,0.14986984395590042,0.0701134468702366,-0.03825425273916516,-0.08751493883846169,-0.13791519753282605,0,0,0
Upper middle income,2020-06-29,2928345496,0.3100780176380819,0.4225552380273486,0.39344711647442915,0.34891346063928963,0.28123111717564686,0.243701746915532,0.23999405302600843,9.229476045490005,0.17091622306462972,0.10215915451528401
High income,2020-07-06,1240988699,0.15808014032821427,0.23542560109198177,0.22141252896679198,0.1670682914112204,0.12339606582156946,0.10844976231110236,0.10728858893481087,7.471374808073499,0.09703084166329219,0.07277624693341385
Low income,2020-07-06,704080579,0.15373488420293668,0.2566579736380237,0.2258882070291676,0.15373488420293668,0.04068087476973397,-0.02294571867053097,-0.034767341224721075,0.08874163462290509,0.003060056366307072,0.006655346191561407
Lower middle income,2020-07-06,2994738553,0.19792416411126051,0.352474282025167,0.3310592748766107,0.2614001209710652,0.18651453948359267,0.13733512098435555,0.13172555333741723,2.195557888847017,0.04391115777694034,0.02797763427998317
Unknown income group,2020-07-06,256806,-0.036357137865774485,0.15933148801495295,0.1475564787583233,0.07460651956725313,-0.037313903803380656,-0.08860724309603758,-0.12482858380743382,0,0,0
Upper middle income,2020-07-06,2928345496,0.3477775200075893,0.4777232998266348,0.4411541863022329,0.4033654043988213,0.33119298908917755,0.2941892793254617,0.2862149399229455,11.923147604304773,0.22079902970934767,0.10513489628206084
High income,2020-07-13,1240988699,0.17160715035433255,0.24444412097759963,0.2342959790074034,0.18011589902050143,0.13564907328650244,0.12269839286341608,0.12095821975250012,8.645309752988052,0.11227675003880586,0.0877183652741708
Low income,2020-07-13,704080579,0.1700706588109095,0.2676300847861279,0.24917273853417593,0.1700706588109095,0.05247673174867114,-0.007517287347117276,-0.01727920281596358,0.08874163462290509,0.003060056366307072,0.0076900288993768705
Lower middle income,2020-07-13,2994738553,0.24582872134299566,0.3517867302075754,0.33257624993890145,0.2728636383069891,0.2034168325510309,0.16019618917172335,0.14400774396520222,2.1892134284997304,0.04378426856999461,0.03037714257522366
Unknown income group,2020-07-13,256806,-0.0357155980855941,0.17066991094232586,0.15426494388843692,0.06935719179887148,-0.0357155980855941,-0.08133063896914804,-0.1359441230664117,0,0,0
Upper middle income,2020-07-13,2928345496,0.36408992455772266,0.49948129504883954,0.47820538467352847,0.417479169968424,0.3469467202437574,0.3065915058999783,0.30072399523558324,12.556603303227927,0.23252969080051716,0.11169631467556859
High income,2020-07-20,1240988699,0.18317735564340099,0.2549979452340814,0.24572215937191152,0.19327596817873846,0.14797792811065477,0.13496824852262734,0.13330231824999228,9.627784453186676,0.1250361617296971,0.10150906297656784
Low income,2020-07-20,704080579,0.1892705454535229,0.31574816324681604,0.28129105569576185,0.1892705454535229,0.05590877351596006,-0.0014303799666950713,-0.037526469289414686,0.08874163462290509,0.003060056366307072,0.0071625324578083556
Lower middle income,2020-07-20,2994738553,0.2731826322585365,0.3735458409209784,0.359551099513875,0.3020472995208721,0.21953852967499335,0.17509029128834108,0.14840296292675118,2.200662078750473,0.044013241575009465,0.03644010923447046
Unknown income group,2020-07-20,256806,-0.025818804967493274,0.19487892561667552,0.164002892738499,0.07225914783716528,-0.04029482769409584,-0.09239600619665442,-0.13396939083148732,0,0,0
Upper middle income,2020-07-20,2928345496,0.3657711009539053,0.4881731937229232,0.48255623584503887,0.4210159192745753,0.34904807113170394,0.31180799075296095,0.30241331376550523,12.597945029232669,0.23329527831912353,0.11473571013356956
High income,2020-07-27,1240988699,0.2535177352802547,0.3141684671551146,0.302620073948544,0.26562717904300137,0.21806646993870651,0.2054662574651599,0.2046546590719982,15.157129728876388,0.1968458406347583,0.10359256301333973
Low income,2020-07-27,704080579,0.19795326331706636,0.32266359396471006,0.2675341202304324,0.19795326331706636,0.055769630384236143,0.003250194115348821,-0.015131574809223761,0.08874163462290509,0.003060056366307072,0.006797233360416266
Lower middle income,2020-07-27,2994738553,0.28133687269832924,0.3943194494626565,0.3667563290545844,0.3124171273134178,0.2339619650899731,0.19137506969557225,0.17657219802991128,2.2506545181787194,0.04501309036357438,0.037231931277708435
Unknown income group,2020-07-27,256806,-0.031851352887339375,0.17977774090856538,0.14277891244088897,0.07700875723091745,-0.04362667255506874,-0.09363520096088929,-0.1355672231372278,0,0,0
Upper middle income,2020-07-27,2928345496,0.3638632092490267,0.4929339448501792,0.4719965957138854,0.41842689086940726,0.3418326622515884,0.30307092153013104,0.29601136366208347,12.154759618982157,0.22508814109226216,0.12370224090525143
High income,2020-08-03,1240988699,0.23839620492276425,0.29588411935254355,0.2859724182061585,0.2485241785615236,0.20130439165523642,0.1899866220666421,0.18857777470662943,13.93882638845308,0.1810237193305595,0.10662022958518497
Low income,2020-08-03,704080579,0.16234522434454218,0.2784117305996164,0.2509388117388073,0.16234522434454218,0.04253497407067814,-0.023351657633338057,-0.0411965207239483,0.08874163462290509,0.003060056366307072,0.0053770834090851975
Lower middle income,2020-08-03,2994738553,0.26687149716953956,0.43058694263437625,0.39989036888913043,0.32745776756143585,0.23182136416049928,0.19590497270572377,0.1832680248280519,1.5934958385977445,0.031869916771954894,0.03814319613495823
Unknown income group,2020-08-03,256806,-0.028432967347959456,0.1790006351425556,0.16686772834740568,0.07293064916850087,-0.038042972588058596,-0.09757522615825547,-0.1359637662115482,0,0,0
Upper middle income,2020-08-03,2928345496,0.298860819130713,0.42566314092588553,0.4060472257745221,0.353842899500088,0.28255430843316803,0.24645537449847327,0.23399188015427333,9.71368745636496,0.17988310104379557,0.12154112296044456
High income,2020-08-10,1240988699,0.3292496451930329,0.41140215733655333,0.3903688235239858,0.3415389524669626,0.2921044723344386,0.2808170258029675,0.2792636204325607,20.85368790726851,0.27082711567881185,0.10987763233450686
Low income,2020-08-10,704080579,0.1524419887410515,0.25631425343160247,0.24120033089165724,0.1524419887410515,0.03468613524180011,-0.021953683611745368,-0.05172195225697784,0.08874163462290509,0.003060056366307072,0.006148017896116405
Lower middle income,2020-08-10,2994738553,0.29250122407697565,0.4465647178322575,0.42616909131432174,0.33543932825983064,0.24677357007090364,0.18633043235482935,0.1719436889081185,1.6529334144828538,0.033058668289657075,0.04089084834378195
Unknown income group,2020-08-10,256806,-0.02303296735181444,0.18826369405391177,0.15911511368942344,0.07331417769953995,-0.04084439890041092,-0.1018404196332917,-0.1224997825372419,0,0,0
Upper middle income,2020-08-10,2928345496,0.2833811442917006,0.39887762662199205,0.38634979032636085,0.3406345412905908,0.2680917658202686,0.2367113683703248,0.22027926455171495,8.93680020422145,0.165496300078175,0.12761964068463866
High income,2020-08-17,1240988699,0.27076154808615177,0.35303755891680927,0.3324698377725414,0.28252451556140806,0.2332457329447759,0.2220688089076766,0.22111122085804213,16.334517019959826,0.21213658467480292,0.10606768627793926
Low income,2020-08-17,704080579,0.1480531626806017,0.2546499052393574,0.23876974217519634,0.1480531626806017,0.03477106734527184,-0.022913494347515304,-0.02815822337753752,0.08874163462290509,0.003060056366307072,0.007324871831182834
Lower middle income,2020-08-17,2994738553,0.33142926842007875,0.475879459917479,0.43576256669458296,0.349641085541302,0.2633319403395782,0.1841305233806479,0.1663380396130244,1.6677689570994418,0.03335537914198884,0.04184001300363264
Unknown income group,2020-08-17,256806,-0.023425762709629285,0.18770320836816848,0.15459092304726518,0.0725577126144364,-0.04404590044476742,-0.10430164348893696,-0.1369546092252899,0,0,0
Upper middle income,2020-08-17,2928345496,0.2513156432526348,0.3955852957640691,0.3788265468749581,0.3312200961408357,0.2513156432526348,0.2267346028368347,0.21474628196148549,8.372891334091328,0.1550535432239135,0.11680896276318346
High income,2020-08-24,1240988699,0.2227266804958782,0.2954870562615162,0.28062494336598526,0.2317106180811046,0.18606575072658213,0.17395725545187318,0.1730199697189937,12.644280353267893,0.16421143315932327,0.10282124253252366
Low income,2020-08-24,704080579,0.1578129271319888,0.2637181366508226,0.20799521569165075,0.1578129271319888,0.0341509009134634,-0.016271432132619175,-0.03220251003849941,0.08874163462290509,0.003060056366307072,0.00580302897404588
Lower middle income,2020-08-24,2994738553,0.3288204079373498,0.4743436694596854,0.44124677148261554,0.36367489489902655,0.2587167585719811,0.1842210885943486,0.16553119920080003,1.6307039519126603,0.0326140790382532,0.040361353039956
Unknown income group,2020-08-24,256806,-0.039546891098311894,0.15682702984437247,0.14722437676233013,0.060375675986273476,-0.039546891098311894,-0.09412040298544413,-0.12160670971126032,0,0,0
Upper middle income,2020-08-24,2928345496,0.24985296795855041,0.37104592088052735,0.36215725836555485,0.31134048353843546,0.24977857283801674,0.2160871742035532,0.2099410325093387,7.663004372817853,0.1419074883855158,0.11451613221802705
High income,2020-08-31,1240988699,0.19319639479858153,0.24461468221214105,0.2381641688925279,0.20114179238934515,0.15614478834210557,0.14499842114073683,0.14329559572027828,10.460046925369484,0.13584476526453879,0.09677759362093917
Low income,2020-08-31,704080579,0.17359708604771215,0.2558882985703495,0.21697538601700606,0.17359708604771215,0.0379382463761879,-0.014481275543602257,-0.029768757070974733,0.08874163462290509,0.003060056366307072,0.00482899273379901
Lower middle income,2020-08-31,2994738553,0.43197415856096627,0.5208451510836312,0.4856651613265776,0.43197415856096627,0.2995801430736933,0.19234795106214747,0.17508234980632267,1.6314194925533319,0.032628389851066635,0.04538439586448934
Unknown income group,2020-08-31,256806,-0.025136148864006575,0.18089721362389868,0.15395171318939965,0.07780610164412012,-0.02655383957930879,-0.08346801885635818,-0.1220799218899669,0,0,0
Upper middle income,2020-08-31,2928345496,0.26550606791707765,0.37428290029207073,0.35648890473414874,0.306062034514179,0.24841404854680885,0.2096081836754788,0.2028608530646491,7.057507904055942,0.1306945908158508,0.10484230785587603
High income,2020-09-07,1240988699,0.23427585742839363,0.28595091374238363,0.28108785458135593,0.2421727645628184,0.19823098942823925,0.18617917002630335,0.18437959548412197,13.560578032233371,0.1761114030160178,0.09177029580669854
Low income,2020-09-07,704080579,0.15174652580726736,0.21786789046870797,0.1954613761099706,0.15174652580726736,0.03462958353449659,-0.024134577049422526,-0.04506582301002891,0.08874163462290509,0.003060056366307072,0.004991474136371542
Lower middle income,2020-09-07,2994738553,0.4253987268126277,0.5597404251557451,0.5221622434620528,0.43727311574855643,0.32425144711140835,0.19247436786908861,0.1801514715378864,1.0951139718448841,0.02190227943689768,0.054729385253284246
Unknown income group,2020-09-07,256806,-0.05191666930525019,0.16768898430930312,0.14984345707906346,0.05953788743133326,-0.05191666930525019,-0.08995638101289642,-0.11391602240205805,0,0,0
Upper middle income,2020-09-07,2928345496,0.26454017856963286,0.38092007760455876,0.36745412590961124,0.3109715286024494,0.24552275065503826,0.20416416066292475,0.1988390053553712,7.036569697061154,0.13030684624187325,0.1172139354693139
High income,2020-09-14,1240988699,0.24257523292722122,0.2944761964743487,0.28963882656128676,0.2510465938127908,0.2061734116944951,0.1948441924060727,0.19169836751093403,14.192485478797552,0.18431799323113704,0.08771804295052649
Low income,2020-09-14,704080579,0.14538396417631372,0.20779325720349015,0.17534438400517705,0.14538396417631372,0.030415345863013463,-0.02256840676382026,-0.04983538644186308,0.08874163462290509,0.003060056366307072,0.004037748071446237
Lower middle income,2020-09-14,2994738553,0.4547006300415725,0.6182926078474561,0.5437126345794342,0.46973433857118657,0.35266063238929685,0.1868777058831553,0.1718590022645656,1.1511169526547704,0.023022339053095402,0.05040750547281581
Unknown income group,2020-09-14,256806,-0.0435484289865972,0.18140403107324565,0.15213211335848456,0.05988126871353463,-0.0435484289865972,-0.08295593796397295,-0.10981441257896989,0,0,0
Upper middle income,2020-09-14,2928345496,0.26516824506635295,0.3767989798745198,0.36061171012148263,0.301345948109514,0.240573591705752,0.20281641484014687,0.19262770533461587,6.540328486360206,0.12111719419185567,0.09047033567653863
High income,2020-09-21,1240988699,0.21946944480010344,0.27459447533047054,0.2666841463513282,0.22824237978827897,0.18296190418020303,0.1699316909656154,0.16928544240411889,12.4014723923843,0.16105808301797794,0.09879235814056353
Low income,2020-09-21,704080579,0.12007507532486122,0.23162453387764548,0.188367708365531,0.12707314875745596,0.03740715773222897,-0.002099949959247176,-0.037447107461613026,0.08874163462290509,0.003060056366307072,0.003611660477287501
Lower middle income,2020-09-21,2994738553,0.4336748747249964,0.600844324290521,0.5469440991797483,0.44679105193837015,0.31946081029666473,0.20057833931167568,0.17512491956569298,1.156316547976983,0.02312633095953966,0.04975392588135556
Unknown income group,2020-09-21,256806,-0.043388372516012436,0.17547504524278598,0.14652863618233203,0.06038365682839198,-0.044798610729410326,-0.09467804467014823,-0.11336175152921665,0,0,0
Upper middle income,2020-09-21,2928345496,0.29546200145117596,0.38297653280690225,0.36308230191467683,0.3145915669733571,0.25370550811790427,0.21903709331383783,0.20321776550827167,7.001845342653117,0.1296638026417244,0.0898802413716281
High income,2020-09-28,1240988699,0.22119202796007426,0.27811762124571776,0.26879193333827045,0.23363506862537978,0.19194628514860637,0.17899809711168072,0.17794058465547144,13.142645136939596,0.17068370307713762,0.1050200538530448
Low income,2020-09-28,704080579,0.11645731843454683,0.21220984996801334,0.19425122899250227,0.12356118997971755,0.032953020898709655,-0.01069149399516346,-0.04428486602532536,0.08874163462290509,0.003060056366307072,0.0032463613798954113
Lower middle income,2020-09-28,2994738553,0.4408275330594038,0.5884191652119467,0.5339354369408442,0.4408275330594038,0.31395393574793823,0.18192827844124554,0.15317225353898828,1.1861784440476717,0.023723568880953436,0.04652923703820899
Unknown income group,2020-09-28,256806,-0.04427727948936975,0.1730282173466621,0.1459097747877389,0.06264614459660982,-0.04427727948936975,-0.10115473839001349,-0.11988012701281082,0,0,0
Upper middle income,2020-09-28,2928345496,0.2789850667990458,0.3686782031922351,0.34086785470681175,0.29222419019709805,0.2368862247969917,0.21056834378495876,0.1935768093573444,6.460029884296127,0.11963018304252086,0.09131917677243916
High income,2020-10-05,1240988699,0.21061272346257204,0.23923560871018199,0.2365105750628423,0.22063552126416935,0.20539679216153298,0.1979190560305601,0.19662166608759538,14.718212264646374,0.19114561382657627,0.1083009056474897
Low income,2020-10-05,704080579,0.1774212937987441,0.2406808001690438,0.21018848066375043,0.1774212937987441,0.052571217550147875,-5.943799099900558e-5,-0.01936398430386827,0.23125373194919704,0.007974266618937829,0.002434948571419124
Lower middle income,2020-10-05,2994738553,0.3845377916202908,0.4646159976240763,0.4255256101630612,0.3845377916202908,0.2675648730119018,0.1740750808407292,0.16492108888461166,1.0882551429280918,0.021765102858561838,0.046648446108944856
Unknown income group,2020-10-05,256806,-0.03650426213906635,0.18388088283088005,0.16385853513803408,0.07737280645312798,-0.03650426213906635,-0.0894331875202561,-0.11583663979843978,0,0,0
Upper middle income,2020-10-05,2928345496,0.29997856207871126,0.3852401503773315,0.3652677479017032,0.3143062786337892,0.26232828051497126,0.23505735558616273,0.21722686255750967,8.036840444282905,0.1488303785978316,0.115145463696337
High income,2020-10-12,1240988699,0.23457798521506523,0.25359705042856157,0.2507687433458344,0.23968788036561506,0.23176416352474616,0.22758038568215772,0.22653434229143504,17.07924504629946,0.22180837722466826,0.11822388078007792
Low income,2020-10-12,704080579,0.17688803948558673,0.24371735594096894,0.20595403297715004,0.17688803948558673,0.05781169295578494,0.002931388577131746,-0.029740205775972105,0.23125373194919704,0.007974266618937829,0.0032869817305385437
Lower middle income,2020-10-12,2994738553,0.3326902346904506,0.41920233371139526,0.4028796196178974,0.3326902346904506,0.2522222475416971,0.1717967016403824,0.15364642582044608,1.1411574476284019,0.022823148952568036,0.04341434075096705
Unknown income group,2020-10-12,256806,-0.03396954405632687,0.2158510303666268,0.1858858447245071,0.09338224076458479,-0.03396954405632687,-0.07573035003184503,-0.09750162219031128,0,0,0
Upper middle income,2020-10-12,2928345496,0.283084582841719,0.3763259930260972,0.36152935988744445,0.3064850256248447,0.2490650080274626,0.2198899417685482,0.21265310761570466,8.027479722124653,0.14865703189119728,0.08731408242273883
High income,2020-10-19,1240988699,0.3685785020926573,0.37835231545878456,0.3778616211344212,0.37222009983944604,0.3651944776445452,0.36061700479492104,0.35993251847427066,27.382686979576878,0.3556193114230763,0.14024535448247463
Low income,2020-10-19,704080579,0.13593959735854547,0.24697692319359268,0.21644153443287073,0.15791765982010564,0.0667969668526235,0.005302310782704498,-0.030268289408637516,0.23125373194919704,0.007974266618937829,0.003064137918793525
Lower middle income,2020-10-19,2994738553,0.32294747190817547,0.39621157940805596,0.383379368774893,0.32294747190817547,0.2503002885758422,0.17409726028387543,0.15353193911436072,1.139344744672034,0.022786894893440678,0.039140077814999834
Unknown income group,2020-10-19,256806,-0.04193159796133698,0.26714858058936686,0.21373866663096655,0.10072286413746198,-0.04193159796133698,-0.08556720646949041,-0.1032647907019696,0,0,0
Upper middle income,2020-10-19,2928345496,0.2990112374653588,0.38184626499620583,0.3739142588276269,0.3209901186720097,0.26655428732309094,0.23113228697762483,0.22208959535008221,8.313025653777638,0.15394491951440067,0.08621639773888211
High income,2020-10-26,1240988699,0.467762137147574,0.4808786584955828,0.4781356237331884,0.4708174453072078,0.4627600206345619,0.45916395215703604,0.4585421743157886,34.976443480013806,0.4542395257144649,0.18345968837867718
Low income,2020-10-26,704080579,0.12229794992915581,0.22455435661110318,0.20633160409999854,0.13955232532778863,0.05818344256772323,0.010032641592619244,-0.01852674368316238,0.23125373194919704,0.007974266618937829,0.003307575964256216
Lower middle income,2020-10-26,2994738553,0.31187178762766193,0.394338661378494,0.3714981968189339,0.31187178762766193,0.22895992721412248,0.16726300437317257,0.14075635928323088,1.1381044742282036,0.022762089484564065,0.03530007649385612
Unknown income group,2020-10-26,256806,-0.08227752997989575,0.31143705233928953,0.26009256209345544,0.1280609700672411,-0.08227752997989575,-0.10047111167819707,-0.12355635221395486,0,0,0
Upper middle income,2020-10-26,2928345496,0.3001059178055815,0.3974656091833109,0.3749719787676078,0.32799252808289797,0.2660198448932276,0.23615574878413131,0.22772123108822812,8.226847297997995,0.1523490240369999,0.0913923921769373
High income,2020-11-02,1240988699,0.5963228111995763,0.6081010844713673,0.6050747718763683,0.5988285888104817,0.5898953868330608,0.5860342468448531,0.5858335470175902,44.708095892641175,0.5806246219823528,0.24547250127698383
Low income,2020-11-02,704080579,0.13073045669439393,0.2315736593987022,0.20825050617582244,0.14234310991683996,0.058035972221281824,0.007114082661719473,-0.020812027469836278,0.23125373194919704,0.007974266618937829,0.0028410100486524
Lower middle income,2020-11-02,2994738553,0.32903172734714076,0.42022269482629343,0.39851734646768205,0.32903172734714076,0.22405971880562128,0.17056078743789874,0.12314273068648442,1.557216477951761,0.031144329559035223,0.03255709915055146
Unknown income group,2020-11-02,256806,-0.04369700578873979,0.38948365134600293,0.32715325438214077,0.14848861023682888,-0.04369700578873979,-0.09824168214301031,-0.13378613392448752,0,0,0
Upper middle income,2020-11-02,2928345496,0.40107377365013924,0.49218659002675785,0.47848432799532625,0.4130975480382611,0.34752431802381667,0.31172747373064,0.30488626067708496,11.533864440950698,0.21359008223982776,0.09344150148053432
High income,2020-11-09,1240988699,0.6256232244365934,0.6390602034120457,0.6353790156666452,0.6287988423805426,0.6196406690122661,0.6157806812337477,0.6152400114503522,47.02130793261641,0.6106663367872261,0.3496176881784804
Low income,2020-11-09,704080579,0.14466233462181424,0.24593874397844978,0.21825247723685975,0.16020185833864103,0.07844414782316098,0.015290899576279838,0.0025296458866817706,0.23125373194919704,0.007974266618937829,0.008765331957835468
Lower middle income,2020-11-09,2994738553,0.3377241598830349,0.4188453536462638,0.3964460776043075,0.3377241598830349,0.2274497422953963,0.177371278312527,0.13059117726952835,1.5320771501095038,0.030641543002190078,0.03763266742838102
Unknown income group,2020-11-09,256806,-0.09985839265805352,0.3548972092952142,0.3106648903048872,0.150763521737728,-0.09985839265805352,-0.10359296549388997,-0.13237238631694365,0,0,0
Upper middle income,2020-11-09,2928345496,0.41100808953511464,0.5083433438498891,0.4896116267629252,0.42518314782323696,0.3569238757254665,0.3209210955481903,0.3051894102925945,11.928472445029113,0.2208976378709095,0.09579296581744602
High income,2020-11-16,1240988699,0.6395936082795435,0.6532128036000351,0.6509226325391878,0.6419680914355107,0.6330392083823447,0.6294121664604818,0.6286336507144662,48.10815505788584,0.6247812345179979,0.39386805084838244
Low income,2020-11-16,704080579,0.13660818440200312,0.23981329735369072,0.21909511470682594,0.1636400387767795,0.07125092903550925,0.018764345363998996,-0.008199836993462656,0.23125373194919704,0.007974266618937829,0.004180061327895254
Lower middle income,2020-11-16,2994738553,0.29850746730038985,0.41246346641768195,0.37008409863292296,0.29850746730038985,0.20263792853823695,0.14503201356459644,0.12552073319665166,1.5511582338607426,0.031023164677214856,0.03424105249430767
Unknown income group,2020-11-16,256806,-0.07973173575918029,0.34392845293871527,0.2913863335090768,0.15458596323158325,-0.07973173575918029,-0.0935692786098572,-0.13214772799178756,0,0,0
Upper middle income,2020-11-16,2928345496,0.411536884329915,0.5092110257492396,0.4962897444128698,0.4317970706317575,0.36196432732885975,0.3243831399396215,0.3008649661217955,12.12199176484486,0.22448132897860848,0.107354648018623
High income,2020-11-23,1240988699,0.6368448590923416,0.6505542176367447,0.6481142595152513,0.6393459353930655,0.6302462047415083,0.6264991675971229,0.625903299139665,47.91545386713954,0.6222786216511628,0.45272668514445513
Low income,2020-11-23,704080579,0.13743417950172354,0.24214746080345456,0.23078582866656036,0.1590915024680125,0.07066869533029439,0.017970133212795975,-0.0018866046710164397,0.23125373194919704,0.007974266618937829,0.0063915979707771485
Lower middle income,2020-11-23,2994738553,0.31361797719012574,0.42381324667257736,0.3799768848214527,0.31361797719012574,0.21350513455400955,0.15097393882071594,0.14218319029628504,1.533317420553334,0.03066634841106668,0.039435829842873096
Unknown income group,2020-11-23,256806,-0.145759942938288,0.3442236958772691,0.29073298661396424,0.14429983125051984,-0.145759942938288,-0.145759942938288,-0.145759942938288,0,0,0
Upper middle income,2020-11-23,2928345496,0.4166521228344831,0.5047493068456673,0.48794830291159563,0.43056841779133687,0.3639245570948215,0.32487744547600406,0.30056630769278614,12.07206205922401,0.2235567048004446,0.10914497638225404
High income,2020-11-30,1240988699,0.6649621557951665,0.6787743833668319,0.6761985386896378,0.6675645608320507,0.6593231865657407,0.6563444959824235,0.6559784125039433,50.226361293058005,0.6522904064033508,0.46445709011247005
Low income,2020-11-30,704080579,0.1560145891013307,0.2606907484947133,0.24888812965426407,0.17916861887653082,0.09336166537894272,0.039882217224442094,0.025060369174244236,0.23125373194919704,0.007974266618937829,0.005864101529208633
Lower middle income,2020-11-30,2994738553,0.3038644361882444,0.41782734797689014,0.3772199682217733,0.3038644361882444,0.21517353979131845,0.15339784083620014,0.14427058204634077,1.5519214772107923,0.031038429544215845,0.03558150339810314
Unknown income group,2020-11-30,256806,-0.16783284541185958,0.36977415517584894,0.28727396622280965,0.1512727217450134,-0.16783284541185958,-0.16783284541185958,-0.16783284541185958,0,0,0
Upper middle income,2020-11-30,2928345496,0.4366114906613452,0.5237059135579201,0.5064389742999204,0.44782600143470563,0.3840628476409481,0.3420691839875086,0.31481466858215634,12.586269534029821,0.2330790654449967,0.11995083929809626
High income,2020-12-07,1240988699,0.6971063991165911,0.7109627797594941,0.7090287880670432,0.6991592173188531,0.6917665631114012,0.6893506627687475,0.6885845324405436,52.764057515329036,0.6852475001990784,0.5113663811051352
Low income,2020-12-07,704080579,0.20710762318403628,0.31599855845352914,0.2797013563366662,0.21363483720660453,0.11133333739356316,0.0536784566530254,0.041927625842222746,0.23125373194919704,0.007974266618937829,0.006229116568204618
Lower middle income,2020-12-07,2994738553,0.3284604781180667,0.4126023381840988,0.3868023416090056,0.3284604781180667,0.22774506238656098,0.1719637003350409,0.1662723203264896,2.1448963152032525,0.04289792630406505,0.03586286351855704
Unknown income group,2020-12-07,256806,-0.16492536571231206,0.36917178682424495,0.32142969220593,0.16200588293048046,-0.16492536571231206,-0.16492536571231206,-0.16492536571231206,0,0,0
Upper middle income,2020-12-07,2928345496,0.48091217623312155,0.5589696340717496,0.5499176571942146,0.4852884706266929,0.4220223866507817,0.38165396137141117,0.364498296147229,15.200826067410238,0.28149677902611553,0.12085322598833126
High income,2020-12-14,1240988699,0.6470442755849045,0.6626600557795645,0.6605672485531624,0.6521666439560426,0.6448776400941355,0.6427455024646989,0.64216858474864,49.20347311713058,0.6390061443783193,0.5256295246891688
Low income,2020-12-14,704080579,0.21853269815518356,0.33636483648505616,0.30171501545523227,0.21853269815518356,0.12266537043930967,0.05341614386052181,0.04694175619388902,0.23125373194919704,0.007974266618937829,0.006878190003306426
Lower middle income,2020-12-14,2994738553,0.3280294286479489,0.3953078119916771,0.3755673090640394,0.3280294286479489,0.23093435941346163,0.18121914807323805,0.1638622664635597,2.1331614486962405,0.042663228973924806,0.032986418764683396
Unknown income group,2020-12-14,256806,-0.11894600890884523,0.37433269118678325,0.3048730646155114,0.17918573449493347,-0.11894600890884523,-0.11894600890884523,-0.13272059294745445,0,0,0
Upper middle income,2020-12-14,2928345496,0.4825387385196575,0.5675639485304638,0.5554690575401985,0.4929742291330423,0.42636151018787205,0.39001167874038856,0.3722119835518091,15.721689665476799,0.2911424012125333,0.12322903854511572
High income,2020-12-21,1240988699,0.6508603091286805,0.6654636641447146,0.6613163333153768,0.6542883458886356,0.648012243275873,0.6453109889495642,0.6447369312994394,49.45507492482762,0.6422737003224366,0.5629039173063413
Low income,2020-12-21,704080579,0.22595177574927475,0.3457891987397971,0.31314892545252043,0.23444764566956136,0.1361549742690353,0.06437134656283706,0.051134444285039764,0.23125373194919704,0.007974266618937829,0.008826262483800168
Lower middle income,2020-12-21,2994738553,0.32097949893147326,0.3747696686606297,0.3560646129851127,0.32097949893147326,0.22118005404927457,0.1581770639064559,0.1389918489538536,2.143179017665641,0.042863580353312815,0.032361489420475634
Unknown income group,2020-12-21,256806,-0.1893116474974533,0.4193442476802413,0.33857241810480937,0.16613048680329875,-0.1893116474974533,-0.1893116474974533,-0.1893116474974533,0,0,0
Upper middle income,2020-12-21,2928345496,0.48435820535278895,0.5842717086902646,0.570259258709637,0.5057257415818507,0.4436100110622059,0.40051885944325866,0.38565345441638366,15.981219191337042,0.29594850354327856,0.1290148312472211
High income,2020-12-28,1240988699,0.6720661536199712,0.6837722214494949,0.6798530128510509,0.6742926594427018,0.6691175882472236,0.6671098585414017,0.6656348629390602,51.19389634117619,0.6648557966386519,0.4801470798889201
Low income,2020-12-28,704080579,0.25616854077878753,0.351832223608814,0.32539609959510657,0.25616854077878753,0.12840757765064442,0.05858052884664725,0.038456639723902515,0.23125373194919704,0.007974266618937829,0.010754166818170395
Lower middle income,2020-12-28,2994738553,0.31930128280172343,0.3806375060553808,0.3531326378140589,0.31930128280172343,0.21915867214379897,0.15938637860250238,0.14087052797118152,2.067493615984174,0.041349872319683484,0.028759906240803653
Unknown income group,2020-12-28,256806,-0.1903688080605556,0.43351261953678655,0.3374451137408006,0.16896045255112374,-0.1903688080605556,-0.1903688080605556,-0.1903688080605556,0,0,0
Upper middle income,2020-12-28,2928345496,0.4896700042659319,0.5954913895594591,0.5651295363136716,0.5158872137285533,0.46177829519851,0.4276849848921214,0.4183034359741649,17.725542514965316,0.32825078731417245,0.12280463507165344
High income,2021-01-04,1240988699,0.6281817438888802,0.6411864307454886,0.6360986164743648,0.630699882750747,0.6255688439184894,0.6230916186616194,0.621677160693145,47.81372197550022,0.6209574282532496,0.5429309715253096
Low income,2021-01-04,704080579,0.24701015584044628,0.3644650082346436,0.32141893213769146,0.24701015584044628,0.1245419679857828,0.04962740661922746,0.023342931862485598,0,0,0.006026440902583112
Lower middle income,2021-01-04,2994738553,0.29444956322906884,0.3316337890333196,0.3118847900306325,0.29444956322906884,0.19511242665477224,0.1243216868885974,0.11027819765217828,1.3255475517902489,0.026510951035804975,0.027262112720395464
Unknown income group,2021-01-04,256806,-0.19905795105950438,0.4146431238133338,0.30968085233508563,0.14700838138582006,-0.19905795105950438,-0.19905795105950438,-0.2233712077222495,0,0,0
Upper middle income,2021-01-04,2928345496,0.4314262902005479,0.5016999125252478,0.4916770540148145,0.44856610503660127,0.398692659780285,0.3635137093237315,0.3546537638260144,15.853084879172638,0.2935756459106044,0.13063441473095905
High income,2021-01-11,1240988699,0.5864245225482344,0.596404906372511,0.5942119827615865,0.5896087637838625,0.5839296947492235,0.5814023954030503,0.5804432674673778,44.63186103729686,0.5796345589259332,0.6441522800684263
Low income,2021-01-11,704080579,0.264834768476089,0.43097266098145715,0.3600195265474325,0.27152334433516057,0.14479274819771745,0.06506942279477841,0.0485718381875519,0,0,0.006999909026037771
Lower middle income,2021-01-11,2994738553,0.281569400205895,0.3220100482248743,0.3030504879310434,0.281569400205895,0.1859601182844486,0.12572908722763695,0.0720321975214988,1.324951267922953,0.026499025358459053,0.025835777858635663
Unknown income group,2021-01-11,256806,-0.2235239992579194,0.4176155899474427,0.29579231267291606,0.12450930848269887,-0.2235239992579194,-0.2235239992579194,-0.2235239992579194,0,0,0
Upper middle income,2021-01-11,2928345496,0.48039003635841515,0.5507750701073012,0.541271439732662,0.48778392990257313,0.44577437445366225,0.406870715298743,0.3969881983275597,18.615200409075257,0.34472593350139363,0.15185561287335203
High income,2021-01-18,1240988699,0.5954034408478384,0.6038084873678152,0.6013808632693289,0.5981920533562022,0.5923586977536859,0.5900549388487595,0.5892726241184091,45.29334436425609,0.5882252514838453,0.6601761971403738
Low income,2021-01-18,704080579,0.2735227943668772,0.4132771448870698,0.37830630808378113,0.2805561397264757,0.15296715269903804,0.07516935921252271,0.057873810112685886,0,0,0.010571375240276298
Lower middle income,2021-01-18,2994738553,0.25960125257941385,0.30604095840838447,0.2837699725423723,0.25960125257941385,0.1654330131104237,0.0855138144990735,0.052830697554984436,1.3061882022342342,0.026123764044684684,0.028359303657717327
Unknown income group,2021-01-18,256806,-0.16015001986352376,0.40681214347964983,0.329672283060828,0.1315612644665892,-0.16015001986352376,-0.16015001986352376,-0.20341082995570164,0,0,0
Upper middle income,2021-01-18,2928345496,0.4820982467293896,0.558168068577843,0.5293391226854645,0.4852198924775449,0.44402399601004094,0.4041515419768251,0.39720058864128205,18.57645351740239,0.3440083984704146,0.16275886866868525
High income,2021-01-25,1240988699,0.4881813201818891,0.4951605721589575,0.49341988077479504,0.4901276110496765,0.48488251963575074,0.4826504027343225,0.4818592076662674,37.026457371973045,0.4808630827528967,0.6768106757755414
Low income,2021-01-25,704080579,0.25409593954905085,0.39015940198205973,0.37387344897262165,0.278961141425085,0.15866073171451864,0.09366665022740728,0.0711785198616653,0,0,0.014142415366920666
Lower middle income,2021-01-25,2994738553,0.2221546038909094,0.28985061926274436,0.2681496514290563,0.2270567686186633,0.16780938836647624,0.0904733953708384,0.001615944106396228,1.2993110616322254,0.025986221232644508,0.027677140602797724
Unknown income group,2021-01-25,256806,-0.1461845752668944,0.4069331117067721,0.26593306273819506,0.11385258517623396,-0.1461845752668944,-0.15120533511708872,-0.1891444666387818,0,0,0
Upper middle income,2021-01-25,2928345496,0.40991139422152895,0.4851939663831075,0.4602801478988612,0.4169386775852744,0.3745268974682491,0.34064191668252347,0.3296341169952879,15.052571901917334,0.27875133151698767,0.1810579730855638
High income,2021-02-01,1240988699,0.3687216287027189,0.37543855858263436,0.3741552715801766,0.3704896682344785,0.36532731814093927,0.36208705374504735,0.36159887395709817,27.76467025463407,0.36058013317706583,0.6548809837308599
Low income,2021-02-01,704080579,0.24218209389617015,0.3639043217646924,0.32291811075302623,0.2574923169168327,0.13228496234536705,0.07604569092406321,0.06091287739276027,0,0,0.009272518224082418
Lower middle income,2021-02-01,2994738553,0.21868227312757463,0.262530719896951,0.2403151633782804,0.21868227312757463,0.15801893248203597,0.08269047563816051,0.014745800975597073,1.2599776506737415,0.025199553013474825,0.025487567161259304
Unknown income group,2021-02-01,256806,-0.14786999981524215,0.4083825159378414,0.26760704793784046,0.11204977175155961,-0.14786999981524215,-0.14786999981524215,-0.1933275805061098,0,0,0
Upper middle income,2021-02-01,2928345496,0.35064867940019734,0.4114114796921018,0.39504885176814675,0.3519285106734241,0.30511935587772165,0.27552079299861926,0.26548439973772525,12.032527056118429,0.2228245751133042,0.18300436226941713
High income,2021-02-08,1240988699,0.25324473715336887,0.2623513925153253,0.2591567143673512,0.2546805140119248,0.24915053619245742,0.2464603151017907,0.2458108853569995,18.688878501594154,0.24271270781291107,0.5919704189022594
Low income,2021-02-08,704080579,0.25719299416254804,0.370764371926704,0.3379267149747491,0.25790855576928257,0.14680775397757262,0.09044900652060937,0.06345456359053961,0,0,0.00898831779877854
Lower middle income,2021-02-08,2994738553,0.21958798285518488,0.2513121260159186,0.23857218723368118,0.21958798285518488,0.15888655701519186,0.08765460400938399,0.021888796613436838,1.1931143530287749,0.0238622870605755,0.022782790147624618
Unknown income group,2021-02-08,256806,-0.15142251184135133,0.33023326165256717,0.269824519740835,0.11092781642360032,-0.15142251184135133,-0.15142251184135133,-0.19143569200563054,0,0,0
Upper middle income,2021-02-08,2928345496,0.31356376096612576,0.36191159064849404,0.3447817253344595,0.31356376096612576,0.26395534395052467,0.23789879101321187,0.22219756401723784,10.24371588270587,0.18969844227233093,0.1579195831337792
High income,2021-02-15,1240988699,0.20911832953330703,0.21759294074098565,0.21430955329161244,0.21015997578038068,0.20498504632774917,0.20215343372962363,0.20153083525255178,15.254796732678146,0.19811424328153437,0.49370804141384045
Low income,2021-02-15,704080579,0.255403860780972,0.3868768381139869,0.3349790346168149,0.255403860780972,0.14120855899886356,0.07906475385770285,0.06156454409007286,0,0,0.007507379350680826
Lower middle income,2021-02-15,2994738553,0.22176681862200362,0.24877900618377652,0.23407016814737686,0.22176681862200362,0.15361505267466352,0.07566100016954261,0.021187587860370474,1.2069541689638017,0.024139083379276033,0.020130538587286154
Unknown income group,2021-02-15,256806,-0.1377204474103138,0.3723895270332457,0.2804217183458796,0.10784463541080798,-0.1377204474103138,-0.141569698834291,-0.19569504313003266,0,0,0
Upper middle income,2021-02-15,2928345496,0.30610481215644847,0.35081899814196515,0.3417616374989456,0.30610481215644847,0.25568330999319133,0.22681857385852564,0.2119315988734041,9.738557398691867,0.1803436555313309,0.1644907339854409
High income,2021-02-22,1240988699,0.12971915991316094,0.13957735674180105,0.13611068198507664,0.13128637735525853,0.12588910332102465,0.12271776982503754,0.122236070128144,9.131200813185126,0.1185870235478588,0.40953539738882017
Low income,2021-02-22,704080579,0.25934171119127636,0.36591624194675215,0.35194650018549845,0.25934171119127636,0.1425906832516269,0.08192331310187065,0.07482803285095682,0,0,0.007243489100698515
Lower middle income,2021-02-22,2994738553,0.23572564984347857,0.25732006853254913,0.2434221153926037,0.23572564984347857,0.16497190481405796,0.10013646900896721,0.03358106436418761,1.2069541689638017,0.024139083379276033,0.020574149933147774
Unknown income group,2021-02-22,256806,-0.134043230307166,0.39272039238012,0.2657062167650991,0.11771077278403533,-0.134043230307166,-0.134043230307166,-0.19385002145359925,0,0,0
Upper middle income,2021-02-22,2928345496,0.2998057884202239,0.34637647424160806,0.33255342906065744,0.2998057884202239,0.24913582328618658,0.21488655838267012,0.19814932289051457,9.191359086035622,0.17021035344510413,0.14359169728243024
High income,2021-03-01,1240988699,0.04620884435437116,0.0605078035026287,0.05807422337857843,0.04887698399634432,0.043259532213170374,0.040218789451146784,0.0397395503106716,2.7550497535278513,0.03577986692893313,0.38121692839041726
Low income,2021-03-01,704080579,0.255471488788915,0.3595738025848683,0.33728543068597705,0.255471488788915,0.13952295138183124,0.08200607703895672,0.07381830575431039,0,0,0.006736160805253514
Lower middle income,2021-03-01,2994738553,0.2813123407832167,0.29816153925874544,0.2813123407832167,0.2813123407832167,0.19415435165639258,0.12042444176737725,0.05360644085417874,2.237083834625827,0.04474167669251654,0.022401187553683588
Unknown income group,2021-03-01,256806,-0.1309124674317734,0.3672905744469645,0.2708504491808019,0.10908284943244302,-0.1309124674317734,-0.15112457948096983,-0.18551888727532137,0,0,0
Upper middle income,2021-03-01,2928345496,0.35402681664866137,0.404131139636516,0.3877837473293451,0.35402681664866137,0.2966378365720654,0.2616087707636721,0.2480345207960172,11.835620311752926,0.21917815392135048,0.14640164577083087
High income,2021-03-08,1240988699,0.08325588461886746,0.09861194077761301,0.09582926822036161,0.08743459922679227,0.0807946201415807,0.07719963269849786,0.07639473921639489,5.558969321690579,0.07219440677520235,0.3359993530448741
Low income,2021-03-08,704080579,0.27221972869852834,0.3680269836189442,0.3543578818510209,0.27221972869852834,0.14981200909656245,0.09500320744906798,0.05889415440255476,0,0,0.006918952383147612
Lower middle income,2021-03-08,2994738553,0.26706391302666843,0.2993474168117816,0.2798577789204808,0.26706391302666843,0.1948723669566809,0.12709873950367764,0.05645897180066577,2.237083834625827,0.04474167669251654,0.019920670517377215
Unknown income group,2021-03-08,256806,-0.12912205581686176,0.3839344180568448,0.28267856629781996,0.11912557695983743,-0.12912205581686176,-0.13853574235288865,-0.18860081639650975,0,0,0
Upper middle income,2021-03-08,2928345496,0.3489836375653539,0.42734330402888115,0.40851875553744693,0.3520840198047985,0.2974862782490796,0.26688684594697587,0.2500275789458454,11.75088206707455,0.21760892716804722,0.14849439746572854
High income,2021-03-15,1240988699,0.11316388048148111,0.12706382417069403,0.1257957474287693,0.1154517623689244,0.10980364565790383,0.1058525129884042,0.10502824486736968,7.860569652379801,0.10208532016077661,0.29691761117318605
Low income,2021-03-15,704080579,0.28966681814344664,0.3954658925626961,0.3693996093961042,0.29616241619941597,0.169585171144016,0.09649867769910925,0.07596328163480755,0,0,0.009049390353941292
Lower middle income,2021-03-15,2994738553,0.2900578328886188,0.31542417656094535,0.2942965821052519,0.2900578328886188,0.20237504829166406,0.1325848618907987,0.061076809010035045,2.237083834625827,0.04474167669251654,0.02151399825385692
Unknown income group,2021-03-15,256806,-0.12902701138237024,0.3996489835360746,0.28100998765826757,0.10957942799869153,-0.12902701138237024,-0.1324848532275771,-0.18652556775281037,0,0,0
Upper middle income,2021-03-15,2928345496,0.35640401293268004,0.4412670441917406,0.416584141425515,0.3587423068847964,0.30313104438921684,0.2641181434253714,0.26079629782661157,11.600214833686831,0.2148187932164228,0.15682681590246342
High income,2021-03-22,1240988699,0.18205936511048787,0.19641421672624512,0.19365432156867246,0.1856440501143898,0.1783700649820322,0.17496505706561996,0.17419945615516802,13.143675780004637,0.17069708805200828,0.2784763473498802
Low income,2021-03-22,704080579,0.29182641824357763,0.40511072319079616,0.3877355044904635,0.3090796837676799,0.18183327726953108,0.09880791404174323,0.07949176212313526,0,0,0.009800582782443145
Lower middle income,2021-03-22,2994738553,0.30806270295274407,0.3621006639364737,0.34710487533227224,0.30806270295274407,0.21861404977243956,0.14450971084322614,0.09201551545469977,2.237083834625827,0.04474167669251654,0.02429985079235062
Unknown income group,2021-03-22,256806,-0.12436605002605085,0.4348831570181548,0.31532719616847693,0.11374642953487094,-0.12436605002605085,-0.14794187857203506,-0.18665063382545957,0,0,0
Upper middle income,2021-03-22,2928345496,0.36558735903666495,0.4533358382485897,0.43702143721374825,0.36953879891524943,0.3118293490553063,0.281797927798114,0.2675687892977082,11.71024283428995,0.21685634878314722,0.18561436850346294
High income,2021-03-29,1240988699,0.18536770159681126,0.20065049080344283,0.19775147174355373,0.18833072114257013,0.18146448567964424,0.1782321238847873,0.17739611715256448,13.399966590917078,0.17402554014178023,0.297918909574212
Low income,2021-03-29,704080579,0.30960079819436986,0.42085968545820257,0.4151692757026036,0.31981229478230383,0.18621795741774919,0.10560110310919231,0.0856468403896892,0,0,0.011768397321466239
Lower middle income,2021-03-29,2994738553,0.33047601742020355,0.46595442107161855,0.4485087388231699,0.34452712730944063,0.25838891218023147,0.15215167991489847,0.11775801599372193,2.237083834625827,0.04474167669251654,0.031130764288791656
Unknown income group,2021-03-29,256806,-0.13524401498711483,0.4196345472103529,0.31571291996832984,0.13272189850795565,-0.13524401498711483,-0.13524401498711483,-0.17522104131589203,0,0,0
Upper middle income,2021-03-29,2928345496,0.39718140178902805,0.4855164516872074,0.47148013405952793,0.39718140178902805,0.3374817437535753,0.30553600659487035,0.2963562962540357,11.972940173958145,0.22172111433255823,0.19193681236307233
High income,2021-04-05,1240988699,0.24266002077697718,0.25912508005283,0.256973934043055,0.2472363322457685,0.2397177746665145,0.23570289972656458,0.23512470708289038,17.837379150070234,0.23165427467623684,0.26579057510015247
Low income,2021-04-05,704080579,0.32498004275085784,0.42458485619693465,0.41023918927803055,0.32498004275085784,0.194507821451713,0.11687612652394809,0.10731018160221818,0,0,0.012782769853960138
Lower middle income,2021-04-05,2994738553,0.547547077370032,0.8148032433758619,0.7822263697605656,0.6156819472309105,0.41938082058424314,0.2757105881848747,0.22316641521936662,2.619966658472189,0.052399333169443785,0.04215015693892528
Unknown income group,2021-04-05,256806,-0.13603295413846248,0.4344666652145041,0.29750005527731765,0.1277208991201725,-0.13603295413846248,-0.13603295413846248,-0.16904343244418338,0,0,0
Upper middle income,2021-04-05,2928345496,0.42026919878845087,0.4916827528775019,0.4753019098844874,0.42026919878845087,0.3558672664421847,0.3164747899076195,0.3058404611808784,11.563402578727967,0.21413708479125868,0.19395641695142382
High income,2021-04-12,1240988699,0.22548090096461237,0.24165837095116025,0.2395504480273203,0.23093076876564578,0.22222294846925975,0.21895877836858033,0.2180196695579459,16.48432250954402,0.2140821105135587,0.30946526774133015
Low income,2021-04-12,704080579,0.3708067135981144,0.4727014545146805,0.457171639634834,0.3708067135981144,0.2212010248039269,0.1340898476334067,0.11576380701984211,0,0,0.011463886720840798
Lower middle income,2021-04-12,2994738553,0.6946568952423374,1.0512330949577902,0.9843560328390417,0.7782541682151997,0.5253511277564779,0.3597912280519027,0.32784918289280685,2.619966658472189,0.052399333169443785,0.06193251822073164
Unknown income group,2021-04-12,256806,-0.13836624798645286,0.42669061269055214,0.31304436252624884,0.13701952874429327,-0.13836624798645286,-0.13836624798645286,-0.17568379265688885,0,0,0
Upper middle income,2021-04-12,2928345496,0.4262589588346663,0.5061225954512898,0.49229197060581403,0.43343086277870363,0.37177129392184294,0.3335031574778514,0.3254307204820374,12.093029779715671,0.22394499592066058,0.2361401688921477
High income,2021-04-19,1240988699,0.2526519854998586,0.2688518288721172,0.2656141922338719,0.25608105243753015,0.24746322917734564,0.2441706676748163,0.24346155476982764,18.441205760742722,0.23949617871094442,0.2770836674637599
Low income,2021-04-19,704080579,0.34377060854100083,0.4678986194345543,0.45092587041064286,0.34377060854100083,0.19100153915617643,0.11165256586214195,0.09782301387349727,0,0,0.014751010480577394
Lower middle income,2021-04-19,2994738553,0.7072087715278929,1.4916959542032189,1.3237770495195744,0.9834774487509286,0.6802747704346594,0.5629771150616163,0.5174081795942644,2.619966658472189,0.052399333169443785,0.0789719355511299
Unknown income group,2021-04-19,256806,-0.08627877208899752,0.387118638635838,0.3372707279647322,0.1604547757912546,-0.08627877208899752,-0.12625644843541015,-0.16728899254268564,0,0,0
Upper middle income,2021-04-19,2928345496,0.4321127772942085,0.520446520152537,0.4974974636087644,0.4376348617198749,0.37687312584139226,0.3391544409565082,0.3319599549116427,11.840641528052895,0.219271139408387,0.22475397827852484
High income,2021-04-26,1240988699,0.22478244922735433,0.24351563797827086,0.24146474984432037,0.23207421242390808,0.2221087270100405,0.21898983771635944,0.21806593273289868,16.450688489962687,0.21364530506445045,0.26158884465393506
Low income,2021-04-26,704080579,0.33435445080853,0.46000816709896986,0.4338306509237409,0.33435445080853,0.18839492596018917,0.10737124843464131,0.09494984511609147,0,0,0.012478685340928854
Lower middle income,2021-04-26,2994738553,1.0759402614774183,2.282492712099568,2.1685299164320417,1.594216249043486,1.0241924898398624,0.7117420452321899,0.6458072451955829,2.619966658472189,0.052399333169443785,0.11663792809228245
Unknown income group,2021-04-26,256806,-0.08820337265975131,0.39130068769453974,0.3371925101153828,0.14789233215319744,-0.08820337265975131,-0.12628559344459986,-0.16316884467083687,0,0,0
Upper middle income,2021-04-26,2928345496,0.4084281504438371,0.5064207151425684,0.49330244557691594,0.425415272618734,0.3632593529660283,0.32696819377276676,0.31938813952643386,11.395340448965404,0.21102482312898893,0.2245344345119583
High income,2021-05-03,1240988699,0.19692592178486987,0.2284460930163762,0.22153302511651923,0.20806269640366887,0.19450494073472258,0.1902826601787106,0.18928572328790655,14.130776174143907,0.18351657369018062,0.23347754917790753
Low income,2021-05-03,704080579,0.3535400301906779,0.472349082392213,0.44880085866282693,0.3535400301906779,0.19013750396999182,0.1143059632632582,0.09545250479415164,0,0,0.00988139739613525
Lower middle income,2021-05-03,2994738553,1.6178392928958436,2.89594375964921,2.615334689924895,2.087597014093688,1.2809658691277093,0.8114574623464879,0.7592641475823747,2.2366061427507264,0.04473212285501453,0.14969587229940737
Unknown income group,2021-05-03,256806,-0.10814194704576233,0.3505087946017031,0.2643368579457433,0.13475854448838798,-0.10814194704576233,-0.11455001313088468,-0.16037394353130754,0,0,0
Upper middle income,2021-05-03,2928345496,0.34689994095028254,0.4482645096741477,0.4204443692857229,0.3649749357536147,0.2952526247333078,0.26092588792218635,0.2471782096416902,8.289051934065172,0.15350096174194763,0.2141385300527394
High income,2021-05-10,1240988699,0.21940644485639585,0.2623311081036333,0.25921647458847563,0.22861554933702538,0.1974488498124044,0.18738314588753613,0.18394377602788628,13.442171177091163,0.1745736516505346,0.2068972104314062
Low income,2021-05-10,704080579,0.34622430243853336,0.46079932244615646,0.43584774973868645,0.34622430243853336,0.18476507833376601,0.11655744087626944,0.10013812577623896,0,0,0.010773766847501696
Lower middle income,2021-05-10,2994738553,1.872629813788095,2.8905434243384898,2.7813484652954523,2.216805596018063,1.307413224400859,0.8081947217654846,0.7269809767231301,2.2366061427507264,0.04473212285501453,0.16390175346301758
Unknown income group,2021-05-10,256806,-0.11667813192804283,0.2933898704220698,0.23987186099740895,0.12887203018706325,-0.11667813192804283,-0.11846864135608953,-0.16223018535503836,0,0,0
Upper middle income,2021-05-10,2928345496,0.3239417957466949,0.4482963782999561,0.4242871610287976,0.34744257647420657,0.2764811070506238,0.24443766696792602,0.23343561230247123,7.940228925608837,0.14704127640016365,0.19461504825112344
High income,2021-05-17,1240988699,0.18831910038852395,0.2348678535426818,0.22735432563129937,0.19773278080384996,0.16181749061262993,0.1502126352679987,0.14893641189938617,10.630409069336478,0.13805726064073348,0.17420400377070638
Low income,2021-05-17,704080579,0.33236391575976976,0.4501043040532641,0.42110938687705046,0.33236391575976976,0.17573508444344363,0.11614166177224025,0.09006783236011541,0,0,0.006249426743526184
Lower middle income,2021-05-17,2994738553,1.913099305879158,2.9318093982446767,2.8768487235165052,2.373168031650869,1.4411098492896612,0.7134100219011543,0.6579968707326451,2.2366061427507264,0.04473212285501453,0.16975966048546076
Unknown income group,2021-05-17,256806,-0.06966271830314757,0.156059695420772,0.14426775373527473,0.06269601566116448,-0.06966271830314757,-0.09325504908499874,-0.1195546915299409,0,0,0
Upper middle income,2021-05-17,2928345496,0.3203853433336836,0.42510734395807703,0.3983871913428008,0.3323611957156708,0.2619544208864817,0.2375275644863115,0.23282306018324647,7.545023802293309,0.13972266300543165,0.18250677754043268
High income,2021-05-24,1240988699,0.161707569545436,0.21526140411664885,0.1949280204629805,0.16647821170470103,0.12942705614626823,0.11785161468063753,0.11636901068843188,7.521355732034619,0.09767994457187817,0.15168784385521628
Low income,2021-05-24,704080579,0.3432400527105643,0.4491165818875503,0.4292289025152596,0.3432400527105643,0.18759180856635665,0.12248032609919221,0.11121995639465988,0,0,0.009171393435068743
Lower middle income,2021-05-24,2994738553,1.7466684246873447,2.8644226773271675,2.775379797544591,2.2318688823521815,1.3927675797273507,0.5513729714031144,0.4977928994585292,2.2366061427507264,0.04473212285501453,0.16651590486937579
Unknown income group,2021-05-24,256806,-0.03019997748579113,0.20076680332364888,0.1828664271365504,0.0916358499954326,-0.03019997748579113,-0.06556656146954513,-0.0926043042790352,0,0,0
Upper middle income,2021-05-24,2928345496,0.32786956345299345,0.43025670390885234,0.40975892635777766,0.3386826045698574,0.2731601001901589,0.2363520004109026,0.23042120250124185,7.536067013736629,0.13955679655067832,0.1738915031356669
High income,2021-05-31,1240988699,0.18270914336692098,0.23401269455296633,0.2265108056037668,0.1926686021090049,0.1542031440704803,0.14157237771635447,0.13930629192069297,8.601839074918965,0.11171219577816838,0.14135036051605496
Low income,2021-05-31,704080579,0.35929923830134236,0.45832838456947067,0.4408760252796563,0.35929923830134236,0.2143353983597869,0.14350716305184336,0.11759529027151984,0,0,0.007466759000037693
Lower middle income,2021-05-31,2994738553,1.357613883958655,2.7226652838989565,2.58052136019027,2.1222033764366,1.0927180544767758,0.5136050595255882,0.415593211150369,2.2366061427507264,0.04473212285501453,0.1454171014574039
Unknown income group,2021-05-31,256806,-0.02409416791785658,0.21264435209511462,0.1859560072024479,0.09582875309747427,-0.02409416791785658,-0.056770736586049475,-0.07850627499556048,0,0,0
Upper middle income,2021-05-31,2928345496,0.34554716629435556,0.46742117775246345,0.4355912025653577,0.36780400224611665,0.29839135798599936,0.256085864470261,0.24374464298884696,7.586699212577611,0.14049442986254834,0.17340843172147336
High income,2021-06-07,1240988699,0.17667870868253227,0.24246024124819274,0.23085957643465999,0.19603074888486174,0.1541345357718774,0.13805184707692875,0.13600909752602208,7.596948231061634,0.09866166533846278,0.11505825968847118
Low income,2021-06-07,704080579,0.3215607839514576,0.44494921234552165,0.4340383947943815,0.32156457455366627,0.2083457682241347,0.14247124784696585,0.1275082241843954,0,0,0.010287174814972419
Lower middle income,2021-06-07,2994738553,1.1282378039714653,2.39801263571079,2.175462952197021,1.532136558198023,0.8016171968603423,0.4760011953019581,0.3711441555710239,0.7698423768268211,0.015396847536536421,0.11818834724167655
Unknown income group,2021-06-07,256806,-0.017294777186499057,0.1946675158095373,0.18105465958987724,0.09623725010623609,-0.017294777186499057,-0.04153023271245978,-0.0847971722084644,0,0,0
Upper middle income,2021-06-07,2928345496,0.390430308835977,0.5110921782447717,0.47505578852384156,0.41792156351111215,0.3440978684427326,0.308025597345486,0.28255882193370685,9.46251496975894,0.17523175869923965,0.18157488613495218
High income,2021-06-14,1240988699,0.204122452007302,0.27790259309702897,0.2615481760746851,0.2227244042081821,0.18166692029089582,0.16593829512359107,0.16301078873041733,10.030177479992933,0.13026204519471343,0.10061139162718516
Low income,2021-06-14,704080579,0.3353377789735575,0.4619881131558145,0.44913489486502095,0.3353377789735575,0.21709368811508586,0.15564333579965614,0.12975221231635287,0,0,0.014548050756559783
Lower middle income,2021-06-14,2994738553,0.6047512184572561,1.3466341209036183,1.2361330279179281,0.9762072102379035,0.604126954596333,0.3850088577532835,0.35275584420970274,0.7698423768268211,0.015396847536536421,0.14799776079150773
Unknown income group,2021-06-14,256806,-0.02096151742615079,0.18371736674797226,0.17331467054432528,0.08916051391281708,-0.02096151742615079,-0.049360814053269655,-0.08148276629503949,0,0,0
Upper middle income,2021-06-14,2928345496,0.4002649787191963,0.5163458839230919,0.48489481259450523,0.42156298528326747,0.3477417614777777,0.2959367320919413,0.2868446525749023,9.225897690888122,0.17084995723866894,0.17179847824896138
High income,2021-06-21,1240988699,0.14435212357312707,0.21656301490756838,0.19928642778791625,0.1619801591251423,0.12188356969193836,0.10738658565112112,0.10205606369367123,6.3458540306905045,0.08241368871026629,0.08190485544461835
Low income,2021-06-21,704080579,0.35788273748112925,0.49218356936911734,0.46840531297285803,0.35788273748112925,0.24738610516730652,0.17049898732814667,0.15309464097574535,0,0,0.021020463341029038
Lower middle income,2021-06-21,2994738553,0.5888734262686363,1.2124261943053,1.0964085695881027,0.8170397524259061,0.47343612622768605,0.2927403198290183,0.25613461455728104,0.7698423768268211,0.015396847536536421,0.08240655924797853
Unknown income group,2021-06-21,256806,-0.006084675805179998,0.2142228859029346,0.18489594669312712,0.11263621044600614,-0.006084675805179998,-0.04327342725766955,-0.06585534261615401,0,0,0
Upper middle income,2021-06-21,2928345496,0.42497188732823404,0.561898223415651,0.5135569708382707,0.4524943253215111,0.3757411155281887,0.3235411366058726,0.30779163251863567,9.701836847527268,0.179663645324579,0.1743404255738818
High income,2021-06-28,1240988699,0.14424887109990617,0.21505894511938706,0.20229852902846798,0.16545430540824374,0.12347670557145023,0.10548337628156984,0.10116645795886672,5.57636480992991,0.07242032220688195,0.07499802381359155
Low income,2021-06-28,704080579,0.3569244932156803,0.4875840057681317,0.4482934075427791,0.3569244932156803,0.2418816698550624,0.16887699178716964,0.14599484489658443,0,0,0.021791539857258298
Lower middle income,2021-06-28,2994738553,0.5858016696517478,1.1189316073194873,1.0159117997220724,0.8003132633099348,0.47214778867632745,0.282796990728587,0.24459511444928572,0.7698423768268211,0.015396847536536421,0.06416025860004347
Unknown income group,2021-06-28,256806,-0.029962500598603926,0.18294724184200517,0.16984563187961763,0.08207560851862122,-0.029962500598603926,-0.05809095684639354,-0.0920619891856846,0,0,0
Upper middle income,2021-06-28,2928345496,0.46373958748188693,0.5755870056204269,0.5552766603092983,0.4729950211544593,0.3937413261741045,0.3427977041050167,0.31846164773536273,9.78571453801098,0.1812169358890922,0.17275966947583155
High income,2021-07-05,1240988699,0.11320937232192235,0.18698993984070836,0.17881732892783578,0.13311060065100294,0.09341677322153208,0.07345571371065598,0.06819916839930333,3.10271011966356,0.04029493661900727,0.06276084549582188
Low income,2021-07-05,704080579,0.3800803504383037,0.524627880337185,0.48709690147597196,0.4038171944744071,0.25722497822176,0.17191518418113994,0.15337216821462482,0,0,0.03800317861061184
Lower middle income,2021-07-05,2994738553,0.5720093851374013,1.292014156615189,1.1217528509204617,0.8135639911582304,0.47228537705373863,0.2803772275240822,0.23146020853954422,0.019620027217954198,3.92400544359084e-4,0.05318384132078858
Unknown income group,2021-07-05,256806,-2.4703001981292737e-4,0.21763120038778627,0.19231772978946635,0.11904824957441419,-2.4703001981292737e-4,-0.029031640895574886,-0.05863813780736412,0,0,0
Upper middle income,2021-07-05,2928345496,0.4798278361720652,0.6085701341554495,0.5829526381562604,0.5006653639369674,0.41871655333124924,0.3602881711123919,0.3333599017847558,9.89242496246849,0.1831930548605276,0.17859436351153832
High income,2021-07-12,1240988699,0.1492340648688445,0.22464076171907577,0.21322396565048743,0.17183688081088058,0.12243064012287254,0.10152932455709146,0.09695024023925587,5.542165909917492,0.07197618064827911,0.054427006510556465
Low income,2021-07-12,704080579,0.3869807421717569,0.5686158320075213,0.5078594295071188,0.3942434307226885,0.23813542618130157,0.1447471222401205,0.12452286196633158,0,0,0.02059394965927614
Lower middle income,2021-07-12,2994738553,0.5970853330780924,1.2480134773796407,1.1608568199390301,0.8142592503597692,0.4802663092274302,0.3054273778532503,0.2655361546463388,0.019620027217954198,3.92400544359084e-4,0.06651184952371367
Unknown income group,2021-07-12,256806,0.0018197974010105604,0.21898870076495283,0.1942057689811339,0.1227652125351042,0.0018197974010105604,-0.024064563556073473,-0.04463984208986956,0,0,0
Upper middle income,2021-07-12,2928345496,0.5250389908245576,0.6671312192723253,0.6527822276677598,0.5602088973143053,0.46731496328359734,0.40819682393303075,0.3882289586360314,9.824992322540506,0.18194430226926864,0.18065781538504636
High income,2021-07-19,1240988699,0.1547488177939647,0.23704146590098127,0.22361692494812577,0.17847828472783642,0.12966023857051776,0.11287716648977882,0.10936710659905027,6.1723404141917495,0.08016026511937337,0.047945964413653376
Low income,2021-07-19,704080579,0.35520086673068507,0.5079017304158604,0.48209462842733003,0.374261935669221,0.23236026131888823,0.15096600978753424,0.12809784741062716,0,0,0.023820426951444148
Lower middle income,2021-07-19,2994738553,0.5715167492099619,1.139932042210924,1.0090676319126621,0.788700672708356,0.49089713928018514,0.3113032497137652,0.24330897837864038,0.019620027217954198,3.92400544359084e-4,0.055192096763980854
Unknown income group,2021-07-19,256806,-0.031168947922712426,0.20122577431096225,0.17382832723623168,0.08863366186743302,-0.031168947922712426,-0.0687926410735496,-0.07728094564903888,0,0,0
Upper middle income,2021-07-19,2928345496,0.5430491291222226,0.682735145731506,0.6638277760856424,0.5799254042553283,0.48941426903539853,0.43674230249584894,0.4186525306143785,9.557869275585475,0.17699757917750877,0.18812670866620992
High income,2021-07-26,1240988699,0.12846305130720678,0.21508173514215315,0.20373821897526512,0.1549572391262039,0.10770506377215033,0.08652519915025764,0.08377954278838154,4.188641374972643,0.054397939934709656,0.05369017465968076
Low income,2021-07-26,704080579,0.3764623982081415,0.5090782379127611,0.4691734120269983,0.3841363044377394,0.24893002259872535,0.17241563053958134,0.14645241532757963,0,0,0.020127809831266486
Lower middle income,2021-07-26,2994738553,0.6476043046587417,1.2509487495091454,1.135736335634846,0.8578603724842239,0.4970953436549248,0.30161808446570965,0.25950443905509,0.019620027217954198,3.92400544359084e-4,0.07293745217965276
Unknown income group,2021-07-26,256806,-0.03281726269453239,0.19207476727391878,0.17634982559870122,0.08291172477981804,-0.03281726269453239,-0.06609227040136914,-0.08174991453802487,0,0,0
Upper middle income,2021-07-26,2928345496,0.562319816518494,0.722070936664612,0.6683498909592445,0.606970010019999,0.5041944679139624,0.44881636986885404,0.43217943411956794,9.292309276045232,0.17207980140824505,0.19797622950977092
High income,2021-08-02,1240988699,0.07645004205968971,0.1751784103744783,0.15519311711714562,0.09990515039194874,0.03979272234759167,0.010103046380888244,-0.0016267976355728235,-3.5147619691775747,-0.0456462593399685,0.06598424310066985
Low income,2021-08-02,704080579,0.35985866992019594,0.49773680340409837,0.4619847027717027,0.3814927797935013,0.2387440622655674,0.1658766539212099,0.13968514205784022,0,0,0.02085812396765456
Lower middle income,2021-08-02,2994738553,0.6685196926995601,1.2593643449703544,1.1793386652851765,0.8987612287742488,0.5493425868758175,0.33990419023700563,0.2805438175968064,0,0,0.07005135716767193
Unknown income group,2021-08-02,256806,-0.03024556580144968,0.20997291201372636,0.18861201322886131,0.10092705198981311,-0.03024556580144968,-0.04446832425187501,-0.06766601260326846,0,0,0
Upper middle income,2021-08-02,2928345496,0.5653467868818778,0.7458876026439205,0.7092566255459336,0.5870001637400646,0.47013862413089624,0.38876593073827703,0.36291920395381116,1.7666616896873935,0.03271595721643321,0.21072353000794958
High income,2021-08-09,1240988699,0.29281025629941443,0.3760412741072844,0.3545454691224747,0.29281025629941443,0.15805642177917434,0.12011185558750392,0.11412281393513592,0.011044021294483996,1.4342884798031164e-4,0.08029315664219437
Low income,2021-08-09,704080579,0.3271416154294946,0.45945519546174557,0.4373298385168672,0.34027938586847256,0.21640743109444013,0.13940690240996279,0.12907907723239362,0,0,0.018423175396235437
Lower middle income,2021-08-09,2994738553,0.6117515223816051,1.2209571197552014,1.1217636557413873,0.8955557614786223,0.5424090078315922,0.33815146640765936,0.2761272453758213,0,0,0.074683380883433
Unknown income group,2021-08-09,256806,-0.0705996152983151,0.25582314603108564,0.19867840679810042,0.08747929603621415,-0.0705996152983151,-0.0705996152983151,-0.08371712516865258,0,0,0
Upper middle income,2021-08-09,2928345496,0.5453327116598254,0.7427047211790657,0.7106469511257811,0.5681243573290834,0.46725175556315734,0.3573850972202924,0.33174562288182663,1.4840094973115323,0.02748165735762097,0.21284568397116485
High income,2021-08-16,1240988699,0.4003814440198432,0.45686356804172823,0.4295472971590229,0.4003814440198432,0.1758576336058545,0.1308125903962891,0.10668454589815005,0,0,0.09454445483229981
Low income,2021-08-16,704080579,0.30724224557462,0.47146573550433934,0.42645893776733923,0.3242571795936037,0.1845379475851652,0.08227077417532334,0.0676646981446954,0,0,0.015156503841018458
Lower middle income,2021-08-16,2994738553,0.6060769045233141,1.2077893175858314,1.113559938942317,0.8963145768909736,0.5237773690109496,0.33117031044641676,0.2574236338855436,0,0,0.07409191021958303
Unknown income group,2021-08-16,256806,-0.1210421973435242,0.3640439448116043,0.28593961241589,0.1326957996421583,-0.1210421973435242,-0.1210421973435242,-0.1210421973435242,0,0,0
Upper middle income,2021-08-16,2928345496,0.5873829900404686,0.8446923833168252,0.7424654128453505,0.6148616635833095,0.47536392239958797,0.3812794134962372,0.3260958680202633,0,0,0.21419716384449466
High income,2021-08-23,1240988699,0.34675421875677864,0.4631454475895705,0.4306187230465024,0.34675421875677864,0.18242655108275146,0.12440875416378892,0.11547812885245805,0,0,0.1344780980958796
Low income,2021-08-23,704080579,0.41603961892587893,0.6685009566632473,0.5578709435327774,0.43284459830453414,0.24588927217066933,0.13429305345227063,0.11865521044121506,0,0,0.01300618178249737
Lower middle income,2021-08-23,2994738553,0.5687086372902691,1.0913754753969458,1.0802869202973848,0.8781561142684836,0.5284806222013054,0.31347852025497996,0.2603669679034372,0,0,0.07084812121160147
Unknown income group,2021-08-23,256806,-0.14501187438791516,0.39142363761353666,0.3214158450893207,0.12140162207833967,-0.14501187438791516,-0.14501187438791516,-0.14501187438791516,0,0,0
Upper middle income,2021-08-23,2928345496,0.5587931071220112,0.83655845501945,0.7360041914453616,0.6080117167879012,0.45723805405745604,0.34624222189576886,0.317135485931521,0,0,0.2072502376611643
High income,2021-08-30,1240988699,0.364266934578048,0.5244811878213731,0.47209918984342764,0.364266934578048,0.18837235996838467,0.13372854164319306,0.11943922680406036,0,0,0.16460359402515398
Low income,2021-08-30,704080579,0.34010091885583504,0.4853152491410324,0.47223560968500655,0.3685671741784239,0.2101038065609149,0.10305899983743874,0.0905590227917434,0,0,0.011484054866964312
Lower middle income,2021-08-30,2994738553,0.5741169452736122,1.076092652745781,1.0615791403996484,0.8337067699519728,0.5067373252484783,0.2920945568468496,0.25806964843611213,0,0,0.06996079834418854
Unknown income group,2021-08-30,256806,-0.15342871713959946,0.3905340971873084,0.32234204895322527,0.12463147287814527,-0.15342871713959946,-0.15342871713959946,-0.15342871713959946,0,0,0
Upper middle income,2021-08-30,2928345496,0.5223612616202239,0.8049794564785343,0.6868681578944601,0.557380300049079,0.41993257388674765,0.31533978103770066,0.295798307301794,0,0,0.19106352060037113
High income,2021-09-03,1240988699,0.3597438794193796,0.5245076532595128,0.4818400232589159,0.3597438794193796,0.19653149552315424,0.14081613501886314,0.12114152087386187,0,0,0.18355203410276985
Low income,2021-09-03,704080579,0.3145393333430821,0.437062330587345,0.4214610036109385,0.32112350338645873,0.1807338651623968,0.08473226156463756,0.06436098782436271,0,0,0.011362335844232966
Lower middle income,2021-09-03,2994738553,0.560044869240819,1.0470849302952228,1.0289882377979083,0.8019948014420677,0.49825043668441,0.28661165419203666,0.2431779812331039,0,0,0.06086391074686913
Unknown income group,2021-09-03,256806,-0.1527748599117698,0.35046167194748973,0.3078034515469142,0.10720836298629695,-0.1527748599117698,-0.1527748599117698,-0.1527748599117698,0,0,0
Upper middle income,2021-09-03,2928345496,0.5069295418551486,0.7964549442980853,0.6839928481238855,0.5524283175453116,0.4107363563360553,0.3058578556943142,0.2824616778160826,0,0,0.18349709784381263
