World_Bank_income_group,date,population,cumulative_estimated_daily_excess_deaths_per_100k,cumulative_estimated_daily_excess_deaths_ci_95_top_per_100k,cumulative_estimated_daily_excess_deaths_ci_90_top_per_100k,cumulative_estimated_daily_excess_deaths_ci_50_top_per_100k,cumulative_estimated_daily_excess_deaths_ci_50_bot_per_100k,cumulative_estimated_daily_excess_deaths_ci_90_bot_per_100k,cumulative_estimated_daily_excess_deaths_ci_95_bot_per_100k,cumulative_estimated_daily_excess_deaths_raw_estimate_per_100k,cumulative_daily_excess_deaths_per_100k,cumulative_daily_covid_deaths_per_100k
High income,2020-01-01,1240988699,-0.0028728163935340546,0.005391913255053683,0.003759373134462102,2.228558431585394e-4,-0.002925639026296178,-0.0057058601415770184,-0.006820809933893335,0,0,0
Low income,2020-01-01,704080579,0.11664625306093465,0.32305669709309176,0.24403103939662915,0.11664625306093465,-0.011980880938375078,-0.0903296324514089,-0.14030788178653977,0,0,0
Lower middle income,2020-01-01,2994738553,0.04718127598170344,0.12852316285749973,0.11335721330926703,0.05660012340113986,-0.02598540484275039,-0.06649369650610726,-0.07977084982336605,0,0,0
Unknown income group,2020-01-01,256806,-0.1593184027085762,0.49271956263242633,0.40858636324044834,0.055190673699399236,-0.16384793344849424,-0.3720154935511885,-0.5383593619559471,0,0,0
Upper middle income,2020-01-01,2928345496,-0.22239467260421283,-0.1964561810468329,-0.20868868184579395,-0.22239467260421283,-0.24855888621207228,-0.26291187895095885,-0.2694257029985617,-13.023700298228539,-0.24117963515238036,0
High income,2020-01-06,1240988699,-0.005490850008320726,0.011019940187096908,0.007619709177362022,8.017205613892082e-4,-0.005490850008320726,-0.010691570233920379,-0.012925144298429883,0,0,0
Low income,2020-01-06,704080579,0.23324865624052118,0.6460314971862736,0.48813865198028195,0.23324865624052118,-0.012414205345067156,-0.17744215424003504,-0.2529894095925793,0,0,0
Lower middle income,2020-01-06,2994738553,0.09454779674398742,0.2591444014129314,0.22713430395735076,0.12035896371941342,-0.05212327034688802,-0.12899679086045868,-0.15817221970645276,0,0,0
Unknown income group,2020-01-06,256806,-0.3188823197625727,0.9854253463667078,0.8209265478866699,0.10993268295802215,-0.32768592897935805,-0.7451931921414906,-1.0814391040626852,0,0,0
Upper middle income,2020-01-06,2928345496,-0.44461093124666556,-0.3985382932515632,-0.41749909892322506,-0.44461093124666556,-0.495685026074751,-0.5182936595263498,-0.5270460092770807,-26.047400596457077,-0.4823592703047607,0
High income,2020-01-13,1240988699,-0.008032130219708262,0.016751528242068506,0.012459557244143705,0.0010154419676534378,-0.008148486261721384,-0.015097138005988067,-0.019038148295099356,0,0,0
Low income,2020-01-13,704080579,0.3502292037206177,0.9771084966704393,0.7302192677154042,0.3502292037206177,-0.015419438250446553,-0.2691933654049,-0.370871600711944,0,0,0
Lower middle income,2020-01-13,2994738553,0.15023160749668052,0.39448441758492436,0.34809396794948994,0.18711648329687008,-0.07632442681092531,-0.1960164472907755,-0.23692328039678137,0,0,0
Unknown income group,2020-01-13,256806,-0.45231860229691223,1.5307003072989154,1.264034581086902,0.18620312096057576,-0.45231860229691223,-1.1338975252182288,-1.6086573080434912,0,0,0
Upper middle income,2020-01-13,2928345496,-0.7256419842818412,-0.6539107017231872,-0.6840530664597224,-0.7256419842818412,-0.7985859273231162,-0.8361420054666499,-0.8474357122175147,-42.2717829901137,-0.7828107961132164,0
High income,2020-01-20,1240988699,-0.011912384958323849,0.020370863681689805,0.016251613588994185,9.907588342952074e-4,-0.011912384958323849,-0.021193352708583354,-0.025411075700322576,0,0,0
Low income,2020-01-20,704080579,0.4534952782458305,1.3008204035875184,1.0111095855433911,0.4703611536324961,0.005093751405136823,-0.33726998531531277,-0.5058250002794233,0,0,0
Lower middle income,2020-01-20,2994738553,0.19674897218253648,0.5731856743472197,0.4874704766574506,0.2751161699048734,-0.08897659259013219,-0.2661596170834145,-0.3466445186911863,0,0,0
Unknown income group,2020-01-20,256806,-0.7923706563008834,1.7102322366463278,1.2623857357250332,0.14094896147559458,-0.7923706563008834,-1.5510958139055777,-2.270112918979275,0,0,0
Upper middle income,2020-01-20,2928345496,-1.0806709078392873,-0.9791434678747515,-1.0196740744573771,-1.0806709078392873,-1.1775995425912502,-1.2241261389034808,-1.229500133008562,-62.315941885715745,-1.1539989238095507,0
High income,2020-01-27,1240988699,-0.5590682757012844,-0.5186536471961892,-0.5229582584603097,-0.5428065058872217,-0.5590682757012844,-0.5729455051281247,-0.576671072825727,-41.8069415046961,-0.5429472922687805,0
Low income,2020-01-27,704080579,0.5889084741452116,1.6450367809987705,1.296778783454096,0.5966215351145041,0.01990007688701473,-0.41019198036620064,-0.6561655502032948,0.059273053470189935,0.002043898395523791,0
Lower middle income,2020-01-27,2994738553,0.24448984420006137,0.8624411575618182,0.6613228441743165,0.357767668606726,-0.1766903740232745,-0.41389643565821677,-0.4477734714321522,-1.5503494702816003,-0.031006989405632006,0
Unknown income group,2020-01-27,256806,-1.3148247670223019,2.068796681549929,1.4657681483521814,0.021376675862771016,-1.3148247670223019,-2.3218025800806075,-3.387634961999093,0,0,0
Upper middle income,2020-01-27,2928345496,-1.263594303645258,-1.115135280785714,-1.1403846373272262,-1.2280725408074367,-1.3849000321943865,-1.4543712164649902,-1.4649502315659813,-72.99743612388157,-1.3518043726644735,0
High income,2020-02-03,1240988699,-1.245778156407066,-1.190775904316659,-1.1990615376865255,-1.2240726333689218,-1.245778156407066,-1.2626859541387312,-1.2677137653123012,-94.34103552663596,-1.2252082535926747,0
Low income,2020-02-03,704080579,0.7388309009102625,1.9295245570894348,1.657397558943481,0.7540637109331934,0.016409903253750607,-0.43921991966564056,-0.9002903998311027,0.11854610694037987,0.004087796791047582,0
Lower middle income,2020-02-03,2994738553,0.25845658849638176,1.0246771152944743,0.7886237463291946,0.37577398421814934,-0.3345678523684663,-0.6753605508710837,-0.7862300181659837,-3.221743869171851,-0.06443487738343702,0
Unknown income group,2020-02-03,256806,-2.0224010343251266,2.234073567370657,1.6777383350711501,-0.06079248657649461,-2.0224010343251266,-3.4875224896436685,-4.336602144646926,0,0,0
Upper middle income,2020-02-03,2928345496,-1.0209466684484356,-0.7903861704228399,-0.8160177387448297,-0.9247680122051158,-1.186069813098607,-1.2835215893221426,-1.2918374651928455,-61.33245036581928,-1.1357861178855422,0.011713098760666183
High income,2020-02-10,1240988699,-1.8766539925934596,-1.7981925975332815,-1.8053167752948633,-1.8443597969477408,-1.8766539925934596,-1.8964808999873566,-1.89998024921014,-142.39365978352927,-1.8492683088770034,8.066149198672113e-5
Low income,2020-02-10,704080579,0.8895120487208096,2.419490928142195,2.167839492693693,0.9552609941866915,0.038193851918482805,-0.4715712419653278,-1.0515812372496993,0.17781916041056978,0.0061316951865713724,0
Lower middle income,2020-02-10,2994738553,0.2509297371915793,1.1861336843456722,0.9048734154714798,0.409119890104419,-0.47975756348481363,-0.9698589020281356,-1.0136870299445278,-4.937939062619698,-0.09875878125239397,0
Unknown income group,2020-02-10,256806,-2.416813569398196,2.710202142172683,2.0743396013808053,-0.010572986055055175,-2.416813569398196,-4.404590870618949,-4.996173549711781,0,0,0
Upper middle income,2020-02-10,2928345496,-1.174433148762521,-0.8532042569736851,-0.8738880628778405,-1.0235638743159268,-1.390834169353067,-1.5050708453785144,-1.5304453482967528,-70.90062794910851,-1.3129745916501576,0.03172433038618473
High income,2020-02-17,1240988699,-2.6856823022612732,-2.578459848940493,-2.5898302278192364,-2.641167194654436,-2.6856823022612732,-2.7079719773098128,-2.714856709273352,-204.14508727182843,-2.651234899634136,3.226459679468845e-4
Low income,2020-02-17,704080579,1.0425992881937756,2.9301721373120064,2.4452015751968545,1.1821846687035162,0.04200185660344231,-0.5457762796298045,-1.1975810499471107,0.23709221388075974,0.008175593582095164,0
Lower middle income,2020-02-17,2994738553,0.23054608749980096,1.3725970269093384,0.9621567925287725,0.4406652520171221,-0.7024853402805306,-1.2257997270426335,-1.4564752077675716,-6.762936185707422,-0.13525872371414846,0
Unknown income group,2020-02-17,256806,-2.9255731161395704,3.4284920959080796,2.3774536697695035,0.0061057381854911575,-2.9255731161395704,-5.531541692594782,-5.900468127636386,0,0,0
Upper middle income,2020-02-17,2928345496,-1.5271281196921562,-1.1046921294295005,-1.1458878641541577,-1.303935437956993,-1.791227486240445,-1.9293004842211974,-1.9549896700890732,-90.37718120543525,-1.6736515038043565,0.06081918962201583
High income,2020-02-24,1240988699,-3.366197293547542,-3.230539909509338,-3.241191168478944,-3.3068040970170327,-3.366197293547542,-3.3911707154258406,-3.3985764030831476,-255.93332235409875,-3.3238093812220617,0.001692763198966085
Low income,2020-02-24,704080579,1.14704958402757,3.3812370128847307,2.436563953332141,1.2358018483798723,-0.024398004873916062,-0.8063241747137488,-1.424148097503145,0.29636526735094965,0.010219491977618953,0
Lower middle income,2020-02-24,2994738553,0.17052255641309275,1.5048236515608653,1.064284739116345,0.4417968797224908,-0.9597452194446539,-1.620438108087719,-1.9311563380208885,-8.769050625616062,-0.17538101251232124,0
Unknown income group,2020-02-24,256806,-3.66113438340997,4.197580557410424,2.747791468645603,-0.06402321821187042,-3.66113438340997,-6.3590742817038874,-6.930660955837276,0,0,0
Upper middle income,2020-02-24,2928345496,-1.8893196164383974,-1.3794857405885121,-1.4226650924225683,-1.6073591436931733,-2.192259949847911,-2.3573271701662417,-2.391275624887156,-109.82221627622567,-2.0337447458560307,0.08615772979815084
High income,2020-03-02,1240988699,-3.7849505219360826,-3.6166786631697705,-3.629271796638577,-3.7130422618147283,-3.7849505219360826,-3.81528266827861,-3.820605458789226,-287.76070689564114,-3.7371520376057283,0.00797815484377751
Low income,2020-03-02,704080579,1.3921834255048133,4.175741486933453,3.3967430389395874,1.6741642596811805,-0.030923959948401556,-0.9972137612802565,-1.584092085887241,0.35563832082113955,0.012263390373142745,0
Lower middle income,2020-03-02,2994738553,0.017859853775472428,1.5778198579584382,1.1092577237117771,0.1853984330292954,-1.3437565019508209,-2.3373972984448868,-2.6687008691752507,-11.5091310328424,-0.23018262065684805,0
Unknown income group,2020-03-02,256806,-4.156287771019989,5.161201984031715,3.1682830659820547,-0.10253066192311232,-4.156287771019989,-7.236443981932854,-7.847693020326492,0,0,0
Upper middle income,2020-03-02,2928345496,-2.4312643737910924,-2.023485758842331,-2.0813418571240145,-2.2483211812426642,-2.7538640839370436,-2.938595612029385,-2.963486664270013,-136.78309287383743,-2.5330202384043967,0.09892931021825029
High income,2020-03-09,1240988699,-3.4614010285451458,-3.256947935046306,-3.269718487850226,-3.3765450296662625,-3.4614010285451458,-3.499358404872952,-3.502258500192921,-262.69526607122697,-3.411626832093857,0.049880953831312844
Low income,2020-03-09,704080579,1.4412326866315157,4.239296085654178,3.671686614436876,1.669086086248238,-0.25928015520073766,-1.732442750006882,-1.9270549080137271,0.41491137429132957,0.014307288768666536,0
Lower middle income,2020-03-09,2994738553,-0.09708451239792017,1.2979027119802646,0.8898560805413718,-0.06874855408384493,-1.7268031314143206,-2.781572101337124,-3.1800539066466436,-14.229510221095587,-0.28459020442191174,3.3425288461232825e-5
Unknown income group,2020-03-09,256806,-4.4015142610897495,6.230073804433164,3.7554541827430326,0.01158612732356766,-4.4841423508941824,-7.748477266598003,-8.690722474677735,0,0,0
Upper middle income,2020-03-09,2928345496,-2.5217943647293977,-2.197608543785518,-2.2962225964274685,-2.4479584624875788,-2.8598375636009465,-3.056989429653686,-3.1161803022731416,-139.97242843002033,-2.5920820079633393,0.11211084909497304
High income,2020-03-16,1240988699,-1.9912174575347794,-1.7522088355123435,-1.7752299216503953,-1.8922143460596512,-1.9912174575347794,-2.0366968650065855,-2.0478355545725337,-149.57901670892255,-1.9425846325834095,0.24529046899886395
Low income,2020-03-16,704080579,1.6775830064742587,4.164319565803135,3.8315244098491696,1.6775830064742587,-0.4956421621716862,-2.064882198126034,-2.71966906774419,0.4741844277615195,0.016351187164190328,0
Lower middle income,2020-03-16,2994738553,-0.11377160599086669,0.9683328048338576,0.8445401202822033,-0.11377160599086669,-2.083361909405806,-3.3887966827247196,-3.7266027903284207,-16.910820890368107,-0.33821641780736217,7.012298278580314e-4
Unknown income group,2020-03-16,256806,-4.563888376361634,7.539663153933346,4.3586656306607106,0.19913479945546686,-4.740841746387409,-8.306245406306797,-9.636086479115287,0,0,0
Upper middle income,2020-03-16,2928345496,-2.7127116292575577,-2.454076571317048,-2.5370767489685098,-2.7127116292575577,-3.12568084586341,-3.325838955776746,-3.39189604481443,-148.99681832297685,-2.7592003393143862,0.13707409202510304
High income,2020-03-23,1240988699,1.0072581573537498,1.3194863201839266,1.2667598908379463,1.1025085958620642,1.0029398940920977,0.9556833569065566,0.9506006019648187,81.84162289612813,1.0628782194302355,0.9204784869680751
Low income,2020-03-23,704080579,1.783413087662893,4.52441690018063,3.732511417851511,1.783413087662893,-1.0369585038170919,-2.83284897016435,-3.818813212918037,0.5334574812317093,0.018395085559714114,9.942043863703843e-4
Lower middle income,2020-03-23,2994738553,-0.3257060350500339,0.66435478448001,0.3601678285087512,-0.3257060350500339,-2.7195713711973943,-4.25884620771539,-4.57971593765797,-19.55740398721338,-0.3911480797442676,0.0034065745037343163
Unknown income group,2020-03-23,256806,-4.683223076387418,8.861180305659202,4.6797552925305865,0.3376151287392809,-5.225482270044702,-8.735569514303029,-10.450894528729137,0,0,0
Upper middle income,2020-03-23,2928345496,-2.444604748422433,-2.222665241500425,-2.2841954416936137,-2.444604748422433,-2.9203956400383184,-3.14096096326072,-3.208780383997831,-133.10706553749253,-2.4649456581017133,0.17948817880880266
High income,2020-03-30,1240988699,5.760389316937224,6.117595148110081,6.068190363969093,5.868924108109432,5.753483975776591,5.708366752365063,5.6945287478596045,448.3381624416127,5.822573538202763,2.6265384226516635
Low income,2020-03-30,704080579,1.796341929988388,4.171753306286873,3.3426749501611273,1.796341929988388,-1.735034045266496,-3.784403550634048,-4.956114617713405,0.5927305347018993,0.020438983955237907,0.004830839113373698
Lower middle income,2020-03-30,2994738553,-0.8031012406904926,0.07784796436368431,-0.25521757027518044,-0.8031012406904926,-3.7497180539057338,-5.348271934756569,-5.955886066288786,-22.167923835768807,-0.4433584767153761,0.010285872858297556
Unknown income group,2020-03-30,256806,-4.991558569091964,10.071789265508254,5.636842853231137,0.8485968991303812,-5.506181133002593,-9.3286543398225,-11.239642320488166,0,0,0
Upper middle income,2020-03-30,2928345496,-2.3246746578733535,-1.9263138861730673,-1.9443013028607896,-2.3246746578733535,-2.969201453817303,-3.3635405746426366,-3.4869377067162035,-124.59456972236876,-2.3073068467105324,0.23580021583628055
High income,2020-04-06,1240988699,10.992870620535403,11.397005116771648,11.346259513938207,11.127467087954203,10.982799121094644,10.933617420376196,10.914127615933356,851.5720445628025,11.059377202114321,5.5717720923419956
Low income,2020-04-06,704080579,1.9422368923155937,3.98653812909775,3.302274261635288,1.9422368923155937,-2.319936136203219,-4.9167057189207926,-6.076605116326912,1.086743285455769,0.03747390639502653,0.009946020681249324
Lower middle income,2020-04-06,2994738553,-1.2673129264169611,-0.4339988504217146,-0.8765843709356496,-1.2673129264169611,-4.583795867235262,-6.41005121187073,-7.230165911766681,-27.363624209412365,-0.5472724841882473,0.029286162530662817
Unknown income group,2020-04-06,256806,-5.323476956418551,10.724017306501663,6.859864819624293,1.3123469690556433,-5.81400599952562,-9.713305348981477,-12.241800926321568,0,0,0
Upper middle income,2020-04-06,2928345496,-1.9985218498821617,-1.1266763187410234,-1.30939263760586,-1.9985218498821617,-2.892805462310877,-3.468565307627389,-3.532034793957159,-110.60412179776584,-2.0482244777364045,0.3322375045324911
High income,2020-04-13,1240988699,15.641427704138387,16.082174561164745,16.026890071394423,15.789238938054694,15.628204723205258,15.574805846880967,15.55218410300808,1208.77117226114,15.698326912482337,9.10726174147054
Low income,2020-04-13,704080579,2.3130172539607092,4.0518276667321365,3.4909914656180567,2.3130172539607092,-3.0964683873634873,-6.05129915075227,-7.28685932995459,1.580756036209639,0.05450882883481514,0.01591323540824437
Lower middle income,2020-04-13,2994738553,-1.6597997850213109,-0.9311444026028962,-1.335037394018658,-1.6597997850213109,-5.407747665531723,-7.30421185755635,-8.840219633311989,-32.66818216585674,-0.6533636433171348,0.0574029074517344
Unknown income group,2020-04-13,256806,-5.657894804841048,11.5281759480992,8.224076855846052,1.7084782481284,-6.169174825876964,-10.456037247672901,-13.299933901077354,0,0,0
Upper middle income,2020-04-13,2928345496,-1.7055870940527633,-0.31736795883874813,-0.8966240660721743,-1.7055870940527633,-2.9341748785010413,-3.5955154159526796,-3.788482228013612,-97.62337440339029,-1.8078402667294498,0.4657610933761212
High income,2020-04-20,1240988699,19.27964685326325,19.752631542572804,19.67574363757784,19.438396652977275,19.264856836567688,19.200034587398676,19.18300478541736,1487.736305232881,19.321250717310143,12.475947937701566
Low income,2020-04-20,704080579,2.6225850898799266,4.495352580587263,3.8989857238816867,2.6225850898799266,-3.8831439036132847,-7.205503320426778,-8.569717320450822,2.0747687869635087,0.07154375127460376,0.025713108044697255
Lower middle income,2020-04-20,2994738553,-2.0017758500438303,-1.4292670955164015,-1.7628977869471452,-2.0017758500438303,-6.211227430440917,-8.499395368586903,-10.081012947091079,-38.01614958783519,-0.7603229917567036,0.08685526145159957
Unknown income group,2020-04-20,256806,-5.978694251473185,12.776073785300246,9.574228938000184,2.0239732540566155,-6.614015345339361,-11.178787699368014,-14.270113429149184,0,0,0
Upper middle income,2020-04-20,2928345496,-1.3799115009521394,0.5167291927570096,-0.4327840445450283,-1.3799115009521394,-2.859036992496176,-3.7134417318302493,-3.9861492476728397,-84.09982630391653,-1.5574041908132692,0.6847592276044738
High income,2020-04-27,1240988699,21.834659522893325,22.33691519600758,22.30782249519526,22.014386496601663,21.816734463665522,21.72850996447207,21.718088996647975,1681.4554158850133,21.837083323181993,15.328675285543435
Low income,2020-04-27,704080579,3.0892061210496,5.427105387604807,4.160158537866323,3.0892061210496,-4.4078409409850385,-8.419229032940331,-9.72872762981932,2.568781537717379,0.08857867371439236,0.037786726112779195
Lower middle income,2020-04-27,2994738553,-2.2630192059478853,-1.8126358602325472,-2.1914943421215023,-2.2630192059478853,-7.033458742077119,-9.61430683165692,-11.071094091724907,-43.2916565942683,-0.865833131885366,0.11807658456387461
Unknown income group,2020-04-27,256806,-6.333920883204701,14.009027013836796,10.89585496453703,2.564878400494164,-7.027972062620044,-11.7471913790519,-15.592371318416758,0,0,0
Upper middle income,2020-04-27,2928345496,-1.050696493536043,1.683069366791159,0.23597649598493345,-1.050696493536043,-2.7501263708565946,-3.592245592016437,-3.940171347130009,-67.90304036051586,-1.2574637103799233,0.9239048478724998
High income,2020-05-04,1240988699,23.748434809035913,24.326834739662715,24.243901686497445,23.90125319477117,23.647770432588537,23.522900105972646,23.501134674387085,1816.1886035060156,23.586864980597607,17.64255791986064
Low income,2020-05-04,704080579,3.556309832646086,6.459721178267683,4.705065512774217,3.556309832646086,-5.045666613187368,-9.534876983502498,-10.747200868364988,3.0627942884712485,0.10561359615418099,0.052558614885470374
Lower middle income,2020-05-04,2994738553,-2.0059830581570504,-1.4385684977934599,-1.9503426370696593,-2.0059830581570504,-7.2956834331203355,-10.020599767798213,-11.474520126212946,-41.67336203239692,-0.8334672406479385,0.164692006087117
Unknown income group,2020-05-04,256806,-6.498952376561692,15.24132136110686,12.134110552455558,2.878773994437144,-7.2423441494750564,-12.546707330195773,-16.186497408787414,0,0,0
Upper middle income,2020-05-04,2928345496,-0.059352582623212566,3.3568468741736424,1.5816252377342386,-0.059352582623212566,-1.9281634319541752,-2.922795428823034,-3.1142259907605343,-25.509520996360205,-0.4723985369696335,1.242310617025635
High income,2020-05-11,1240988699,25.52501254455888,26.403472768996505,26.19290666528678,25.731647297141638,25.324693533153667,25.125159290574675,25.08634749873834,1935.2675671879485,25.133345028414915,19.55836988649322
Low income,2020-05-11,704080579,4.076395141750427,7.440397152416882,5.6815746124941375,4.076395141750427,-5.611821580071523,-10.358212284424315,-11.797867009891785,3.5568070392251188,0.1226485185939696,0.08039832611261387
Lower middle income,2020-05-11,2994738553,-1.7400868903924844,-0.9935250316447266,-1.3879239026767265,-1.7400868903924844,-7.2836303071379875,-10.442139793197464,-11.728850628507942,-39.991288948087025,-0.7998257789617407,0.21975514334656512
Unknown income group,2020-05-11,256806,-6.674436723428901,16.785800781156063,13.453006035608697,3.230433764362729,-7.55905373048511,-13.466697109162434,-16.74003252508165,0,0,0
Upper middle income,2020-05-11,2928345496,1.0354445037109532,4.985091323050467,3.145105138123482,1.0354445037109532,-0.9124096767992893,-1.96651621738734,-2.2378493386472376,20.554126778080505,0.3806319773718612,1.6360146391687929
High income,2020-05-18,1240988699,26.946752482423822,28.20834486277142,27.85642555844759,27.1831181147266,26.587645142818445,26.332524199122165,26.28792907987795,2024.0394230262361,26.286226273068003,21.131472044130195
Low income,2020-05-18,704080579,4.639659558794277,8.581571353041571,6.385751216079394,4.639659558794277,-5.975569008865235,-11.583933725357124,-12.765131499635816,4.050819789978989,0.1396834410337582,0.11150201034021136
Lower middle income,2020-05-18,2994738553,-1.1192471646118767,-0.3433634788718849,-0.8119667855459803,-1.1192471646118767,-7.301839902376791,-10.298412918755549,-11.81091735978328,-38.31389072929619,-0.7662778145859238,0.28072918056830454
Unknown income group,2020-05-18,256806,-6.850870176929631,18.225288808554517,15.082734815600883,3.6577456383870213,-7.936269911733751,-14.359867218071983,-17.5690434498981,0,0,0
Upper middle income,2020-05-18,2928345496,2.1967868441165277,6.629741813249517,4.908788424156196,2.1967868441165277,0.1280412580874505,-0.960752702612712,-1.3224007702900078,69.40880997206585,1.2853483328160342,2.0898553836490334
High income,2020-05-25,1240988699,28.056294488990268,29.595651745522115,29.26331564758474,28.339985026564403,27.552253422497103,27.22545853475961,27.16501408044414,2087.9829684282613,27.11666192763976,22.15275708969208
Low income,2020-05-25,704080579,5.880712286107976,9.820565453837643,6.956733653050465,5.880712286107976,-6.40638754590286,-12.562375758055872,-13.685918304712597,4.544832540732859,0.15671836347354684,0.14402840104470485
Lower middle income,2020-05-25,2994738553,0.22741297280085299,1.4247955121548432,0.43900249208303715,0.22741297280085299,-6.748653904151413,-10.511393356970759,-11.811570581675097,-36.74034130882148,-0.7348068261764296,0.3490827267551459
Unknown income group,2020-05-25,256806,-7.080361382079541,19.54848691639523,16.612973419928508,3.9021313225073406,-8.339760980199042,-15.271297901704727,-18.51784551378231,0,0,0
Upper middle income,2020-05-25,2928345496,3.3797692721455914,8.05000693326423,6.547484859886054,3.4623286942212244,1.175985600598471,0.12151481176610114,-0.25004100395356516,118.42440450682147,2.1930445279041018,2.620325371607039
High income,2020-06-01,1240988699,29.12508033825149,30.911704298840895,30.775313957167103,29.379091938081295,28.48482113850162,28.074986247179172,27.961990124995392,2145.766369000249,27.867095701301935,23.11594217023567
Low income,2020-06-01,704080579,6.567637901231885,11.108930845011423,7.723425278199309,6.567637901231885,-6.739728400560933,-13.484112552286563,-14.384395709515386,5.038845291486728,0.17375328591333544,0.18606932772676293
Lower middle income,2020-06-01,2994738553,1.8313533579055339,2.9464060231159297,2.25593391828459,1.8313533579055339,-5.334041267268054,-10.063969305539514,-11.393409158630826,-18.129021891512345,-0.36258043783024696,0.4445170676640366
Unknown income group,2020-06-01,256806,-7.255543603174966,20.965024546655723,17.72260615594153,4.256609487887698,-8.511499985641072,-15.99498074304613,-19.405686986607076,0,0,0
Upper middle income,2020-06-01,2928345496,4.781464460285313,10.093971831443223,9.038733739281577,4.9001273318688785,2.2978822936668464,1.1191476991648106,1.0419876150842238,169.06704806428547,3.1308712604497315,3.1723101706029015
High income,2020-06-08,1240988699,30.12957340610467,32.51781094698045,32.15668195266929,30.51016356499426,29.321277153413856,28.778724263161564,28.661200777274626,2194.3045148201923,28.497461231431064,23.9508421986041
Low income,2020-06-08,704080579,7.966051148973628,12.565700975446934,8.881420172463926,7.966051148973628,-6.992104665001948,-14.050085479220355,-15.05878434109802,5.532858042240598,0.19078820835312404,0.22796907738595643
Lower middle income,2020-06-08,2994738553,3.2253021708712577,4.631249820585705,4.26690334142488,3.2253021708712577,-4.083900293270275,-9.570787266171825,-10.768546064666234,0.5166911792583931,0.010333823585167816,0.5632923108797339
Unknown income group,2020-06-08,256806,-7.354956429679972,22.381724343579204,18.81842751253529,4.788013196845222,-8.687876423041185,-17.031608421669755,-20.26530933204049,0,0,0
Upper middle income,2020-06-08,2928345496,6.353368025591125,12.694976252213468,11.030616534618487,6.593363115775448,3.7804684757472122,2.4982040685293985,2.1141285951979523,223.41603706999848,4.137334019814787,3.817247969977925
High income,2020-06-15,1240988699,30.932925863504106,33.88777197760644,33.429421667660414,31.441787094876283,29.91945230959093,29.334528320001567,29.15283297002343,2226.98926486316,28.921938504716355,24.65173641359646
Low income,2020-06-15,704080579,9.37210993922559,14.22739437467511,9.948651153245919,9.37210993922559,-6.78304397935324,-13.929785638087528,-15.344469830195704,6.026870792994468,0.20782313079291267,0.2879076714314542
Lower middle income,2020-06-15,2994738553,5.18868596712823,6.452945820458871,5.986620642140767,5.18868596712823,-2.728800611281297,-8.250195283238499,-10.189524980715571,19.170418305204652,0.38340836610409296,0.7162604554748924
Unknown income group,2020-06-15,256806,-7.453571996884148,23.7535993878045,19.920851133261408,5.331543267657224,-9.048297261397316,-18.083780434870704,-21.10776050235558,0,0,0
Upper middle income,2020-06-15,2928345496,8.023987226289199,14.814755197305319,13.134888239983201,8.241160258825104,5.238876881702577,3.856839777865889,3.3525906537184946,280.07123755561537,5.186504399178062,4.458702198164393
High income,2020-06-22,1240988699,32.15419447970237,35.68579433211254,35.1234554797809,32.80690895243651,30.891176784162607,30.206071562370404,30.026440614906804,2287.6660965648803,29.709949306037405,25.356979580359578
Low income,2020-06-22,704080579,10.734092641070161,15.978733164929274,10.808943398233216,10.734092641070161,-6.430305023377225,-13.500988365678145,-15.677465901105512,6.5208835437483375,0.2248580532327013,0.33918177424973395
Lower middle income,2020-06-22,2994738553,7.067329511451337,8.343231327236534,7.806980030587192,7.067329511451337,-1.0585175357576084,-7.447890729704993,-8.951391944126035,38.019821945019864,0.760396438900397,0.9430250921807264
Unknown income group,2020-06-22,256806,-7.558835865164451,25.121747936882,21.023462178434485,5.8714954168001885,-9.253802662639648,-18.927771890948556,-21.937325202525898,0,0,0
Upper middle income,2020-06-22,2928345496,9.762876014205583,17.091829457777486,15.600127069547826,10.095951417769426,6.781607924603255,5.262560716964856,4.583662512189748,340.28946433517604,6.301656746947706,5.187202439312168
High income,2020-06-29,1240988699,33.2315503259154,37.28901677939263,36.53727715274419,33.978888186704204,31.771517702886445,30.928613510761235,30.77343112220964,2338.279331654698,30.36726404746361,25.9163743601504
Low income,2020-06-29,704080579,12.17300074106515,17.86128565936642,12.17300074106515,12.17300074106515,-6.157448208535539,-13.174085251136875,-16.028329864619817,7.014896294502208,0.2418929756724899,0.387186933045628
Lower middle income,2020-06-29,2994738553,8.853790402691692,10.381437183457827,9.916145863196443,8.853790402691692,0.5688043886061614,-5.940028492543968,-7.826329941161566,56.63915541750451,1.1327831083500903,1.1207697902835927
Unknown income group,2020-06-29,256806,-7.780484985748892,26.547978052312235,22.09862427875019,6.164702152606921,-9.503110398829651,-19.733719924316972,-22.834418869525155,0,0,0
Upper middle income,2020-06-29,2928345496,11.697477892783956,19.522213325586666,18.10511571154282,12.168924608086714,8.551791839714427,6.909296621377328,6.265328094903035,404.0160107491629,7.48177797683635,5.902316520919156
High income,2020-07-06,1240988699,34.40220303198383,38.9307114398261,38.129303582731076,35.217074050904934,32.750444961199534,31.770356633699308,31.594058927655784,2395.359043772426,31.108559010031506,26.425808088684295
Low income,2020-07-06,704080579,13.204772637114965,19.71301109036338,13.204772637114965,13.204772637114965,-5.67858629213528,-12.741584065397577,-16.022601376609746,7.636087736862544,0.2633133702366394,0.43292232322743845
Lower middle income,2020-07-06,2994738553,10.226043008725988,12.400447546870495,11.676992993342045,10.226043008725988,2.1014051166831336,-4.3497441627752185,-6.8589611175556895,72.00806063943364,1.4401612127886727,1.3166132302434748
Unknown income group,2020-07-06,256806,-8.037765078450555,28.04452357278662,23.178985150404074,6.488922476354332,-9.74392961646198,-20.491908556223322,-23.560737557941753,0,0,0
Upper middle income,2020-07-06,2928345496,14.098581104939571,22.869878349149243,20.988790471250397,14.887480455464956,10.85551907711587,9.149648459844618,8.147838338522666,490.11297872552615,9.076166272694929,6.638260794893582
High income,2020-07-13,1240988699,35.67022486492326,40.66894978488575,39.944687218037465,36.55824813760881,33.7612952891307,32.729840451373036,32.51292840295097,2460.88587552021,31.959556824937792,27.039836645603486
Low income,2020-07-13,704080579,14.41304753227861,21.568312115504916,14.41304753227861,14.41304753227861,-4.94568955157437,-12.407429779197592,-16.096014523848734,8.257279179222879,0.28473376480078894,0.4846219455230848
Lower middle income,2020-07-13,2994738553,11.952127056027702,14.563912452142281,13.695014257075778,11.952127056027702,3.7217619641275617,-2.671894094767975,-5.677726374463946,87.33255463893175,1.7466510927786345,1.5292532282700406
Unknown income group,2020-07-13,256806,-8.285883946415467,29.45361075712215,24.284273146097842,7.046329945118553,-9.985523523449807,-21.16162221068594,-24.291033205005007,0,0,0
Upper middle income,2020-07-13,2928345496,16.64636348049063,26.05734344160741,24.053062954917703,17.475455619266285,13.088923207943344,11.385857388463371,10.255938680478115,581.11079054685365,10.761310936052844,7.420134997622562
High income,2020-07-20,1240988699,37.04415307698014,42.528667570436504,41.67387749675141,38.00011831980213,34.90504141753247,33.7720972546917,33.5391961853394,2535.190745839534,32.924555140773165,27.750400086439466
Low income,2020-07-20,704080579,15.767907047839001,23.065965315120366,15.767907047839001,15.767907047839001,-4.384061234648337,-12.084676955463106,-16.242499599545372,8.878470621583215,0.30615415936493845,0.5384531420231092
Lower middle income,2020-07-20,2994738553,13.869133702670776,16.903640385430215,15.766964784268808,13.869133702670776,5.2123062907913775,-1.1351704125745086,-3.7362355536456584,102.73718919018505,2.054743783803701,1.7843339929113338
Unknown income group,2020-07-20,256806,-8.46482510154234,30.91377907889699,25.566282055543166,7.609301895566346,-10.223305582339151,-21.874098457676364,-25.144644328817034,0,0,0
Upper middle income,2020-07-20,2928345496,19.19593764787835,29.609395166617123,27.082567110079886,20.274562614651614,15.663717696480921,13.39149949473413,12.508049295938228,672.5454811455477,12.454545947139772,8.223284968557548
High income,2020-07-27,1240988699,38.87945692472497,44.67951881467909,43.78706684425609,39.89182696972405,36.47103763974728,35.280904849037555,35.02751444571165,2645.8018707629253,34.36106325666137,28.475548027532845
Low income,2020-07-27,704080579,17.0629999445078,24.533839237977276,17.0629999445078,17.0629999445078,-4.0818026996060075,-11.676182253456254,-16.45272129086167,9.49966206394355,0.3275745539290879,0.586033775546023
Lower middle income,2020-07-27,2994738553,15.848442796925573,19.02082553542518,17.95995176087838,15.848442796925573,6.901138375609131,0.20689640345010576,-2.2509677150626444,118.49177081743609,2.3698354163487214,2.044957511855293
Unknown income group,2020-07-27,256806,-8.688589545826899,32.39302167776323,26.777694032279765,7.9846061300268865,-10.328537752744461,-22.49851913958683,-25.95689241332612,0,0,0
Upper middle income,2020-07-27,2928345496,21.807310766783033,33.31729310148816,30.14115153383356,22.9851521464595,17.99600643822578,15.518615592287436,14.930295820122671,762.3861917967337,14.118262811050625,9.089200654894308
High income,2020-08-03,1240988699,40.59222684136228,46.70661915511407,45.75742105433686,41.71013497195107,37.92830018575358,36.65972701134849,36.38456113545486,2746.619988023556,35.670389454851374,29.22188963462914
Low income,2020-08-03,704080579,18.173673618179233,26.13306431172898,18.531929859406098,18.173673618179233,-3.8904509652553756,-11.677592828645984,-16.839803721244518,10.120853506303884,0.3489949484932375,0.622963497477751
Lower middle income,2020-08-03,2994738553,17.739482144302674,21.43703698340036,20.2558219222758,17.739482144302674,8.628039758633946,1.5995992443520353,-0.811153365240164,129.64624168762032,2.592924833752406,2.3119598848000003
Unknown income group,2020-08-03,256806,-8.898005374139077,33.88113739666402,27.97390827212035,8.4656376499231,-10.467030140252922,-23.13228090109162,-26.77771166517207,0,0,0
Upper middle income,2020-08-03,2928345496,23.924687683827724,36.08719828097613,32.816253031727555,25.40628258331494,19.98527280279881,17.160415513174293,16.67195353474853,835.3351194555343,15.469168878806189,9.93998851561742
High income,2020-08-10,1240988699,42.97247314947183,49.578100340676,48.43198018944113,44.163137505425865,40.063850885673915,38.702959738660105,38.420799205267514,2898.311618516717,37.64041063008724,29.991033060970686
Low income,2020-08-10,704080579,19.239844711106965,27.62145464717015,19.836739471992523,19.239844711106965,-3.2834760010293995,-11.529728418742508,-17.172686572027438,10.74204494866422,0.37041534305738694,0.664579898886829
Lower middle income,2020-08-10,2994738553,19.788646570905552,24.02807098354012,22.75014135544482,19.788646570905552,10.693070176999614,3.408445411515423,0.6009174096177285,141.21677558900026,2.8243355117800055,2.5981958232064746
Unknown income group,2020-08-10,256806,-9.063137664350965,35.440927058900115,29.231817488307087,9.054532631374032,-10.745959753360744,-23.74241898823504,-27.630377385829494,0,0,0
Upper middle income,2020-08-10,2928345496,25.875842605489606,38.60489615641548,35.38549476518722,27.655705484922123,21.894503990236977,18.83584792644863,18.235687478865668,901.0979401372911,16.686998891431315,10.83332600040989
High income,2020-08-17,1240988699,44.94163386545875,52.16959073361967,50.69364172796773,46.196315753020116,41.78933427563773,40.33212211320734,40.04233919247983,3018.24909468243,39.19804019068091,30.73342620342427
Low income,2020-08-17,704080579,20.293468272311376,29.149114934164682,21.2384730592336,20.293468272311376,-2.9982701933730245,-11.496327350759227,-17.391057179430838,11.363236391024557,0.3918357376215364,0.7178424104778497
Lower middle income,2020-08-17,2994738553,22.109541147747056,28.000074475272772,25.541210723729776,22.109541147747056,13.096532456862429,5.636776874552162,2.192844672850733,152.89115828869637,3.0578231657739274,2.8910759142319025
Unknown income group,2020-08-17,256806,-9.226635819896803,36.532104288939806,30.492357154099885,9.668020771278426,-11.0967350701637,-24.374010027370158,-28.546236916321256,0,0,0
Upper middle income,2020-08-17,2928345496,27.587811069982312,41.04902916173347,37.35945917170006,29.9254467004078,23.5921630525299,20.456587564895877,19.657878031141195,962.7075664584056,17.82791789737788,11.650988739752174
High income,2020-08-24,1240988699,46.52740181479655,54.385800276893576,52.559950600865754,47.8271893355965,43.14429513012254,41.589242145437,41.27985983176698,3108.7851261000405,40.37383280649404,31.45325556264393
Low income,2020-08-24,704080579,21.39536168189972,30.71712276643824,22.601014185352707,21.39536168189972,-2.739313019946127,-11.446260496236047,-17.546721050431614,11.984427833384892,0.41325613218568596,0.7584636132961707
Lower middle income,2020-08-24,2994738553,24.40592710390107,30.91905686840485,27.81412425249595,24.40592710390107,14.570641092729577,7.267417763969746,3.3096177972394107,164.306085952085,3.2861217190417,3.1736053855115944
Unknown income group,2020-08-24,256806,-9.501063129415737,37.95487159205182,31.523153348083703,10.229885375698498,-11.454743861654388,-24.927327299142796,-29.359773641056396,0,0,0
Upper middle income,2020-08-24,2928345496,29.23112198445223,43.60872712498126,39.58072083363276,31.95148199853525,25.17642550610095,21.92824999780235,21.008367626329786,1018.3914780632398,18.859101445615554,12.452601665278365
High income,2020-08-31,1240988699,47.89926988171917,56.35459165002631,54.232034486018165,49.25304739187974,44.30172300100395,42.62431755713596,42.30949452278768,3183.4875755122976,41.343994487172694,32.1306987179905
Low income,2020-08-31,704080579,22.600386993054382,32.19276569884181,23.745364628488822,22.600386993054382,-2.950653788995817,-11.071135002420887,-17.738383325240004,12.605619275745228,0.43467652674983553,0.7925509048872658
Lower middle income,2020-08-31,2994738553,27.34172010091179,33.73810686403589,30.842476697210053,27.34172010091179,16.66190368116393,8.375401052320267,4.4536171481086635,175.7260223999583,3.514520447999166,3.49129615656302
Unknown income group,2020-08-31,256806,-9.59898976494604,39.63874935664779,32.62190367911633,10.797762604992752,-11.572447538572916,-25.466945162531555,-30.050676639176874,0,0,0
Upper middle income,2020-08-31,2928345496,30.942619959367168,45.951109152973764,41.59332152251673,33.85176815306171,26.70902247926396,23.29703244685204,22.16575573031818,1067.9288813327066,19.776460765420488,13.186497820269498
High income,2020-09-07,1240988699,49.511687798273684,58.323741501219175,56.14653449059319,50.92105674303659,45.671151154663434,43.89564257302097,43.57120202857685,3276.2460471989343,42.54864996362252,32.77292946565342
Low income,2020-09-07,704080579,23.64135301369373,33.813109659278894,25.00529647467078,23.64135301369373,-2.84790623137465,-11.227020727127469,-18.294747006678936,13.226810718105563,0.456096921313985,0.8274912238418666
Lower middle income,2020-09-07,2994738553,30.29690749905841,38.03173272553652,34.28406445945243,30.29690749905841,19.237066186966214,9.837884970452329,5.730505826319813,183.3918202028725,3.6678364040574496,3.8744018533360096
Unknown income group,2020-09-07,256806,-9.839485597036246,40.692635958537466,33.687284483044515,11.366231087683396,-11.79760489923623,-26.24097500172751,-30.772156042619855,0,0,0
Upper middle income,2020-09-07,2928345496,32.7018489725977,48.33775909726851,43.68305176221594,35.77081971389348,28.225307894042235,24.703846664578602,23.532144357043236,1122.2023997355477,20.78152592102866,14.006995368554694
High income,2020-09-14,1240988699,51.1877325558993,60.251906037104106,58.12463008876486,52.652852198727096,47.086395303191686,45.23002732584292,44.88852258233387,3373.8684068523703,43.81647281626454,33.3869557663071
Low income,2020-09-14,704080579,24.56585639128703,35.50587964905817,26.086150363981528,24.56585639128703,-2.372672501139798,-11.892978232447842,-19.0035792306691,13.8480021604659,0.47751731587813445,0.8556142833191256
Lower middle income,2020-09-14,2994738553,33.44577970065649,41.41772725862853,37.46931617220646,33.44577970065649,21.968292524808362,11.021850236888964,7.017190138642843,191.4496388714559,3.8289927774291175,4.227254391645721
Unknown income group,2020-09-14,256806,-10.025343496771782,41.770268731231795,34.800279766381756,11.729107122562255,-11.982546875641525,-26.823705683609123,-31.44692423167911,0,0,0
Upper middle income,2020-09-14,2928345496,34.44882278001373,50.59354330241336,45.81006055351462,37.664230859067004,29.67144450333304,25.825411994512635,24.705144378222236,1172.2221249923907,21.707817129488717,14.640321901415419
High income,2020-09-21,1240988699,52.70680836764587,62.02849499439144,59.943126336236176,54.2298519386813,48.343493200291476,46.410518348907246,46.05356577127993,3459.3156174931614,44.926176850560545,34.078582934783036
Low income,2020-09-21,704080579,25.302911403122135,37.18369968693359,26.57866147096095,25.302911403122135,-2.0375174292695273,-12.099436822228881,-19.971934297394046,14.469193602826234,0.49893771044228397,0.8808959066601381
Lower middle income,2020-09-21,2994738553,36.31118511511599,44.988134612059895,40.647232575949005,36.31118511511599,24.562078616832668,12.39113888714809,8.147732192942074,199.5438547072948,3.9908770941458953,4.575531872815209
Unknown income group,2020-09-21,256806,-10.204033463653225,42.90672131597146,35.87134033660425,12.086632558451802,-12.152483954561193,-27.625438092721343,-32.13390319548358,0,0,0
Upper middle income,2020-09-21,2928345496,36.27643851367117,52.383141739165104,47.60594397105189,39.62791085732223,31.122155781735625,27.184589205050635,25.776859576180698,1222.2571348297147,22.634391385735455,15.269483591016817
High income,2020-09-28,1240988699,54.205094418245636,63.84579935516528,61.52364536796148,55.86631181535128,49.63046716584711,47.6241692980254,47.25520714025083,3547.4815547450166,46.07118902266256,34.81372331175435
Low income,2020-09-28,704080579,26.059239633779917,38.8755849760534,27.50929019007613,26.059239633779917,-1.8899937932895159,-12.365077743734238,-20.817646033689364,15.090385045186572,0.5203581050064334,0.903620436319406
Lower middle income,2020-09-28,2994738553,39.33457619608287,48.517919647351505,43.9258466088599,39.33457619608287,26.65791058481995,14.103120458070954,9.249864569332905,207.8471038156285,4.1569420763125695,4.901236532082672
Unknown income group,2020-09-28,256806,-10.44479556407851,44.019147511813884,36.90836303424663,12.66812875714732,-12.566835992619648,-28.466674331775035,-32.83996195499753,0,0,0
Upper middle income,2020-09-28,2928345496,38.00685873099559,54.54649758511422,49.80548199653375,41.46460332033545,32.53617586801235,28.476441491450455,26.87534691052981,1270.2857625621862,23.52381041781826,15.908752011548845
High income,2020-10-05,1240988699,55.66727368623746,65.3938465420455,63.13978108863928,57.403633751953855,51.01253663256237,49.02053772771773,48.63673160678885,3649.582218416772,47.39717166775028,35.57182965128678
Low income,2020-10-05,704080579,27.300424375459933,40.435213133862675,28.594650480706207,27.300424375459933,-1.9347560602057816,-12.70925872889282,-21.155026274390874,16.70916116883095,0.5761779713389983,0.9206650763193399
Lower middle income,2020-10-05,2994738553,41.975189218413,52.20976046099097,46.36049711540441,41.975189218413,28.88190090166834,15.236064982785333,10.394486948948163,215.46488981612512,4.309297796322503,5.227775654845286
Unknown income group,2020-10-05,256806,-10.62341979272525,45.068146862033274,37.98048717609098,13.708530678371654,-12.600095787387518,-28.836762292604107,-33.61045991105956,0,0,0
Upper middle income,2020-10-05,2928345496,39.997762122271226,56.8047559847336,52.258061719689685,43.578940271302294,34.3258631997943,30.027909324628837,28.520191545768622,1331.6946821931547,24.66101263320657,16.714906989923023
High income,2020-10-12,1240988699,57.24212671561339,66.98179046310459,64.82796817029381,59.04792615769991,52.547963998589786,50.54595475476218,50.16514541472073,3763.947461945107,48.88243457071568,36.39939681674732
Low income,2020-10-12,704080579,28.54824201644514,41.564993326292665,29.736844812256283,28.54824201644514,-1.860174331141109,-12.88507172541785,-21.583961102462286,18.32793729247533,0.6319978376715631,0.9436739484331097
Lower middle income,2020-10-12,2994738553,44.28000950575579,54.20657906398231,48.90996892393978,44.28000950575579,30.7104935207622,16.423394171246144,11.539168986160073,223.45299194952395,4.4690598389904785,5.531676040102055
Unknown income group,2020-10-12,256806,-10.775652516362722,46.473542611443484,39.12951322925682,14.375380880638119,-12.830976716020999,-28.836709289502632,-34.19022413056287,0,0,0
Upper middle income,2020-10-12,2928345496,41.93778713872393,59.15210998449456,54.770616311724275,45.65847263490624,36.163921911307234,31.513582298464765,29.936308147956215,1394.941130902352,25.83224316485837,17.326139750007147
High income,2020-10-19,1240988699,59.752020560232616,69.51193438225258,67.36613082767673,61.55029224732597,55.04907053286267,53.00919199066932,52.62868961636947,3950.2547935885677,51.30201030634503,37.38095297514067
Low income,2020-10-19,704080579,29.46076255361039,42.703492897603844,30.943324996893125,29.46076255361039,-1.8129266098432681,-13.367887351060805,-22.08493360096012,19.94671341611971,0.6878177040041279,0.9651229138646643
Lower middle income,2020-10-19,2994738553,46.50864373840724,56.5727747098692,52.008959635612946,46.50864373840724,32.43305975397166,17.811485623907902,12.678456593632939,231.42840516222816,4.628568103244564,5.805656584807054
Unknown income group,2020-10-19,256806,-10.946867928918616,48.28436596061832,40.24970852934898,15.070888396824447,-13.004595614199435,-28.74837368208654,-34.95689711043762,0,0,0
Upper middle income,2020-10-19,2928345496,43.982526524546124,61.45692491047451,57.2232946040521,47.79563939575332,37.93327127139297,33.13237939376464,31.429146289555494,1459.8321601457033,27.0339288915871,17.929654534179324
High income,2020-10-26,1240988699,62.95570560644576,72.74189126065909,70.57117784597087,64.72565769054663,58.25687653312674,56.15027292031236,55.77932199038432,4189.6977383012445,54.411658938977205,38.664526629988266
Low income,2020-10-26,704080579,30.271307413275863,43.362130306614034,32.15138421615913,30.271307413275863,-1.9933464268766588,-13.851406783724762,-22.593908471511625,21.565489539764087,0.7436375703366926,0.9871395700008365
Lower middle income,2020-10-26,2994738553,48.63747828775171,59.41307364496753,54.39969108605602,48.63747828775171,34.000061462343844,19.158675406603003,13.836301439535927,239.39513648182557,4.787902729636512,6.052757120264047
Unknown income group,2020-10-26,256806,-11.437275921428116,50.508181886218956,41.990860927686754,15.97327390238664,-12.672449998248965,-28.67633642135138,-35.74351888835124,0,0,0
Upper middle income,2020-10-26,2928345496,46.14316999872796,63.989549341153456,59.82186702451155,50.08758368498617,39.75436645213954,34.88025807557891,33.21785174012908,1527.4773469879506,28.286617536813896,18.5692647859609
High income,2020-11-02,1240988699,67.06438353205156,76.84936777031311,74.6979250859269,68.84973509437613,62.38033910223699,60.18424819400274,59.82785099793583,4497.655134749941,58.41110564610314,40.382430831467225
Low income,2020-11-02,704080579,31.205466350315408,45.12181491826387,33.52475586901747,31.205466350315408,-1.4774838317763106,-13.472342403675066,-22.29941240389132,23.18426566340847,0.7994574366692575,1.0067422978869014
Lower middle income,2020-11-02,2994738553,50.90074411924184,62.40833669314933,57.0208375787974,50.90074411924184,35.85422187604803,20.521614205415062,15.079106522720151,250.29565182748792,5.005913036549758,6.280656814317908
Unknown income group,2020-11-02,256806,-11.662346141056966,53.37644617106054,43.63805301022587,16.424984006612338,-12.583318389085502,-29.501982138114744,-36.775607467366626,0,0,0
Upper middle income,2020-11-02,2928345496,48.80920121434625,67.10020677037173,63.07805890356247,52.85748358296874,42.266779686369354,37.17678652311696,35.51873376134125,1617.4031897749942,29.95191092175915,19.223833381988335
High income,2020-11-09,1240988699,71.353354037834,81.1408181245073,79.01343764712483,73.11906627791139,66.68717447520872,64.40207052967695,64.06032191725724,4819.912572781852,62.596267178985094,42.8287878389455
Low income,2020-11-09,704080579,32.24402102648873,46.85171926108741,34.98154041808219,32.24402102648873,-0.6917644068495767,-13.064616319126657,-22.009686926808094,24.803041787052845,0.8552773030018223,1.0671054172053793
Lower middle income,2020-11-09,2994738553,53.22527354793916,64.43825421974798,59.119095000078104,53.22527354793916,37.69549016894917,21.960398410154014,16.37253482545214,261.0201918782545,5.2204038375650885,6.5440854863165745
Unknown income group,2020-11-09,256806,-12.280546068771015,55.665965549154656,44.716720690014306,17.88990784360152,-12.576911602561033,-30.331210209536774,-37.056629302034494,0,0,0
Upper middle income,2020-11-09,2928345496,51.60098290296228,70.40091097717651,66.39992821224631,55.74644672985499,44.977545210845015,39.49358348759546,37.9283277276497,1711.7889161440262,31.69979474340789,19.893803507671898
High income,2020-11-16,1240988699,75.75565429194477,85.54714139467286,83.43241948607378,77.61891183300739,71.10513263408849,68.7403628692149,68.40588984184195,5151.03129618152,66.89651034001974,45.58449407765317
Low income,2020-11-16,704080579,33.226813620140874,48.58824879378306,36.39285790722048,33.226813620140874,0.09985979260679216,-12.621715425488018,-21.8990240931753,26.421817910697225,0.9110971693343871,1.095939332818893
Lower middle income,2020-11-16,2994738553,55.27564756204599,66.4173333146128,61.35185806888067,55.27564756204599,39.17567323723951,23.274713752134755,17.59584277803235,271.87829951527965,5.437565990305592,6.783772853776728
Unknown income group,2020-11-16,256806,-12.7572022868154,57.78448804581079,45.912937755570546,19.067364243138083,-12.932667366667799,-31.243621013984693,-37.522103632400054,0,0,0
Upper middle income,2020-11-16,2928345496,54.36000156985842,73.60034962148922,69.61309042040011,58.592464160475124,47.52580071410429,42.007570165888,40.324932940955954,1806.017714308846,33.44477248720085,20.64528604380226
High income,2020-11-23,1240988699,80.17001648462535,89.96104634165616,87.93410485300434,82.13272853688368,75.4891747249403,73.09157386414671,72.76094848781108,5483.173386407727,71.21004397932113,48.75269472538525
Low income,2020-11-23,704080579,34.18975667031032,50.29136529071481,37.74431438207312,34.18975667031032,0.7202199630670101,-12.29258846776474,-21.92699924153112,28.04059403434161,0.966917035666952,1.1411070322960861
Lower middle income,2020-11-23,2994738553,57.43446523754671,68.57193676589868,63.85897098634292,57.43446523754671,40.767114248414444,24.79806164928185,18.841839621677405,282.611521459153,5.652230429183059,7.05982366267684
Unknown income group,2020-11-23,256806,-13.696934729923765,59.95825522173442,47.03495531161595,19.90059909226847,-13.696934729923765,-32.20427568313281,-38.24009329484104,0,0,0
Upper middle income,2020-11-23,2928345496,57.1572691228414,76.7144947059217,72.9345075717571,61.6512366304949,50.29837424962709,44.44683814448099,42.7693228584516,1898.0462290683092,35.149004242005724,21.40930087847803
High income,2020-11-30,1240988699,84.73375465190904,94.52279535723011,92.61013232957141,86.79291225619383,80.04711387439397,77.60744040071364,77.27921350572494,5827.919972290721,75.68727236741196,52.00357171020459
Low income,2020-11-30,704080579,35.25439489793454,52.17398248458243,39.0709046314336,35.25439489793454,1.1463282906195238,-11.889043647756866,-21.771850314592456,29.659370157985983,1.0227369019995167,1.1797408205460527
Lower middle income,2020-11-30,2994738553,59.559520159688745,70.53317596531748,66.44310150619164,59.559520159688745,42.05417940960552,25.75701716153113,20.08535963966138,293.4749717996285,5.86949943599257,7.308894186463562
Unknown income group,2020-11-30,256806,-14.725456579186808,62.18065909414512,48.28334874469716,21.510739989606773,-14.725456579186808,-32.606453825860015,-38.94912100942101,0,0,0
Upper middle income,2020-11-30,2928345496,60.02153691673115,79.76974727045814,76.33893196879838,64.64590319677673,53.04808632225648,46.98843944406828,45.33304816859213,1989.9320301348114,36.85059315064465,22.24895675356471
High income,2020-12-07,1240988699,89.4925196090327,99.27337221821347,97.48828140155331,91.57065865780726,84.75987851751071,82.32098092811287,81.99532490363298,6188.063788861606,80.36446479041047,55.58249165007102
Low income,2020-12-07,704080579,36.675353141363225,54.06936726327985,40.55723405193934,36.675353141363225,1.97185549743123,-11.481880013480993,-21.523070909299854,31.278146281630363,1.0785567683320816,1.2243388409098557
Lower middle income,2020-12-07,2994738553,61.80973668925936,72.6961146002904,69.15149021308761,61.80973668925936,43.747512664213204,27.01744407965518,21.23680736528604,308.50357220683554,6.170071444136711,7.559934231093461
Unknown income group,2020-12-07,256806,-15.703382847907228,64.3669811790158,49.531548621307195,22.281378195972803,-15.703382847907228,-32.51344636814447,-39.622762229285264,0,0,0
Upper middle income,2020-12-07,2928345496,63.15955593064453,83.1255644249697,79.99818879609253,67.92737462317412,55.99086167947477,49.63683387577335,47.777655204505535,2097.4706236705224,38.84204858649115,23.09492933548303
High income,2020-12-14,1240988699,93.91109884788962,103.70252415461285,102.03576473065363,96.01177197539353,89.20995049297953,86.71875109151759,86.39458153649265,6524.077720104664,84.72828207928136,59.26189775882882
Low income,2020-12-14,704080579,38.22714233817129,56.44977994280275,42.29370161668798,38.22714233817129,2.836089577079211,-10.715189950525327,-21.165136674548453,32.896922405274744,1.1343766346646464,1.276320817251231
Lower middle income,2020-12-14,2994738553,64.07681518105584,74.91449546092096,71.63389072504036,64.07681518105584,45.50685746457071,27.857432482205898,22.213500415597572,323.4500285484934,6.469000570969867,7.790839162446245
Unknown income group,2020-12-14,256806,-16.426666833014288,66.6420783409395,50.78644593504117,23.560782357944692,-16.426666833014288,-32.23203984696411,-40.27691780173314,0,0,0
Upper middle income,2020-12-14,2928345496,66.30516267434565,86.47124576756752,83.19932337481389,71.1413269914795,58.951543351966016,52.33268865770235,50.43897317153484,2207.720147323886,40.88370643192381,23.957532605298837
High income,2020-12-21,1240988699,98.37034279461714,108.17125397660975,106.60364508476061,100.48207741936203,93.68780765845057,91.15284169560078,90.83050544545416,6862.911804614349,89.1287247352513,63.201983195497256
Low income,2020-12-21,704080579,39.770716280627134,58.67428974298747,43.907607744615795,39.770716280627134,3.466258173067677,-9.698247302860945,-20.30446707814462,34.515698528919124,1.190196500997211,1.336683936569709
Lower middle income,2020-12-21,2994738553,66.3193425642557,76.921832763989,73.8226138899444,66.3193425642557,46.78805035932224,28.77066200826965,23.28084466151417,338.46660787293706,6.769332157458741,8.017369588389574
Unknown income group,2020-12-21,256806,-17.63557600694575,69.20300260399817,51.981413231895196,24.523081169023666,-17.63557600694575,-31.903168894352145,-40.87673738219864,0,0,0
Upper middle income,2020-12-21,2928345496,69.45594921151284,89.98079960868488,86.39980596224426,74.39982756101237,62.07885620541311,55.20367008803929,53.1977453061839,2325.650747213208,43.06760642987422,24.860636424029387
High income,2020-12-28,1240988699,103.06435341991117,112.87895757910576,111.36858994167827,105.15303220382566,98.41157207647326,95.82406938348163,95.50219071887024,7220.487611677486,93.7725663854219,66.5630928521453
Low income,2020-12-28,704080579,41.52739939513375,60.91246379398181,45.91953704186983,41.52739939513375,3.834737495664637,-8.715457889415411,-19.08415477191212,36.134474652563505,1.246016367329776,1.4125307950015193
Lower middle income,2020-12-28,2994738553,68.56126126798314,79.12131413877331,76.4132201386762,68.56126126798314,48.39106797072279,30.001706297320876,24.269257930092234,352.9533893856105,7.059067787712209,8.2186889320752
Unknown income group,2020-12-28,256806,-18.840895864279254,71.7194158576242,53.688030661742125,25.495999041546398,-18.840895864279254,-31.813913985344463,-41.490023134279724,0,0,0
Upper middle income,2020-12-28,2928345496,72.84250590707367,93.6967775276934,89.87857339339283,78.00089692525769,65.291171520073,58.20879428162335,56.11987684229375,2454.6582651554695,45.4566345399161,25.720268869530962
High income,2021-01-04,1240988699,107.30035482816477,117.17672794167721,115.74062963092796,109.37477140771291,102.65662741862754,100.03913574079678,99.72799064078748,7542.748382469911,97.95777120090796,70.36352899133048
Low income,2021-01-04,704080579,43.213712192591004,63.01928313873271,47.851145020684555,43.213712192591004,4.648770968319565,-7.912482156712801,-17.81324416351627,36.134474652563505,1.246016367329776,1.4542893676378483
Lower middle income,2021-01-04,2994738553,70.63140125345089,81.16729877496951,78.33754961571047,70.63140125345089,49.88703465906238,31.458606603859145,24.985639040817258,362.27934790861656,7.245586958172331,8.409523721117969
Unknown income group,2021-01-04,256806,-20.234301521695787,73.88547872532251,55.33836841626427,26.593884208217418,-20.234301521695787,-32.59169475763684,-42.685879698270156,0,0,0
Upper middle income,2021-01-04,2928345496,75.84589712923302,97.1603879239062,93.04594674581807,81.06979770446036,68.01956694442006,60.66096976371638,58.598508212195995,2567.4786367761226,47.54590068103931,26.634709772647675
High income,2021-01-11,1240988699,111.2514567309799,121.14343432389889,119.81491015848016,113.31704311746758,106.61255191057656,103.9529415501402,103.66352652187652,7843.283710040465,101.86082740312293,74.87275683885981
Low income,2021-01-11,704080579,45.06843631317859,65.38083639120856,49.78630588833703,45.06843631317859,5.741327070820937,-7.4596166914480495,-16.8914797664565,36.134474652563505,1.246016367329776,1.504282935206483
Lower middle income,2021-01-11,2994738553,72.61895980879942,83.26515424156293,80.57438524356347,72.61895980879942,51.41602254364031,32.9529417544966,25.57884563875473,371.6011324445516,7.432022648891031,8.590374166128418
Unknown income group,2021-01-11,256806,-21.84622782223517,74.33178646383271,56.39935248484311,27.181009501854774,-21.84622782223517,-33.61908247501119,-43.70575149145402,0,0,0
Upper middle income,2021-01-11,2928345496,79.17916713033829,101.02111860855909,96.25242696590065,84.56285194631118,71.06836358199638,63.51623487674425,61.382045717315144,2699.3528768956166,49.9880162388077,27.69773300684326
High income,2021-01-18,1240988699,115.39806480881794,125.29992252728759,124.04609595642502,117.45550206298248,110.7601881499859,108.05356406918823,107.7855120260581,8158.72290285027,105.95744029675677,79.49374823436648
Low income,2021-01-18,704080579,46.92988333379658,67.59553294684049,51.60096154469908,46.92988333379658,6.63110648611203,-6.378291874107091,-15.946820059027484,36.134474652563505,1.246016367329776,1.578282561888417
Lower middle income,2021-01-18,2994738553,74.4302951643045,85.10438459391459,82.69144979269744,74.4302951643045,52.90433069433605,34.142021399400434,25.88442627995913,380.79157552066556,7.61583151041331,8.788889291732438
Unknown income group,2021-01-18,256806,-22.968689354833842,74.57729783606545,57.81386498424565,28.34575411399371,-22.968689354833842,-34.39965124991202,-44.42890583336285,0,0,0
Upper middle income,2021-01-18,2928345496,82.54321549228871,104.89827385550379,99.5189461210095,87.84060183175208,74.04244427018753,66.50915168201999,64.234231082475,2830.606165695505,52.418632698064904,28.837045087524057
High income,2021-01-25,1240988699,118.85483288624083,128.75519659414076,127.52574499575772,120.89215589091154,114.2343889781672,111.46481102058588,111.22218472250788,8420.947434328715,109.36295369258072,84.23174561076321
Low income,2021-01-25,704080579,48.71106061932909,69.80977460474358,53.49502631736026,48.71106061932909,8.07508210411375,-5.44873433508984,-14.582730586572204,36.134474652563505,1.246016367329776,1.6772794694568618
Lower middle income,2021-01-25,2994738553,75.99699190901123,86.83033229203872,84.62367608802346,75.99699190901123,54.1890240897014,35.34499613607328,26.26986640512703,389.9338786125654,7.798677572251309,8.982629275952023
Unknown income group,2021-01-25,256806,-23.990491459348462,74.78725262947472,59.806224825463865,28.62979160733804,-23.990491459348462,-35.14194775193503,-45.21873915528678,0,0,0
Upper middle income,2021-01-25,2928345496,85.41362704131821,108.14054471155421,102.77733038145917,90.71268574261366,76.62691560816235,68.82224237459286,66.79500178037853,2937.8857976656595,54.40529254936406,30.104450899123005
High income,2021-02-01,1240988699,121.46809125805609,131.39505930273228,130.16296101990073,123.5020217182301,116.84013620907585,114.03356744892342,113.81090334616619,8617.786497318699,111.9193051599831,88.814784364124165
Low income,2021-02-01,704080579,50.40600600615658,71.83525947428964,56.21229256519003,50.40600600615658,9.047964843095759,-4.700795916848117,-13.349449417654261,36.134474652563505,1.246016367329776,1.7421870970254387
Lower middle income,2021-02-01,2994738553,77.52679579905653,88.20577304795917,86.14066699244131,77.52679579905653,55.33080485681609,36.299976777813434,26.821726611929613,398.81841896687564,7.976368379337513,9.161042246080838
Unknown income group,2021-02-01,256806,-25.025581458055154,74.94580051616391,63.08673105598543,29.184942421450796,-25.025581458055154,-35.89178401406971,-46.04599850261229,0,0,0
Upper middle income,2021-02-01,2928345496,87.81924206247372,110.63762580782516,105.63566312475821,93.32868049954222,78.71033408933472,70.77925855229104,68.89305484139399,3023.443115139258,55.98968731739367,31.385481435008924
High income,2021-02-08,1240988699,123.20115519920417,133.1479927063699,131.90803281599798,125.24588591358882,118.55338335239611,115.71501620245404,115.51112829187458,8745.567120532083,113.57879377314393,92.950438946745
Low income,2021-02-08,704080579,52.21158563254333,73.93979852594258,58.839195565653284,52.21158563254333,10.090773946453103,-4.002840224262503,-12.484650856679883,36.134474652563505,1.246016367329776,1.8051053216168884
Lower middle income,2021-02-08,2994738553,79.05479781396409,89.22790253025578,87.77078124360037,79.05479781396409,56.24931535953272,37.12281703295004,27.363605960212087,407.23491623767114,8.144698324753422,9.320521777114212
Unknown income group,2021-02-08,256806,-26.08436124428051,75.4696390495033,64.91940072275567,30.29708495831695,-26.08436124428051,-36.87362469247237,-46.96907703885126,0,0,0
Upper middle income,2021-02-08,2928345496,89.93773811336776,112.86414258999618,107.90180339999858,95.40846071237404,80.67650767303415,72.25775060193784,70.62718901827775,3095.4542492631845,57.32322683820713,32.490884333820425
High income,2021-02-15,1240988699,124.6442753234885,134.60887617989343,133.34544175786345,126.67969631800598,119.99183608624003,117.10015498473449,116.92463596750207,8850.745566393434,114.94474761549915,96.41493689379679
Low income,2021-02-15,704080579,53.998769647737916,75.78073862234623,60.81898002827997,53.998769647737916,10.608280197564047,-3.4477668356863247,-11.556026334010506,36.134474652563505,1.246016367329776,1.8576569770716542
Lower middle income,2021-02-15,2994738553,80.60320696376586,90.5360840087196,89.22229865062774,80.60320696376586,57.29419235975221,37.87586277720522,27.96110351705227,415.74829222001176,8.314965844400236,9.461435547225213
Unknown income group,2021-02-15,256806,-27.043563188516224,76.17278209171951,65.819680106846,31.387800831249507,-27.043563188516224,-37.80460893947584,-47.87408559687766,0,0,0
Upper middle income,2021-02-15,2928345496,92.06342231604746,115.04480862553609,110.10008353962915,97.3448517498961,82.5391404713372,73.8248153536346,72.32035008868338,3166.006728660122,58.6297542344467,33.642046245761705
High income,2021-02-22,1240988699,125.52009380410577,135.52159116151745,134.23371441416495,127.56226467870644,120.86073535750262,117.91776678271206,117.76857774102653,8912.169496163095,115.74246098913109,99.28152391660096
Low income,2021-02-22,704080579,55.80793407295309,78.57259421643077,62.53547047419341,55.80793407295309,11.499709843385174,-2.8214249254009918,-10.587049884328165,36.134474652563505,1.246016367329776,1.9083614007765437
Lower middle income,2021-02-22,2994738553,82.24713948565329,93.08224687993474,90.65221288204401,82.24713948565329,58.348477729352176,38.88812350731206,28.666984470006806,424.2616682023524,8.485233364047048,9.605454596757246
Unknown income group,2021-02-22,256806,-27.98842987227288,77.40759080283192,66.82553890915415,32.29148248523783,-27.98842987227288,-38.29128779376602,-48.761605321985854,0,0,0
Upper middle income,2021-02-22,2928345496,94.08235140418697,117.14645105396646,112.2416176027424,99.31237874045823,84.12860285054168,75.34291071221917,73.88915805138679,3231.568085930259,59.843853443152945,34.64742716957057
High income,2021-03-01,1240988699,125.89759568595039,135.92679088088502,134.6618290574673,127.943279340233,121.2221076515416,118.24082899341911,118.12178213853286,8935.584759223992,116.0465553145973,101.95020373831784
Low income,2021-03-01,704080579,57.61301945988198,81.14049921675891,64.91490020095392,57.61301945988198,12.816762792717471,-2.126848806014335,-9.548151567549416,36.134474652563505,1.246016367329776,1.9555145264133185
Lower middle income,2021-03-01,2994738553,84.21343355609407,95.69648890941906,92.77306328147162,84.21343355609407,59.6322862876316,40.05198371886203,29.518044676236578,440.06602507371036,8.801320501474207,9.762262909633034
Unknown income group,2021-03-01,256806,-29.018661229050878,78.68061784923003,69.39652427501984,33.27887911331593,-29.018661229050878,-38.932226715463386,-49.398273931423134,0,0,0
Upper middle income,2021-03-01,2928345496,96.49850866099399,119.593539387671,114.9490531436906,101.75497907527647,86.13016548880537,77.11657187939404,75.82046767137697,3316.854391234932,61.42322946731356,35.67244354967328
High income,2021-03-08,1240988699,126.42045566991925,136.48301039303874,135.26062729564478,128.47445844388994,121.73729098246372,118.72006047944946,118.61562380853246,8969.88811275134,116.49205341235503,104.30219920963195
Low income,2021-03-08,704080579,59.54927307417623,83.50736340073139,67.45591161491188,59.54927307417623,14.282222997008063,-1.4325598819895524,-8.385127686031927,36.134474652563505,1.246016367329776,2.003947193095352
Lower middle income,2021-03-08,2994738553,86.08212298834992,97.3081084202383,94.32552917232086,86.08212298834992,61.04040520525707,41.18059706270385,30.41273611610786,455.8703819450683,9.117407638901366,9.901707603254675
Unknown income group,2021-03-08,256806,-29.94194174258046,79.8727177903484,72.07669971198872,34.27870972976994,-29.94194174258046,-38.78172133781967,-50.07897031195989,0,0,0
Upper middle income,2021-03-08,2928345496,98.86623407447011,121.95335227690087,117.89428222873819,104.11075886645993,88.18556914791859,78.95799671291157,77.74019474873836,3401.267111095711,62.986427983253904,36.711904331933376
High income,2021-03-15,1240988699,127.17598522710436,137.24683932631086,136.09031055433374,129.2399422977773,122.5055174724934,119.46456426933308,119.33334423462516,9022.08756263414,117.1699683458979,106.38070314933626
Low income,2021-03-15,704080579,61.633991843865545,84.81837073750647,70.25850665244393,61.633991843865545,15.036171351922405,-0.5277754890245306,-7.079730989576364,36.134474652563505,1.246016367329776,2.0672929255729406
Lower middle income,2021-03-15,2994738553,88.22551420384615,99.64681538753942,96.50543038729666,88.22551420384615,62.83820219311083,42.3848221317371,31.26203452412849,471.67473881642627,9.433494776328525,10.052305591031672
Unknown income group,2021-03-15,256806,-30.876884061299904,81.61102166375605,74.92902285018597,35.992842588643526,-30.876884061299904,-38.444297955360724,-50.79483621977429,0,0,0
Upper middle income,2021-03-15,2928345496,101.36824741592064,124.36423517974563,120.41288889109418,106.55219426605333,90.2717020927958,80.93525348520927,79.76889508987527,3487.528854580032,64.58386767740801,37.80969204325062
High income,2021-03-22,1240988699,128.40252401305813,138.51319186624121,137.39657782716034,130.4752213618551,123.72482984203829,120.64807318495684,120.51554751587051,9110.385615485227,118.31669630500295,108.32979616037584
Low income,2021-03-22,704080579,63.71363499547221,86.33169763959806,73.00676768487759,63.71363499547221,16.282184419956522,0.38727450949783754,-5.813265788331703,36.134474652563505,1.246016367329776,2.1358970050500425
Lower middle income,2021-03-22,2994738553,90.37470552228869,101.61499014056122,98.64718964299102,90.37470552228869,64.55707044814534,43.42069086121405,32.043453375132636,487.47909568778414,9.749581913755684,10.222404546578126
Unknown income group,2021-03-22,256806,-31.762841837364473,85.99142085343065,77.07547924412192,36.583057628280194,-31.762841837364473,-38.09606709929677,-51.69548819816912,0,0,0
Upper middle income,2021-03-22,2928345496,103.81009543814812,126.68782875713902,122.97677475171777,109.2347674936775,92.42722354821639,82.91479351816776,81.82529343078016,3569.5213921047803,66.10224800194038,39.108992622774856
High income,2021-03-29,1240988699,129.688432338314,139.83010908561255,138.7552753317466,131.78078989892416,125.0008552494139,121.88605294453798,121.77634930771916,9203.330432112634,119.52377184561863,110.41514786590334
Low income,2021-03-29,704080579,65.916050547706,89.00153088178054,76.02580836758128,65.916050547706,17.79966740572186,2.2344004228261416,-4.485635920674605,36.134474652563505,1.246016367329776,2.2182757863003064
Lower middle income,2021-03-29,2994738553,92.66630709787341,104.04299808976161,101.13687384286345,92.66630709787341,66.28420982100286,44.532389248408485,33.04212244101221,503.28345255914206,10.065669051182843,10.440319896599666
Unknown income group,2021-03-29,256806,-32.70954994227428,89.57042524406769,78.14179502095519,37.204839836876715,-32.70954994227428,-37.782161785260065,-52.47371305994623,0,0,0
Upper middle income,2021-03-29,2928345496,106.5364003387906,129.18095485040368,125.61620658299307,111.62038596942321,94.78953207347129,85.0402576495882,84.08614713718526,3657.7162588981264,67.73548627589123,40.45237963273443
High income,2021-04-05,1240988699,131.3796079942307,141.55536655452346,140.53611702249367,133.47308968097295,126.63227143163208,123.53334165911882,123.42824504736261,9327.577520117296,121.13737039113371,112.27584321458838
Low income,2021-04-05,704080579,68.24546117571255,91.93848495657761,78.90884236538392,68.24546117571255,19.16886161981918,4.190787597273463,-3.039953778933216,36.134474652563505,1.246016367329776,2.3077551752780274
Lower middle income,2021-04-05,2994738553,96.56974614120601,107.91272024027047,105.5634266565892,96.56974614120601,69.54872767827764,46.63068214906838,35.09938301140738,528.3681187156491,10.567362374312982,10.735370995172145
Unknown income group,2021-04-05,256806,-33.66392101591298,93.12504049057357,78.90441244093722,38.139067112670794,-33.66392101591298,-39.239090388993134,-53.21079485743177,0,0,0
Upper middle income,2021-04-05,2928345496,109.40337744435989,131.78892323916264,128.31075727133896,114.57025458696533,97.21069657900665,87.32834009038305,86.50822132798018,3747.4335878513593,69.39691829354369,41.81007455139439
High income,2021-04-12,1240988699,132.94328791496625,143.16349254583326,142.201816930772,135.03799901672934,128.17035208650532,125.07697369010806,124.93596708801465,9441.805127141442,122.6208458070317,114.44193876579371
Low income,2021-04-12,704080579,70.89921361926606,95.35604038125821,81.85851382391716,70.89921361926606,20.8498778280494,5.6615678931664615,-0.8604378924900096,36.134474652563505,1.246016367329776,2.388002382323913
Lower middle income,2021-04-12,2994738553,101.4156597812012,113.22221541911959,111.61115433923425,101.4156597812012,72.93346905086159,50.11208808626344,37.76818723705855,553.4527848721561,11.069055697443124,11.168898622717265
Unknown income group,2021-04-12,256806,-34.63454061996767,96.7427919180649,79.76902246749334,39.09256784925729,-34.63454061996767,-40.47397319376591,-53.8647180860409,0,0,0
Upper middle income,2021-04-12,2928345496,112.29769055405151,134.33373325612516,131.213389497968,117.58531629019728,99.85780860995003,89.53646528391377,88.95351923280235,3839.9484555551226,71.11015658435412,43.46305573363943
High income,2021-04-19,1240988699,134.76675292469673,145.03272241720296,144.12550826087886,136.84695272020073,129.95417505549435,126.86446228372397,126.69045044588742,9575.14144161724,124.35248625476935,116.38152443804003
Low income,2021-04-19,704080579,73.3792307107048,98.05934567687719,84.80941472554169,73.3792307107048,22.496276845486257,6.448460719441174,1.4376062744421978,36.134474652563505,1.246016367329776,2.4912594556879544
Lower middle income,2021-04-19,2994738553,106.44888132139046,120.38656848419654,118.59985436933648,106.44888132139046,79.60489260984092,53.83064195385737,41.387101657883214,578.5374510286633,11.570749020573263,11.721702171575176
Unknown income group,2021-04-19,256806,-35.28359770689899,101.22502326704094,81.00006678306409,40.15380145760078,-35.28359770689899,-41.71272206644876,-54.545735936555204,0,0,0
Upper middle income,2021-04-19,2928345496,115.25895810900501,137.63539208204253,134.45313528187688,120.56568739613701,102.41655867457041,91.87765011547259,91.3966061464535,3933.806070556079,72.84826056585331,45.036333581589105
High income,2021-04-26,1240988699,136.38374758680152,146.7076093791098,145.84062749656752,138.4813144380084,131.580938146049,128.44180378555748,128.25742517265988,9693.567996360141,125.89049345922261,118.21264635061758
Low income,2021-04-26,704080579,75.77288890602284,100.1738265584858,87.49995654658483,75.77288890602284,23.5165176862256,7.68204567073759,3.4588839916174883,36.134474652563505,1.246016367329776,2.5786102530744563
Lower middle income,2021-04-26,2994738553,113.98996182000812,133.51499444862685,129.81997878314823,113.98996182000812,87.42444954491017,58.99799641637817,46.9121559775409,603.6221171851703,12.072442343703406,12.538167668221153
Unknown income group,2021-04-26,256806,-35.901378489436276,105.41489503678245,84.1185679823083,41.19349496345388,-35.901378489436276,-42.8963380095387,-55.05277271106832,0,0,0
Upper middle income,2021-04-26,2928345496,118.14895579015416,140.79150749444352,137.4775768301052,123.44034311592651,104.9407990709553,94.32712033129553,93.75254067337346,4024.8510666647558,74.5342790123103,46.608074623172804
High income,2021-05-03,1240988699,137.64353761131858,148.1547790728884,147.17711822769706,139.82107270504628,132.86376371610731,129.65594310539512,129.47915373778952,9783.28414715709,127.05563827476743,119.84658645146936
Low income,2021-05-03,704080579,78.08260153851342,102.11075258366137,90.31570850781742,78.08260153851342,24.810347519142866,9.10304052357906,5.32181650802936,36.134474652563505,1.246016367329776,2.6477800348474037
Lower middle income,2021-05-03,2994738553,125.19652566920125,150.66901899367932,143.85691813993574,125.19652566920125,97.18110091954506,63.48338730920005,52.93937199565442,625.5158634003793,12.510317268007585,13.586038774317005
Unknown income group,2021-05-03,256806,-36.66372582153441,109.64157435410334,84.86938316787226,41.654391992512735,-36.66372582153441,-44.02192581973991,-55.42981747306573,0,0,0
Upper middle income,2021-05-03,2928345496,120.57231595462427,143.10789243425717,139.94749246353715,125.9710401743496,106.85773985585539,96.38378227652734,95.68729853487011,4091.5230544674573,75.76894545310107,48.107044333541985
High income,2021-05-10,1240988699,139.0725703787201,149.82889029951082,148.7837140993224,141.31976155276683,134.20873231675853,130.888046799206,130.69185936021026,9870.469491936876,128.1879154796997,121.29551108829236
Low income,2021-05-10,704080579,80.32946914407634,104.3013207413336,93.0252292118937,80.32946914407634,26.81011718718894,10.728986853958348,7.268812839918893,36.134474652563505,1.246016367329776,2.7231964027799154
Lower middle income,2021-05-10,2994738553,138.22312063449218,169.51625104723888,160.19064983836384,138.22312063449218,106.53252690681106,67.83240171943852,58.789887894253056,647.4096096155881,12.948192192311764,14.733351048558127
Unknown income group,2021-05-10,256806,-37.47367596045354,113.22015729258442,86.00452299559696,42.9871524528862,-37.47367596045354,-45.04194733633665,-56.11063363242908,0,0,0
Upper middle income,2021-05-10,2928345496,122.8953047371172,145.65700662112695,142.48630612032198,128.3302921538243,108.79611024167549,98.29446624355083,97.48291174407868,4155.675563871879,76.95695488651626,49.46934967129985
High income,2021-05-17,1240988699,140.29325923858627,151.26957439821206,150.27197342660247,142.5700717786563,135.2590455785395,131.8855594102224,131.66550011124582,9938.923066621792,129.07692294314018,122.51510043767126
Low income,2021-05-17,704080579,82.53907695371996,106.52449234892637,95.2055230538347,82.53907695371996,28.159702967685774,12.31202606870747,9.154408590394636,36.134474652563505,1.246016367329776,2.7669423899845986
Lower middle income,2021-05-17,2994738553,151.48566526665147,187.14438821606987,178.7807592167933,153.14056904858654,116.96794683232098,71.95729970625476,64.26681173414008,669.303355830797,13.386067116615942,15.921668671956352
Unknown income group,2021-05-17,256806,-37.96673019668396,114.20853456397055,86.86972548476031,43.801940132855535,-37.96673019668396,-46.14613963611956,-56.959664309674785,0,0,0
Upper middle income,2021-05-17,2928345496,125.22085213386706,148.14817855674926,144.7758646675659,130.7558923849056,110.67956628433538,100.20943118348879,99.23025369700262,4217.813933890064,78.10766544240859,50.74689711408288
High income,2021-05-24,1240988699,141.27615092028444,152.46101520010663,151.4871718763699,143.50276123946517,136.01576885435938,132.56391501746933,132.35770958905337,9984.744784662107,129.67201019041698,123.57691534465778
Low income,2021-05-24,704080579,85.01039735573657,108.83174659892562,96.5292182006249,85.01039735573657,30.46098648506905,13.12530516303546,9.90251229192027,36.134474652563505,1.246016367329776,2.8311421440300797
Lower middle income,2021-05-24,2994738553,163.5318234431655,201.5815438493164,198.2863325007625,167.3354314860788,126.85948030603448,75.0228996984757,68.7797268695479,691.197102046006,13.823942040920121,17.087280006041983
Unknown income group,2021-05-24,256806,-38.175562768731275,116.04408793739312,88.0603233145056,44.52974783741029,-38.175562768731275,-46.31430184317168,-57.7201655301097,0,0,0
Upper middle income,2021-05-24,2928345496,127.59390993895533,150.57385674501373,147.21146305099555,133.2813027374069,112.6090978285429,102.39433481574548,100.97595582651836,4278.476957503291,79.23105476857945,51.96413763603255
High income,2021-05-31,1240988699,142.40278724292278,153.80022053288315,152.87964792591634,144.66927152500415,136.9328490974231,133.41233876431141,133.21268949192162,10042.452208025043,130.42145724707848,124.56660985274613
Low income,2021-05-31,704080579,87.54286690603438,111.11442222542864,98.88912146159382,87.54286690603438,31.773143567795376,14.73391664390768,10.831813702523005,36.134474652563505,1.246016367329776,2.8834094570303432
Lower middle income,2021-05-31,2994738553,172.92063639490078,217.88794946006166,213.8899161891623,180.566268127444,135.89075945241748,78.81765744104338,72.47324081268674,713.090848261215,14.2618169652243,18.105199716243806
Unknown income group,2021-05-31,256806,-38.34395154346417,117.68268197743848,89.24300436614287,45.27574239705183,-38.34395154346417,-46.47615240948033,-58.4851484305787,0,0,0
Upper middle income,2021-05-31,2928345496,130.09076006189787,153.14360829354445,150.18242729608298,136.0229704139459,114.84803688018114,104.58999806112321,102.93353864974358,4338.458532837028,80.34182468216719,53.17799665808286
High income,2021-06-07,1240988699,143.5527660625869,155.14689220077258,154.28746361501462,145.82909523862685,137.87811323786858,134.2891077227152,134.09160599441955,10100.95782092686,131.18127040164754,125.37209833205742
Low income,2021-06-07,704080579,89.8266095525943,112.90146825054543,101.38510900934452,89.8266095525943,32.97708334101429,16.16185808039993,11.84177942202688,36.134474652563505,1.246016367329776,2.9554196807351505
Lower middle income,2021-06-07,2994738553,180.83827234213376,228.50519123249242,225.7698131345228,189.14301786053062,143.0018711637907,83.74203495168216,75.4989007475054,718.6136022136958,14.372272044273917,18.93251814693555
Unknown income group,2021-06-07,256806,-38.478617583695545,119.40930143203396,90.4751977471382,46.066377575691504,-38.478617583695545,-46.686487513668,-59.24414341609356,0,0,0
Upper middle income,2021-06-07,2928345496,132.9137065757349,157.00036321027687,153.332181688388,138.89889051332818,117.41138974968095,106.75333884145064,105.12663957696016,4412.234209748254,81.70804092126396,54.44902086102753
High income,2021-06-14,1240988699,144.92876091763628,156.74483832652825,155.93526627535127,147.3075977309095,139.05030773295994,135.3594704188384,135.17353938316032,10177.497895666542,132.17529734631873,126.07637807344771
Low income,2021-06-14,704080579,92.17898699906688,114.68132085195924,103.78342829365552,92.17898699906688,34.86690706871861,17.573803480275,12.8615157022129,36.134474652563505,1.246016367329776,3.057256036031069
Lower middle income,2021-06-14,2994738553,185.0409264954416,234.8865225230516,232.02200801907867,195.7203404149277,148.4505241990002,86.40002085189055,78.2903508300486,724.1363561661768,14.482727123323535,19.968502472476104
Unknown income group,2021-06-14,256806,-38.6250778049865,121.05583637642529,91.67437356084378,46.80628911908751,-38.6250778049865,-46.90698804858307,-59.9869594613351,0,0,0
Upper middle income,2021-06-14,2928345496,135.7655859329476,160.02580916815114,156.74979847982695,141.66610902670556,119.85008807290333,108.83691208882205,107.05492970432964,4482.570927693144,83.01057273505822,55.65161020877026
High income,2021-06-21,1240988699,146.10085169271778,158.21509928684765,157.3983376158696,148.57342854012862,140.05319292260015,136.2854290055248,136.05691369940766,10238.525834787652,132.9678679842552,126.649954046036
Low income,2021-06-21,704080579,94.5747861996508,116.46602994706744,105.87002696977808,94.5747861996508,36.12919991689729,18.837754606099637,14.067593837421244,36.134474652563505,1.246016367329776,3.2043992794182725
Lower middle income,2021-06-21,2994738553,189.1228599395597,241.2124116885581,237.85287910987162,201.94615307237578,151.79054493151892,87.98626036481767,80.46044429482663,729.6591101186577,14.593182202373155,20.545348387211952
Unknown income group,2021-06-21,256806,-38.66962091817231,123.0260135938084,92.95566905369726,47.65404391170764,-38.66962091817231,-47.01755610179038,-60.474759046913654,0,0,0
Upper middle income,2021-06-21,2928345496,138.77751893791407,163.01519740327498,159.92878428537654,144.70239756828113,122.3710430550964,111.18279843465307,109.37190698400104,4556.163540139903,84.37339889147968,56.87199318778743
High income,2021-06-28,1240988699,147.0991817655235,159.57775071964664,158.67003372799604,149.72670656855212,140.94963591195662,137.05152470824805,136.77553018274932,10284.55482803533,133.5656471173419,127.1752622946327
Low income,2021-06-28,704080579,97.06582342047305,118.10950541662744,107.73317364488791,97.06582342047305,38.06995644445448,20.196660937871897,16.03650599388298,36.134474652563505,1.246016367329776,3.3569400584190805
Lower middle income,2021-06-28,2994738553,193.14301082305053,249.59418034857902,242.17352152133975,207.38715654658918,154.91166392477265,89.51279762773264,82.31676961719955,735.1818640711388,14.703637281422774,20.994470197412255
Unknown income group,2021-06-28,256806,-38.87797793021206,124.75074813148149,94.1835805352166,47.56096151061281,-38.87797793021206,-47.239744034621374,-61.15553031399879,0,0,0
Upper middle income,2021-06-28,2928345496,141.91848712633114,166.1340005544646,163.4324543460429,147.71418913622912,125.34572590099214,113.8087286308603,111.84573105417556,4631.66931208497,85.77165392749944,58.08131087411825
High income,2021-07-05,1240988699,147.9036381382396,160.63617272212304,159.66466460050754,150.57670005224142,141.53692367812,137.62381015708576,137.29142634867836,10315.787744777179,133.97126941269065,127.61450755161148
Low income,2021-07-05,704080579,99.67914985545191,119.53335838081215,110.85125885467806,99.67914985545191,40.63959625615887,22.148076445994366,18.62867605937032,36.134474652563505,1.246016367329776,3.6229623086933636
Lower middle income,2021-07-05,2994738553,197.1359418657462,255.7417504036555,245.5454416844907,212.7022200625555,160.25915003750697,90.92537647348348,84.24747495456707,737.6799314244917,14.753598628489833,21.366757086657774
Unknown income group,2021-07-05,256806,-39.034660136427235,126.29697965038386,95.4195000778374,48.35147028765416,-39.034660136427235,-47.46957635312709,-61.7472836816032,0,0,0
Upper middle income,2021-07-05,2928345496,145.3242840711426,170.237442065274,167.36290100461835,151.0021409698799,128.46648517889537,116.54909982636006,114.43467474155473,4711.90170855294,87.25743904727666,59.33147141869902
High income,2021-07-12,1240988699,148.97944962173045,162.09707009311677,160.9030086747257,151.72886250557957,142.49014227443294,138.4551578543886,138.06057720848867,10367.498401314038,134.64283638070182,127.99557725867736
Low income,2021-07-12,704080579,102.3714444106564,120.83056417229214,114.88829995396642,102.3714444106564,43.11255960814558,24.0307890631614,21.691607780053527,36.134474652563505,1.246016367329776,3.767119956308296
Lower middle income,2021-07-12,2994738553,201.27211069026987,260.9464746057495,251.84637672724955,217.2564944058534,164.1088771113732,92.75755009180833,86.16854428086232,740.1779987778446,14.803559975556892,21.832340033323767
Unknown income group,2021-07-12,256806,-39.02274451487058,128.3429396213319,96.62410246652712,48.74806076077768,-39.02274451487058,-47.5422011492145,-62.08633222402801,0,0,0
Upper middle income,2021-07-12,2928345496,148.8498353280462,174.53880019037913,171.46970188136268,154.4274005437087,131.75338707253903,119.35133389915715,117.24007040496271,4790.671789727055,88.71614425420469,60.596076126394344
High income,2021-07-19,1240988699,150.1253537649587,163.64024983361608,162.202359581472,152.91985419703914,143.46248508727615,139.335900941314,138.9114844162648,10423.832467208831,135.3744476260887,128.330795702113
Low income,2021-07-19,704080579,104.89120392934853,122.84169636756715,118.5587644459208,104.89120392934853,45.3117044420641,25.363846473724095,22.966481037266792,36.134474652563505,1.246016367329776,3.9338629449684053
Lower middle income,2021-07-19,2994738553,205.20585875073485,266.0038048497467,256.3418643660921,221.37802007938527,167.78443708928407,94.52820776932167,88.09406604292242,742.6760661311974,14.85352132262395,22.218684710671635
Unknown income group,2021-07-19,256806,-39.177976676358774,130.18488288973757,97.80903868465072,48.894270971519525,-39.177976676358774,-47.75734962417365,-62.61492797173079,0,0,0
Upper middle income,2021-07-19,2928345496,152.50736920128375,179.16687551883948,175.1682276620629,158.2404074746055,134.9047022235673,122.20721395047654,120.39464074766448,4869.4170869403615,90.17439049889559,61.91296308705781
High income,2021-07-26,1240988699,151.31026366012185,165.28192143101242,163.67549443283832,154.1018492407625,144.45893114693462,140.21245878540347,139.83202808409445,10482.509673920098,136.13648927168958,128.70759429856824
Low income,2021-07-26,704080579,107.53093955497454,125.67002183103196,121.98044072830969,107.53093955497454,46.91715685425868,27.290749813135434,24.425822894310848,36.134474652563505,1.246016367329776,4.074757613787271
Lower middle income,2021-07-26,2994738553,209.7060396189234,275.62653832817665,260.5431727353144,226.8013677266416,172.54492627039357,96.94411076998442,90.10935662793432,745.1741334845503,14.903482669691009,22.729246875929206
Unknown income group,2021-07-26,256806,-39.348698419132134,131.8851523803293,98.3884631683284,49.0333924096618,-39.348698419132134,-47.99044215354398,-63.18002782137189,0,0,0
Upper middle income,2021-07-26,2928345496,156.3118420195669,183.9948260649742,179.36477438959065,162.1904619958607,138.36010385898433,125.45371385382634,123.3425399693334,4953.284980520966,91.72749963927714,63.29879669362621
High income,2021-08-02,1240988699,153.00084865329404,167.61323108539784,165.85330283420626,155.871518195393,145.9630712116613,141.56229541018877,141.13831970000257,10571.280763866362,137.289360569693,129.17077345601194
Low income,2021-08-02,704080579,110.07131934855616,128.1426274122099,125.0542580199497,110.07131934855616,49.07294409994987,28.698352177439858,25.684567508863974,36.134474652563505,1.246016367329776,4.2207644815608525
Lower middle income,2021-08-02,2994738553,214.22292088987007,284.1722312673937,265.55495794157815,231.97090409690657,177.71632778509675,99.52658467214147,92.21737028428257,745.2619351807856,14.905238703615709,23.21960637610291
Unknown income group,2021-08-02,256806,-39.548539336892205,133.66712721048629,99.27897240955785,48.839379772521035,-39.548539336892205,-48.29101869970438,-63.710469047583196,0,0,0
Upper middle income,2021-08-02,2928345496,159.74832308100954,188.54981184138094,182.8687932203697,165.45896739651766,141.64072788710834,128.45749699436152,126.100521655389,5003.140638343452,92.6507525619158,64.77386140368185
High income,2021-08-09,1240988699,155.07659577197677,170.22475025954068,168.3756128875753,157.89925269137763,147.6886144394654,143.2682549041901,142.87877930529825,10683.956883573437,138.75268679965504,129.73717676054358
Low income,2021-08-09,704080579,112.35424377791415,130.54498190995596,127.11434700432352,112.35424377791415,51.301593132731526,29.9263228529752,27.125302183374192,36.134474652563505,1.246016367329776,4.349726709334501
Lower middle income,2021-08-09,2994738553,218.47837630248586,288.6840973260061,271.122361910694,236.75727706490014,182.4112714800522,101.94351854959112,94.20940409720714,745.3497368770206,14.906994737540412,23.74239004228694
Unknown income group,2021-08-09,256806,-40.032643203360266,136.64513234392777,100.1861980600365,48.774183659169545,-40.032643203360266,-48.60393064011454,-64.31905493705219,0,0,0
Upper middle income,2021-08-09,2928345496,163.09016070883575,193.41675046035806,186.85227776013093,168.56283333004177,144.99919107624015,131.4848787157085,129.06738621569986,5041.697819906012,93.36477444270393,66.26378119148
High income,2021-08-16,1240988699,157.59672958281118,173.23893947552403,171.04334501997147,160.21974757601768,149.72136689503424,145.31617775403808,144.8592558895396,10814.954383459984,140.45395303194783,130.4374245554673
Low income,2021-08-16,704080579,114.62562819926707,132.93976812886436,129.19380111708125,114.62562819926707,53.60065513347467,30.818675324225975,29.027858474047786,36.134474652563505,1.246016367329776,4.45582223622163
Lower middle income,2021-08-16,2994738553,222.61106869549837,292.8304575081869,278.469539651573,241.99413494208636,186.27331048361322,104.57208776479506,96.39384124671531,745.4375385732557,14.908750771465114,24.26103341382402
Unknown income group,2021-08-16,256806,-40.27096062243773,138.63304973648994,101.95753994587572,48.77304648814864,-40.27096062243773,-48.91173618543948,-64.3644375003071,0,0,0
Upper middle income,2021-08-16,2928345496,166.55897453558893,197.98597320862325,190.70230698876856,172.99723630643052,148.24339278218824,134.5239777394613,131.82963093396134,5084.278657835655,94.15330847843808,67.76316133839147
High income,2021-08-23,1240988699,159.8247195074533,175.59899202642677,172.925926288882,162.06024818442918,151.3701454985551,146.88883627271892,146.34179167709235,10835.772507583832,140.7243182803095,131.4136621319869
Low income,2021-08-23,704080579,117.781359101782,136.31624369158084,133.52228867301903,117.781359101782,56.09638562202939,31.94585745283183,30.255201293857837,36.134474652563505,1.246016367329776,4.546865508699112
Lower middle income,2021-08-23,2994738553,226.57447200625802,298.1589738067039,286.26473825463853,246.35409059052756,189.93753687778153,107.16570207777558,98.8420881315945,745.5253402694907,14.910506805389813,24.75697026230523
Unknown income group,2021-08-23,256806,-40.7366231247737,140.1572255714888,103.8584776913908,49.43469386181247,-40.7366231247737,-49.26719961537374,-64.91625980662283,0,0,0
Upper middle income,2021-08-23,2928345496,170.00833325905253,202.3073006280055,194.5500169752062,176.58591335281616,151.34541622266204,137.40725140731945,134.1508558089093,5133.313799748835,95.06136666201546,69.21391300201962
High income,2021-08-30,1240988699,161.79286648573768,177.82123439836798,174.62248508900467,164.47756378417583,152.89002775673336,148.10957366056473,147.1945755228359,10836.308086661413,140.7312738527456,132.5855495159509
Low income,2021-08-30,704080579,120.14834083528149,139.16922319163294,136.3054328709942,120.14834083528149,58.28388165123705,33.194029303389264,30.983464699472474,36.134474652563505,1.246016367329776,4.627253892767862
Lower middle income,2021-08-30,2994738553,230.3055678880412,302.73467032692986,293.53456436599384,251.7636457762047,193.15299152038202,109.58608070685007,101.22610167836604,745.6131419657257,14.912262839314513,25.246695850714552
Unknown income group,2021-08-30,256806,-41.33074269065727,141.66587956287387,105.0769663362953,50.79392275912662,-41.33074269065727,-49.43396298559254,-65.45600278215913,0,0,0
Upper middle income,2021-08-30,2928345496,173.17170851654603,206.41411106583467,198.23131687128964,179.88668320662555,154.35191492549518,140.01965565308134,136.3087063806656,5176.267100590172,95.85679815907726,70.55135764622221
High income,2021-09-06,1240988699,163.70196722397358,179.7926265960424,176.32288021098705,166.70835987259363,154.3971528575687,149.2171326257551,148.14758055703606,10836.308086661413,140.7312738527456,133.7985353402481
Low income,2021-09-06,704080579,122.23287278810379,141.58976120930876,137.19290878014118,122.23287278810379,58.85594872664751,34.623797942441506,32.1479616518566,36.134474652563505,1.246016367329776,4.701534879291138
Lower middle income,2021-09-06,2994738553,233.74739638132417,307.09150787917605,299.9322334184286,256.40278062895885,196.5432198862383,111.51619744611988,103.2346945030452,745.6131419657257,14.912262839314513,25.647365250985903
Unknown income group,2021-09-06,256806,-42.804643297821215,142.8756842905914,105.1753588343138,51.22895391070274,-42.804643297821215,-50.448460206371536,-66.4264681756286,0,0,0
Upper middle income,2021-09-06,2928345496,176.3204562143143,211.3601243729557,201.11300870044866,182.93303337471397,157.40388208601246,142.54493983044648,139.46287736541052,5179.506262259428,95.91678263443386,71.84512653557461
High income,2021-09-13,1240988699,165.12504972306402,181.61412272471753,177.9072320631542,168.7278149302897,155.86306089726511,150.2759267673254,149.3166492486456,10836.308086661413,140.7312738527456,135.28968767829207
Low income,2021-09-13,704080579,124.31496918663329,144.50398562461345,139.93584620744122,124.31496918663329,59.870819538782456,35.9912068981777,33.299164647571395,36.134474652563505,1.246016367329776,4.774962838450911
Lower middle income,2021-09-13,2994738553,237.1342528759039,311.8889193002553,305.50413916225716,260.1448186927725,200.38348578295137,113.1576155986987,105.01626092424118,745.6131419657257,14.912262839314513,26.0162123741825
Unknown income group,2021-09-13,256806,-44.218630857944326,145.38572166860848,104.98278408797363,51.59886078453447,-44.218630857944326,-50.27374029960454,-67.3654619744588,0,0,0
Upper middle income,2021-09-13,2928345496,179.2103404399327,214.70369485985438,203.68565046511728,185.67476056072613,159.64311072634135,144.73445432542613,142.68018413642528,5182.745423928684,95.97676710979046,72.97204233308132
High income,2021-09-20,1240988699,166.62594592303756,183.34669761847394,179.72334866560305,170.63116204214438,157.18330158473555,151.30195170429639,150.43684850789126,10836.308086661413,140.7312738527456,136.84836496645647
Low income,2021-09-20,704080579,126.41168176837901,147.98651901711284,143.01196172706318,126.41168176837901,61.350946963301915,36.775052684066296,34.76239001986704,36.134474652563505,1.246016367329776,4.8593290342695274
Lower middle income,2021-09-20,2994738553,240.4890256985724,317.01001156420176,310.1275540829253,264.3867929288039,204.63808739200965,114.58441841060409,106.45613470774545,745.6131419657257,14.912262839314513,26.355774737308096
Unknown income group,2021-09-20,256806,-45.68599552012708,146.57403251207327,104.83540340852903,52.13599712539107,-45.68599552012708,-50.08696398656426,-68.33389154684639,0,0,0
Upper middle income,2021-09-20,2928345496,181.87126690619849,217.53345752033283,206.45573327515643,188.5881388126949,161.73432474841488,146.73675822446117,144.7370124232146,5185.984585597941,96.03675158514706,73.99360884703476
High income,2021-09-27,1240988699,168.03145183682878,186.49851110553064,181.91850565144424,172.16256391009796,158.3724231380794,152.29394685623083,151.44779408415556,10836.308086661413,140.7312738527456,138.4442711996042
Low income,2021-09-27,704080579,128.45549155955746,151.89186696598907,146.14043552632197,128.45549155955746,62.84876249530173,37.588744016841,36.25269844081329,36.134474652563505,1.246016367329776,4.945826804292524
Lower middle income,2021-09-27,2994738553,243.7885333101434,321.98320262256834,313.9277551698881,267.5505352209084,208.59044577108784,116.08464990691932,107.77145055634706,745.6131419657257,14.912262839314513,26.635966308341708
Unknown income group,2021-09-27,256806,-47.15080479994082,147.66574866728348,105.6309464568935,53.27995040798691,-47.15080479994082,-49.57972122431823,-69.24724964489383,0,0,0
Upper middle income,2021-09-27,2928345496,184.26705773747508,220.12756303348905,209.12085928704903,191.8424207032707,163.4787081730986,148.58081900977214,146.01054522023708,5189.223747267199,96.09673606050367,74.913581918409
High income,2021-10-03,1240988699,169.19247961181364,188.74002069302227,183.35749926589776,173.56252200482507,159.4204650484284,153.13101176781979,152.29171845942653,10836.308086661413,140.7312738527456,139.74850757283164
Low income,2021-10-03,704080579,130.23921032978961,155.2958925490269,148.61949707273678,130.23921032978961,64.14970675249376,38.25508066623293,37.32730701155308,36.134474652563505,1.246016367329776,5.014976559948546
Lower middle income,2021-10-03,2994738553,246.61220101467208,326.2506629574832,317.31165364473577,270.0696627428501,211.08450992288266,117.39969245429673,108.94724803571242,745.6131419657257,14.912262839314513,26.908014430600613
Unknown income group,2021-10-03,256806,-48.39285302966373,148.56532225639597,106.85270743722582,54.05280813396139,-48.39285302966373,-49.317028326730444,-70.08000537586749,0,0,0
Upper middle income,2021-10-03,2928345496,186.38029049399287,222.3627031387412,211.32797573775122,193.8572038470522,165.0487563402055,150.55864116234576,147.0795825647826,5189.223747267199,96.09673606050367,75.61695302090132
