iso3c,date,estimated_daily_excess_deaths_per_100k,estimated_daily_excess_deaths_ci_95_top_per_100k,estimated_daily_excess_deaths_ci_95_bot_per_100k,cumulative_estimated_daily_excess_deaths_per_100k,cumulative_estimated_daily_excess_deaths_ci_95_top_per_100k,cumulative_estimated_daily_excess_deaths_ci_95_bot_per_100k,daily_covid_deaths_per_100k,cumulative_covid_deaths_per_100k
ABW,2022-04-23,2.5914522430000098,3.571926874000008,1.144966686000002,401.783838847466,450.9925196909659,352.6379485469659,11.0079761182891,197.77041839638042
AFG,2022-04-23,0.1794420279999995,0.5599263369999999,-0.00644839100000014,184.644622828,364.3365652979997,108.74299325400044,0.001568955152182625,19.28183123826359
AGO,2022-04-23,0.16941804850000053,0.378782137,-0.11622808899999988,142.3903595085,188.44875411899983,-23.00278038899994,0,5.599168329005717
AIA,2022-04-23,0.224825244499999,0.6714849529999994,-0.13371677099999965,107.8128792955,369.2434747350002,-6.112949352000059,0,59.50413223140496
ALB,2022-04-23,0.24822319349999927,0.4855426680000016,-0.140497039,607.9469692419797,627.4527576499796,545.6394852259795,0.004350952719415065,121.68744565660054
AND,2022-04-23,0.15212853849999983,0.9986668079999954,-0.16025064699999966,254.33151229509775,500.156814125097,155.19767681409752,0,197.79196938749126
ARE,2022-04-23,-0.26005839750000004,0.40829891699999943,-0.26005839750000004,102.26027063900015,473.7743623290002,35.9485486320003,0,23.040545254203174
ARG,2022-04-23,-0.03523580350000018,0.4792936210000004,-0.22023934399999992,369.2526840434545,480.059448851454,334.49126417445393,0.004659492714340447,281.42020373144015
ARM,2022-04-23,0.1145514324999996,0.4345721889999995,-0.10281849399999948,539.2038678970004,715.5930274650001,402.5023842630001,0.004211408672402268,290.48612458761886
ATG,2022-04-23,0.07029077949999948,0.4949789249999991,-0.19702680099999992,-24.397836345798165,20.66188409320201,-61.58495088979816,0,136.73932420387328
AUS,2022-04-23,0.13431582800000053,0.9150249480000016,-0.7126871820000007,-13.255648630211484,45.48045211578831,-65.17236517421152,0.11051558934842219,27.07825826035201
AUT,2022-04-23,1.0707304265000004,1.7045176240000015,0.346737278,212.87301326404423,230.2015878680442,196.55164320204423,2.273840128664242,199.434439977919
AZE,2022-04-23,0.07955306549999948,0.5738412799999986,-0.09513984600000008,457.16565990350085,527.5493809109989,238.44723095400008,0.0024453838196190993,94.94936294817037
BDI,2022-04-23,0.05777523349999981,0.2503491389999996,-0.1962867809999997,157.99557904849996,207.24362870999988,-52.1584602810002,0,0.3100666651489719
BEL,2022-04-23,0.01068699850000062,0.7554768709999994,-0.5057860120000015,201.97821579917584,217.66276942867592,184.81559900167585,0.2206493268390219,269.24089353005166
BEN,2022-04-23,0.19633172200000043,0.362731077999999,-0.10939545900000054,71.44663297649983,155.0869206119999,-52.93910331000009,0,1.3091285372271582
BES,2022-04-23,0.644399433500001,1.599542707,0.08003236400000006,230.41058219299987,481.6033879500001,51.20202369900033,0,128.5687275477406
BFA,2022-04-23,1.359280064500003,1.5052010220000007,-0.01530985000000044,249.24638948149993,315.75692999099914,-40.721267826000265,0,1.7816359111186035
BGD,2022-04-23,0.2272953985000001,0.6163045439999997,-0.00530851300000024,331.1156537855003,447.63261675000064,153.59307639300016,2.2549135377757006e-4,17.514364430611423
BGR,2022-04-23,0.4238644440000024,1.671226738999997,0.13780058599999992,1026.6249569704362,1050.1133714329362,1021.4668785899362,0.12324815435888847,534.3024988200801
BHR,2022-04-23,-0.12165921649999913,0.7637581960000001,-0.14325744900000026,182.7534395235,529.5002653859999,117.13303446600044,0.01429964622675235,84.36791273783886
BHS,2022-04-23,0.0633904439999997,0.43879914799999914,-0.10736958100000026,225.97562971600016,370.9544787209995,101.94315115199986,0,198.7836155943101
BIH,2022-04-23,0.3240783050000008,0.5663805010000011,-0.01368109800000012,762.5778129230282,777.1729802085283,701.6316924495281,0.02681204206947291,482.80061125327455
BLR,2022-04-23,0.49724418500000095,0.7697700369999994,-0.04414608499999986,734.2158397108004,787.0791416067996,488.02751803179984,0.03706501425891098,73.30400820005195
BLZ,2022-04-23,0.4789531264999989,1.721213365000003,0.14396872900000093,253.6164334285104,399.7925806930108,171.11535232901065,0.12348270624699009,166.94861884593064
BMU,2022-04-23,0.1880348979999985,1.1580918530000008,-0.0922845789999997,202.91440803366143,354.09260486216124,151.6217311931615,0,210.97725955034466
BOL,2022-04-23,0.05630016399999963,0.4302072770000007,-0.08397668199999939,500.74138135393184,520.0080602744317,488.7355018924318,0.006338240991077785,185.13579385538804
BRA,2022-04-23,0.2950143260000001,0.7375563229999975,0.03250604499999979,382.9305437293016,398.9910934003017,373.4765678023016,0.04094751670449563,309.7548209433204
BRB,2022-04-23,0.4229698365000018,1.2834645459999992,0.0556282430000007,64.84437062805051,152.17223902405007,2.75906295905051,0.34757462427183117,135.2065288417423
BRN,2022-04-23,0.09919401500000014,1.1354344440000017,-0.10162432799999983,111.7890488476959,224.46405311319617,40.49659289819581,0.028310518829892287,49.37354483933214
BTN,2022-04-23,0.4530705249999999,1.447097261999998,0.04021457999999954,61.53271594450005,294.81069540599964,-33.32992145100015,0.06411078343377356,2.564431337350942
BWA,2022-04-23,0.05970506850000029,0.3494780069999992,-0.08536197800000017,411.78841611249993,579.8849846280004,218.09903633100012,0,112.12894829053411
CAF,2022-04-23,-0.03138180349999978,0.309627507999999,-0.2022135439999996,29.32556105550001,127.10236153800037,-57.178001159999944,0,2.2967540361387133
CAN,2022-04-23,-0.0759801300000004,0.971706003999999,-0.4157261699999995,69.91900095284701,128.2375802143471,45.743359779347216,0.17304599808242704,101.98615301027928
CHE,2022-04-23,0.12413190949999917,0.5604801139999976,-0.22773878700000025,163.49638919378924,174.0037033692892,149.34964170528926,0.04159259360398848,156.91594762155765
CHL,2022-04-23,0.02312394299999988,0.6906017349999999,-0.3725357719999993,248.8990762700932,263.1293220400932,238.10473334509325,0.11060586928353733,298.6358470655508
CHN,2022-04-23,0.03194915300000007,0.49660194000000063,-0.17270208799999967,24.73448795095851,134.31214867645835,-31.38954678654188,4.945836798914975e-4,0.32446667735601803
CIV,2022-04-23,0.13071016350000075,0.3439094819999995,-0.1017293559999997,107.8720664979998,170.43284127899977,-35.02828243500005,9.24090442727665e-4,2.9533930549576177
CMR,2022-04-23,0.18473132099999928,0.39907574799999984,-0.09465859500000012,180.44212466399975,247.70647557600003,7.604549519999773,0,7.078245132962649
COD,2022-04-23,0.13232909849999974,0.2881105900000004,-0.18430521899999985,152.4230787879999,208.94225317499965,-51.28234138799969,0,1.4473145149538116
COG,2022-04-23,0.14795538250000032,0.3286514150000004,-0.20844359700000095,204.3200631400001,257.1536540850004,-70.05832285800028,0,6.8057069653494064
COK,2022-04-23,0.9532126580000012,1.1608651030000006,-0.10811913100000008,-19.06132215899976,101.30011817399972,-130.7101324710001,NA,NA
COL,2022-04-23,0.04093779600000037,0.5056371849999995,-0.1384220359999997,348.1011622340001,357.4256513615001,344.5073924815001,0.007314812215798819,272.6396315238445
COM,2022-04-23,0.05262124399999982,0.3054345819999985,-0.16574601900000022,128.497324325,244.6814159789999,-28.02229756499987,0,18.00877027112204
CPV,2022-04-23,0.08353260799999992,0.4003408830000006,-0.12002860400000012,231.3882870157802,326.80429488628045,120.39813587928012,0,71.36488456151528
CRI,2022-04-23,-0.08637010849999974,0.4871729150000008,-0.26919643600000054,134.01057353662318,176.47413027412316,126.25391724112325,0.10118595780195301,163.12343927957156
CUB,2022-04-23,-0.01262377949999968,0.41277584399999934,-0.2846334269999997,142.3328403995816,239.9716041875816,64.5519257175815,0.004417937604230192,75.30816440170787
CUW,2022-04-23,0.30475519449999955,1.1265799810000032,0.07637001700000023,270.1512990035002,501.59522130299973,189.44002648199995,0.1517027112308551,165.65936066409378
CYM,2022-04-23,0.17486382249999977,1.251378039999997,-0.02587190100000044,48.51833004100009,268.70707355399975,-38.90620262700051,0.18797557821287858,40.60272489398177
CYP,2022-04-23,0.07005508100000009,0.6949962000000012,-0.2222800109999994,115.71012529827944,128.5448356422794,89.08595180227941,0.2511146701190284,112.8341917734834
CZE,2022-04-23,0.16740764899999977,0.5822596229999987,-0.0746312940000003,428.4812152445611,445.86739409256114,411.0292569015611,0.12821047180241452,373.731194204551
DEU,2022-04-23,0.3670353819999999,1.0614253269999994,-0.4157023630000007,145.1798618228461,157.1336203743461,122.01024690334611,0.18623256596497534,159.92639659913232
DJI,2022-04-23,0.13192107150000065,0.3797695930000002,-0.1790299680000001,567.3657396525005,663.366802763999,67.36182280800035,0,18.85856772670443
DMA,2022-04-23,0.1743489409999996,0.6843161730000014,-0.0664061299999999,118.25893592349998,318.2498484719997,26.340207365999984,0,87.29147037632323
DNK,2022-04-23,0.06906933849999951,0.9125020299999972,-0.5026172419999997,57.19646708915076,72.50301551065081,44.09518041165078,0.21072361284516097,104.45010426088305
DOM,2022-04-23,0.055567213,0.30001934099999966,-0.1450237829999999,64.14393669727593,95.07142987127588,42.512791586275824,0.0011411654531056773,39.949920182323545
DZA,2022-04-23,0.08918340699999987,0.3489443600000001,-0.08909045799999996,202.19482210037663,292.1029883923769,132.4894596303765,0,15.406812698028757
ECU,2022-04-23,-0.06635660149999943,0.3700938840000013,-0.08640575200000018,408.917721129021,425.7345810955209,406.140432619521,0.047516629981964924,198.90461310450516
EGY,2022-04-23,0.3335164299999989,0.6424309779999985,-0.01455736600000056,323.1823684967912,343.6688767717913,283.94229078679115,0.021820799023563844,23.60770665349349
ERI,2022-04-23,-0.00134643549999997,0.34290939999999975,-0.17939264699999954,-16.314141830999823,136.98529372499974,-96.71230184999996,0,2.859949653779493
ESP,2022-04-23,-0.01757154350000046,1.035356679999998,-0.6768339380000008,255.98858343698797,282.463962907488,222.96639743348797,0.26398426140380454,221.88583125659656
EST,2022-04-23,0.4496283144999993,1.2671410569999988,0.06137907099999995,337.2289750167542,353.3915735612542,331.0361105602542,0.21695034968623322,190.99176871508044
ETH,2022-04-23,0.14390203850000016,0.3706432420000011,-0.13730257300000007,162.33807595499982,253.0525385340001,12.026920698000264,1.0604343576456206e-4,6.371089620734889
FIN,2022-04-23,0.3629021145000007,1.412744671000001,0.02229132200000012,120.9085281808372,142.0006573258372,94.86818672683732,0.3634707018282817,65.56891305378291
FJI,2022-04-23,0.6232309899999988,2.0642203330000033,0.1311320070000007,153.32397283950016,330.62486631000024,66.88043963699965,0,95.47025747065841
FLK,2022-04-23,0.10560972900000004,0.8931113999999983,-0.23399052199999976,-68.86879170699999,212.65103119799957,-182.9454487079999,NA,NA
FRA,2022-04-23,0.02592926149999951,1.038190716999999,-0.4391431680000003,154.63731288259063,181.4212239625907,130.41439213959063,0.17779804811485866,215.19533683367447
FRO,2022-04-23,-0.03700355749999993,0.5355440470000006,-0.4527006029999976,0.48837968346725014,18.252267513967215,-18.82062522803276,0,57.08111634354678
FSM,2022-04-23,0.39385497650000006,0.6396664410000017,-0.15839615400000065,90.18297206950012,161.9102442629999,-84.6340354710001,NA,NA
GAB,2022-04-23,0.1140590819999999,0.30822605200000125,-0.15531819100000005,209.89808234749995,263.58334993800014,17.60822127599966,0,13.296302618581738
GBR,2022-04-23,-0.00902163299999938,0.8182882170000028,-0.33970656499999996,217.65271199880772,235.72699681080775,205.34965969980772,0.41009547144053876,254.39868339833293
GEO,2022-04-23,0.36793968050000025,0.7677081729999987,0.00804164600000027,688.8302811453465,714.8051216178471,613.5969414108466,0.02826794392544499,422.05924810284404
GGY,2022-04-23,-0.10811725950000016,0.28909228400000125,-0.3369871930000005,-95.01479936149994,124.50297240900032,-175.72654189200003,NA,NA
GHA,2022-04-23,0.04427477450000015,0.3150336219999998,-0.0973508160000007,91.32660310849975,186.82952519400027,-40.18613627700008,0,4.553744394324894
GIB,2022-04-23,0.456868049500001,1.5741819550000034,-0.22527046800000017,179.80486738151023,405.14501933851017,-20.84292809549008,0.37101896648956695,302.7514766554866
GIN,2022-04-23,0.06922175799999998,0.2682627579999989,-0.187394863,88.86618098299981,192.82238696999983,-54.98672213100024,9.26115470892302e-4,3.2673353813080412
GMB,2022-04-23,0.03577089850000002,0.2769355630000015,-0.15274403500000047,126.26575088949978,238.29193815900015,-54.75755934899986,0,14.676688633447489
GNB,2022-04-23,0.03073472700000006,0.2891126600000003,-0.14976955800000033,141.20693066149985,226.2600807540003,-30.33385077600031,0.006201965775072067,8.484289180298587
GNQ,2022-04-23,0.0881083185000004,0.37985788399999937,-0.1813153959999997,43.303711193500064,206.45352632099983,-25.225755464999732,0,12.621638454201038
GRC,2022-04-23,0.2974892935000004,1.2814996359999895,0.12798799799999924,309.1164733973156,329.8373035138157,295.6255804798156,0.45681376664573925,278.35024805831245
GRD,2022-04-23,0.5521700255000002,1.146192644,0.07840166800000035,145.26978195500018,297.02438155199974,34.870146945000556,0.1106047869751803,194.66442507631731
GRL,2022-04-23,0.13272101649999882,0.4677602629999989,-0.25189537300000003,-12.293798272849989,26.35353057815018,-70.29880882885,0,36.92762186115215
GTM,2022-04-23,0.2607487445000005,0.667539819000001,0.06222144400000022,294.60526026727155,322.0351442117715,268.0704838897716,0.06301415440374691,95.96781741106292
GUM,2022-04-23,-0.04427582249999968,0.2954616510000001,-0.2538866610000001,-49.84405195699987,120.11323652400009,-148.91519335800044,NA,NA
GUY,2022-04-23,0.08831414400000057,0.599868400999999,-0.15881105399999992,335.91450316850006,533.3745070770005,205.6011806999998,0,155.37832978417848
HKG,2022-04-23,0.1427509524999991,1.110019106999995,0.09960306100000128,126.9202093083277,184.13495396732773,77.02468687832763,0.27638756487660204,122.28577481199025
HND,2022-04-23,0.16706191149999997,0.4561740309999998,-0.08134104099999966,308.22474579600004,446.741360064,218.0397505980001,0.0049687001701481685,108.2381645065077
HRV,2022-04-23,0.4158019529999991,1.4623067470000009,0.08233279799999985,554.1097246302652,572.3435862547653,535.3157396457652,0.17762394047319507,386.5586941773892
HTI,2022-04-23,0.1967810529999993,0.4349420179999985,-0.07946950899999947,159.12040096049995,269.0244755760002,7.06837619700023,0,7.234646801510664
HUN,2022-04-23,0.35966716550000116,1.4072373340000042,0.11416896100000004,465.5377889109265,489.4112940299266,452.2362118879266,0.27135579765896756,477.96580543279214
IDN,2022-04-23,0.2011822104999994,0.8041931730000023,-0.04198721000000024,323.9894295885001,404.24216199899985,138.2886063120002,0.011171949719763718,56.47198953568791
IMN,2022-04-23,1.537994967,2.7448420409999983,0.4704911879999995,193.3077778245001,461.50651084800023,-27.25094465399998,1.6098817468680482,114.74066268586816
IND,2022-04-23,0.6136007454999988,0.932279152000002,0.00609450099999951,424.5859587920003,663.8211201389988,138.28644978899993,0.004000978799453498,37.475930443462254
IRL,2022-04-23,0.02892301800000036,0.8782466889999989,-0.4689977289999995,83.1457757148509,102.69578251835098,57.306285576350895,0.1605489489663056,140.40005587103423
IRN,2022-04-23,0.14542259799999982,0.5251441159999994,-0.01726738099999992,327.20942799561436,341.26175781311423,319.6214654031143,0.02572658945044006,165.76979365569954
IRQ,2022-04-23,0.12711483100000076,0.3997054590000004,-0.04671144599999947,665.790556262,1024.0006355730009,264.0802422959999,0.0021248513605763237,61.2054327908179
ISL,2022-04-23,-0.04062039249999939,0.47169165799999896,-0.5956189119999996,31.20487808165104,45.77452216765101,-59.431716234349,0.1355777782598321,30.91173344324172
ISR,2022-04-23,-0.03338854150000007,0.5434435309999999,-0.18224995199999977,112.9764352957032,134.26296962620324,99.5014796392032,0.0990205575287913,114.71316327628888
ITA,2022-04-23,0.13069411599999942,0.9229812489999984,-0.3666936659999999,347.7584235627799,381.60967665677987,314.35507218177986,0.23605428161799258,269.365267927159
JAM,2022-04-23,0.2469434389999995,0.6836106269999984,-0.03717993299999959,232.26521135188847,255.6649718768884,205.4308477318885,0.07987322521693568,98.97553760565965
JEY,2022-04-23,0.03836811899999997,0.38909521000000047,-0.29425897799999823,-91.65586072449996,157.80124255799944,-183.1070669249997,NA,NA
JOR,2022-04-23,0.05567794200000045,0.497557029999999,-0.05278498000000005,265.1039615257076,390.1033564887068,201.05600255870735,0.004869012842703035,136.9069031111239
JPN,2022-04-23,-0.07792091649999963,0.7006458819999998,-0.563531924999999,34.91676340805361,68.10405689605352,5.271447726053565,0.03371656613735307,23.236664050895797
KAZ,2022-04-23,-0.05534754750000038,0.44390754199999977,-0.36661408400000073,451.8140247873188,472.35878353181886,438.7879578748188,0,100.0949831002522
KEN,2022-04-23,0.07900544500000092,0.35477885800000003,-0.09453567100000018,193.08026529199992,252.116375532,11.504351285999997,0,10.273579848084871
KGZ,2022-04-23,0.02121726750000062,0.3879551229999998,-0.19340518600000073,216.8870472863749,231.87242662187484,200.86529525987487,0,45.124372637702884
KHM,2022-04-23,0.6423893309999985,1.4633652029999975,-0.03226957199999988,112.1599469034999,242.8629980999999,43.398102852000235,7.376177872339723e-4,18.033279662296152
KIR,2022-04-23,0.04284740199999985,0.628255287999998,-0.15696983000000014,-4.192399517999846,111.7001706359998,-86.21790082200009,0,10.709460572708998
KNA,2022-04-23,0.0853707850000003,0.5661551850000012,-0.1318290089999993,136.08038769053485,298.90047410403463,65.51365354803484,0,80.3047846711239
KOR,2022-04-23,0.2014783380000002,1.2935970609999994,-0.29096096899999935,63.2358539738013,101.79994163780128,-15.53080156919873,0.3030882805137196,43.1398901132486
KWT,2022-04-23,-4.817599999994539e-5,0.4746888879999993,-0.0717873179999998,194.8553040115835,533.7497862940832,154.55341545608337,0,59.02665394186002
LAO,2022-04-23,1.193454441000004,1.5846630400000008,0.3895452149999995,240.9337739155004,309.61132686899987,90.20734344299991,0.03387828588882664,9.91956210824844
LBN,2022-04-23,0.08728035450000046,0.4507378990000007,-0.03944691800000027,244.94604015547424,284.4609716574743,228.48942177547423,0.03508564072510718,153.25407868726816
LBR,2022-04-23,-0.00252564099999966,0.21975433100000025,-0.23973069999999988,124.91138522949984,183.39141218099977,-81.86942115000015,0,5.675447781247394
LBY,2022-04-23,0.16809194400000046,0.4821228380000005,-0.04338837300000017,419.0529863330004,573.5244935220002,253.71388074600017,0,92.39009688529401
LCA,2022-04-23,0.6495702365000007,1.4047848889999948,0.1905904349999996,390.97789626600024,473.4227895899999,143.41943743199994,0.20336115313908276,199.56507828048655
LIE,2022-04-23,-0.05015827399999977,0.5559048690000027,-0.3854581239999991,157.55051455134068,218.5841017118406,101.34290693484056,0,219.5848800125477
LKA,2022-04-23,-0.00167154700000005,0.3046267200000008,-0.10804532400000016,167.57307269050017,378.03428354399944,88.79616992999965,0.0040702774570916,76.76310696791495
LSO,2022-04-23,-0.04527721550000006,0.27413983000000014,-0.1578103810000002,151.99526268349996,267.63365063700013,20.54566167599985,0,32.282462748955915
LTU,2022-04-23,0.6204782625000018,1.7888548310000003,0.1622431630000011,736.3588096645005,759.2276797500004,725.4997413100004,0.22770684890154216,336.5600168335774
LUX,2022-04-23,0.07281133000000009,0.6964938150000024,-0.49616580099999985,52.13561955893588,71.78834811543585,24.56197991343588,0.07876322828419033,166.66299104934672
LVA,2022-04-23,0.7022905934999972,1.5830749399999993,0.10011855699999953,495.1870492600711,513.4211596025713,478.6350410375711,0.2142550299046458,307.6166591855952
MAC,2022-04-23,-0.1454087025000006,0.4004941329999986,-0.18127339099999992,40.830179182838975,61.978099936838994,34.09256902983904,NA,NA
MAR,2022-04-23,0.08323462400000009,0.34426980200000173,-0.02815301600000006,198.3492921435001,309.27115749600017,95.2553832749998,0.0010041562159666354,43.018052292010665
MCO,2022-04-23,0.9089874114999992,1.3863656419999968,-0.0939255730000003,467.005403091236,484.500726967736,412.802108875736,0,141.7004048582996
MDA,2022-04-23,0.4534938084999997,0.7983066289999986,0.05509988299999984,486.4367160962572,536.260377124757,446.722272247757,0.02795708277160306,285.51015463373113
MDG,2022-04-23,-0.0037815205000001,0.27240598999999943,-0.13552127399999983,136.5074171189999,176.97891288899976,-33.50113401299987,4.3971764780044616e-4,4.893177984723365
MDV,2022-04-23,0.12538929199999976,0.5215663880000013,-0.0570491850000003,165.92631725957645,367.23222530957634,115.13919984857634,0,54.81770354291601
MEX,2022-04-23,0.05380845700000026,0.4213451620000005,-0.0656272179999995,556.6390546496928,573.5181082806926,515.7144421866926,0.020823382251584536,248.82118545192918
MHL,2022-04-23,0.02125453950000022,0.4004329009999997,-0.2344807970000007,-34.124654200499926,124.32892170000004,-167.19228172799956,NA,NA
MKD,2022-04-23,0.8350593655000026,0.9028986920000012,0.07081836300000033,847.4121307081595,858.3461791691597,802.6180819491593,0.060019369450909195,445.15165934350335
MLI,2022-04-23,0.9583664135000002,1.3009607900000062,-0.10913264900000036,175.95955825149983,270.1071223320006,-2.401681335000394,0.0011987116822221085,3.5050329588174454
MLT,2022-04-23,-0.16220875100000146,0.8674198309999993,-0.7278060890000009,102.84943963946624,147.40259977896636,58.82184265296628,0.36330168571982174,133.1137376477427
MMR,2022-04-23,0.9839206814999976,1.752247478,0.0230633789999999,284.4348306890002,330.8396901089996,105.92209666200011,0,35.45961215132339
MNE,2022-04-23,0.6384553325000001,0.8277693610000024,-0.0311971549999998,673.7549359603801,742.0857652058809,598.56625982488,0.0796113691404042,431.97128895583324
MNG,2022-04-23,0.05996592349999939,0.644848545999998,-0.1508070940000006,32.02341695445233,48.144095895952226,26.55176221795232,0,65.38947436714584
MNP,2022-04-23,-0.00318010750000021,0.3265146869999993,-0.21213794000000064,-21.894179032999936,133.41698500199985,-149.97569288100044,NA,NA
MOZ,2022-04-23,0.04075902950000058,0.3518101269999996,-0.09597485100000072,190.2204861305,325.6247981399995,46.82034141899993,3.886447940485734e-4,6.8432575336072805
MRT,2022-04-23,0.09904771550000029,0.3290483110000014,-0.1924399780000002,204.9186144614999,317.16825905700057,54.45316492200016,0,20.564971278148565
MSR,2022-04-23,0.20862634099999855,0.5796082630000015,-0.18743329700000008,59.89861989300002,276.5898527850005,-20.606365607999702,0,40.15257980325236
MUS,2022-04-23,0.05818809850000019,0.745423375000001,-0.17469271199999997,143.47105124491353,204.98514717491332,118.6195548619134,0,77.74291126000057
MWI,2022-04-23,-0.01800276550000006,0.28752075100000046,-0.1805607499999999,140.231939927,219.11741310599973,-28.10776334700003,0.0019086221931229443,13.401072625313898
MYS,2022-04-23,-0.01786540399999995,0.8449398190000009,-0.0923884469999999,62.81205212377408,179.0664833307743,36.97880357277418,0.03584918871760435,108.28285589587199
"NAM",2022-04-23,0.02377707100000009,0.323380619000001,-0.1810336930000001,408.8428620019997,582.0452604599997,229.64145713100007,0.0048312091472954505,155.48763519655677
NCL,2022-04-23,0.10581197800000013,0.6143577209999981,-0.17458588800000044,126.95339319450022,215.77278475499992,-24.18809058000008,0,108.25176863266219
NER,2022-04-23,1.1911731290000038,1.302231154000001,-0.114885661,275.06910751800007,391.3190490149989,-6.631419615000012,4.973974177513578e-4,1.2295664166813565
NGA,2022-04-23,0.0689569005,0.37871061900000025,-0.13760269300000025,118.55218694499982,163.0187693010002,-44.82073516500003,0,1.4867500157426154
NIC,2022-04-23,0.27595525949999966,0.6527639579999984,-0.052369102,279.63244319654615,388.6750400885469,140.29173419154628,0.0018650094242656228,3.476377566831121
NIU,2022-04-23,-0.10478386950000015,0.24753914699999952,-0.3843394969999998,-73.7597268909999,69.15251296499983,-158.10234848700023,NA,NA
NLD,2022-04-23,0.11971704050000104,0.42506733299999905,-0.4057053030000004,195.2480750755879,202.90156449758783,179.78342815558787,0.03639414074132477,129.92999397778874
NOR,2022-04-23,0.1856452159999985,1.2311952530000012,-0.0884356809999997,55.12673859132248,73.86862460482247,45.14809833982252,0.3220123429526593,52.52826344415254
NPL,2022-04-23,0.10466071550000013,0.5231252760000007,-0.02216432900000018,389.4256726040004,508.699833612001,149.6663275920003,0,40.27306560556861
NRU,2022-04-23,-0.05242091150000024,0.3955333870000004,-0.3003252349999997,-17.782541690999945,153.07085593199994,-148.6093536239998,NA,NA
NZL,2022-04-23,0.3036805685,1.2601660419999985,-0.4351047960000001,-29.781953642009345,-8.25835246950932,-54.60792578850934,0.22677174570352887,12.40660905526403
OMN,2022-04-23,0.02732954600000033,0.34110824900000003,-0.10851928000000012,88.41459004937936,96.88370586087936,86.01390658887935,0,81.49901519630217
PAK,2022-04-23,0.20765519100000135,0.7121667490000009,0.03958722200000024,387.7837400740002,490.5205238490001,157.41716800200004,3.330374051760913e-4,13.48535061039029
PAN,2022-04-23,0.04078022349999984,0.3655793350000001,-0.09249894199999996,198.65883831940857,253.21393698090847,183.3312927879085,0.01141140085672233,186.7361636194042
PCN,2022-04-23,0.01484136500000026,0.2652312619999995,-0.3999329220000003,-75.27264906699995,67.66094100899987,-171.4933786649999,NA,NA
PER,2022-04-23,0.06130188800000012,0.624521456000002,-0.12327819499999948,658.0468850773245,669.0789239863245,654.9236736963245,0.059578382894304345,637.6730527198994
PHL,2022-04-23,0.24500642449999915,0.8452285649999993,0.01528939799999999,296.5365542641816,333.24601246118175,230.5020661701815,0.02510200418904047,54.19241291810821
PLW,2022-04-23,0.4978318200000012,1.149929569000001,-0.04929631699999989,41.02945625200015,201.89911412999987,-128.4805621079998,0,33.01419610432486
PNG,2022-04-23,0.11087208600000018,0.47452283200000095,-0.086863131,-12.733043741999898,157.09713321599992,-55.12326681900014,0,7.117004541613915
POL,2022-04-23,0.2951173844999992,0.5623779040000011,-0.04496964800000003,484.9558887812641,490.4945736067641,478.04739427276405,0.04596925681932428,306.76508717623096
PRI,2022-04-23,0.06513107450000048,0.27471093300000066,-0.20184315199999917,-31.19686238849996,73.09666934099953,-167.73990648300042,NA,NA
PRK,2022-04-23,0.00642389850000037,0.4081531989999996,-0.19308605599999995,2.9740137555001693,152.86882703099994,-80.3493384570001,NA,NA
PRT,2022-04-23,0.05611438099999935,1.0385683299999935,-0.350707312,242.44509684007252,262.90559071957256,230.12368407157257,0.2077612114096458,217.95995111292638
PRY,2022-04-23,0.33206519649999766,0.7866399470000024,0.02537218600000091,331.4832306566219,344.261507523122,322.58909465112185,0.10561466975989527,260.3315040179976
PSE,2022-04-23,0.14008964749999953,0.5785395319999977,-0.1315989470000001,186.5614278402003,377.1455665457008,124.1169673027003,0.0023933723880648454,108.31446079426264
PYF,2022-04-23,0.231152876,0.6788586310000014,-0.16777693100000027,308.62146821954843,369.0646435700483,207.82956488904813,0,229.3529274352821
QAT,2022-04-23,-0.23648909900000095,0.3887603079999996,-0.2617282510000008,27.654008971321023,52.057115798821,23.42440864782101,0,23.101670554481043
ROU,2022-04-23,0.31962579250000034,0.9198959500000016,0.06239838799999969,680.1598427003884,699.9249176103884,660.8538854573884,0.0725385057914743,342.02101530695785
RUS,2022-04-23,0.7278972625000042,1.882230841000004,0.17260890599999912,859.7040851399507,888.4415042909507,819.9504148129506,0.14246598542784913,251.66055200030058
RWA,2022-04-23,0.22875536300000004,0.49007492799999786,-0.06277437199999977,208.1557030619999,259.4108240129998,29.26326376499967,0,10.989327999203406
SAU,2022-04-23,0.0689610919999997,0.3794668770000003,-0.0713311219999999,246.21533480150063,744.4201068479996,68.66466749399974,0.00353700041991269,25.68145264890206
SDN,2022-04-23,1.3963017330000014,1.7781726450000033,0.01103282999999958,709.4673761960006,868.5656120280004,135.6483853169999,2.783384689749803e-4,10.977669216373222
SEN,2022-04-23,0.00681094900000015,0.3233273310000011,-0.08951483400000015,81.92894582299996,193.87937052900028,-25.68767754299966,7.269002160231138e-4,11.432686597611534
SGP,2022-04-23,-0.25250733200000053,0.6204333479999999,-0.6087893870000004,22.821788938352285,83.37147495435217,-31.11872701364778,0.034380959366290154,24.29587795217838
SHN,2022-04-23,-0.03218947399999987,0.33569954099999894,-0.3111668170000011,-88.2451648780001,138.02294216699977,-172.36372482899995,NA,NA
SLB,2022-04-23,0.20261516150000017,0.6655396650000017,0.00426139000000002,78.40885546450004,205.75316172299992,-36.29637835500024,0,19.744458412346678
SLE,2022-04-23,-0.03773316900000022,0.23451869900000025,-0.18901844899999976,44.625452920499974,140.44586517899964,-87.25429399800011,0,1.5353732179076598
SLV,2022-04-23,0.1343700090000009,0.3726176420000003,-0.1329467749999997,370.7121512286427,428.9565961161429,178.94346853714285,0.003835238168290251,63.31211168213546
SMR,2022-04-23,0.19132090549999956,0.926334104999998,-0.295042513000001,431.8500115481109,455.690004182611,406.375700891611,0,335.195530726257
SOM,2022-04-23,0.1408891380000004,0.34964319400000055,-0.12615048600000012,173.2358900585,246.76996857000023,-0.17339712600014082,0,8.319325162749474
SPM,2022-04-23,0.4728480235000008,1.317941110999999,-0.13216385000000014,-0.09670666099984672,192.10522640999997,-177.28830509700003,0,17.32801940738174
SRB,2022-04-23,0.7899973895000013,0.9888621120000012,0.14472537699999946,891.8991498354862,902.396351793486,852.6496353634861,0.06730653228450595,232.16023989939967
SSD,2022-04-23,0.1671410054999991,0.35345671499999975,-0.154113881,335.3568941625002,362.3470193519997,0.4192248360002152,0,1.2125070630732995
STP,2022-04-23,-0.02113912149999976,0.2840006200000006,-0.1794922920000002,104.2701765385,276.5685915149995,-46.188457643999776,0,32.682079475654085
SUR,2022-04-23,0.4199983554999993,0.6222556359999986,-0.08807277499999987,383.1784835779239,554.609455546923,276.13543640092354,0.04224414411674254,224.2319169716694
SVK,2022-04-23,0.620073952000001,1.3982225029999984,0.11796983000000076,542.4452067216815,565.0340262361814,489.38065067118134,0.3027928511525397,363.8836027578006
SVN,2022-04-23,0.2261746484999986,1.0287993709999974,-0.09298328099999964,287.0528887612279,304.592985556728,274.2900632797279,0.1262794513747142,316.34806561528404
SWE,2022-04-23,-6.64018500000531e-4,1.0998859599999984,-0.3603184370000008,128.73634677608058,148.85320850258054,117.06968252558062,0.1377931191824852,183.9439717429619
SWZ,2022-04-23,0.2490677160000007,0.4459255139999995,-0.16188969900000044,475.3975521465003,518.0925707970002,212.76538674300016,0.021324344127147683,119.16043498250124
SXM,2022-04-23,0.09327722649999992,0.41040292699999975,-0.2142318219999991,-22.68955664599995,187.73135045399985,-102.87079231500012,NA,NA
SYC,2022-04-23,0.12783833800000097,0.9738548950000018,-0.13101954300000004,-49.51211830005756,12.831457313942373,-92.56793556905772,0.12637751491254676,166.81831968456171
SYR,2022-04-23,0.07332005850000002,0.389131724999999,-0.11840096699999993,97.45910711499997,212.28635693699965,36.572367203999896,0.0013679363596608917,17.235998131727236
TCA,2022-04-23,0.19465699749999896,0.5698735170000008,-0.1239414720000001,154.60231701600006,371.3654496270003,51.02954505000022,0,91.77586294804466
TCD,2022-04-23,1.169547171499999,1.3634930569999972,-0.08755742799999981,328.84657939200036,421.5987499139994,-31.709148968999813,7.389897182882515e-4,1.1410001250370603
TGO,2022-04-23,0.2163981315000007,0.40328034100000015,-0.08680450600000056,138.4217050014999,200.55746394899975,-51.8769656489997,0.0014743622557600975,3.2200071665800527
THA,2022-04-23,1.8792017595,3.0874360780000005,0.36414451999999814,143.05707112098077,169.2867063549809,115.60419786498076,0.18244954985818326,39.70645443534605
TJK,2022-04-23,0.21526898949999923,0.5382149590000006,-0.01783465700000003,172.02957436210644,195.5519692626065,147.0060444216065,0,1.282100593612575
TKL,2022-04-23,0.03712335300000015,0.3066625619999999,-0.38147706100000056,-54.5016879769999,63.2329207980001,-160.44638809500017,NA,NA
TKM,2022-04-23,6.740940000000443e-4,0.4712054629999999,-0.20526662800000045,31.988690501000104,189.281095293,-36.09306801599995,NA,NA
TLS,2022-04-23,0.1943427914999992,0.6208155620000009,-0.07102381399999953,166.0649645630001,257.5759612229999,25.265405243999695,0,9.673518742442564
TON,2022-04-23,0.9562828715000004,1.1891705259999978,0.04131739500000024,33.807984990000044,114.69561642899976,-75.73114710600008,0,10.303580962729137
TTO,2022-04-23,0.5476229979999989,1.4164478230000053,0.16022039299999946,346.78647230700034,458.2357861560001,202.95707749500025,0.1246994742670165,271.6310833747811
TUN,2022-04-23,0.26234050250000013,0.6387137290000012,-0.02327918999999979,285.2738762031404,383.85756648364014,207.83492412064032,0.050269090441131384,239.05465959280025
TUR,2022-04-23,0.2681309765000005,0.656958035999999,0.00509012600000014,466.1411461285004,579.7314262230001,229.6108980449999,0.021165828907480116,116.03107407080601
TUV,2022-04-23,0.2632359424999994,0.5839056850000017,-0.27195849599999994,58.63920092949999,152.98134408599992,-85.82457950100029,NA,NA
TWN,2022-04-23,-0.1085841094999997,0.5596881280000008,-0.23703870399999943,-22.774378656586748,-5.840088410586775,-22.774378656586748,0.0010479979717466453,3.5883450552605143
TZA,2022-04-23,0.14091397999999966,0.3343570189999992,-0.10428489300000014,124.6098561704998,173.7654796169997,-40.27675526400011,0,1.305724220182633
UGA,2022-04-23,0.16643724600000048,0.4690761120000014,-0.08239900900000012,148.2116859134999,202.73503412999997,-6.985865624999743,0,7.633128865783472
UKR,2022-04-23,0.6240381054999988,0.7107268419999994,-0.07093105199999998,515.8536654479599,517.3371770714599,459.4133225044598,0,258.72376867119476
URY,2022-04-23,-0.223663353,0.4587818439999995,-0.2874734419999998,115.6893588205816,143.22886575158162,97.3520525845816,0.014346576562514347,206.5046230408315
USA,2022-04-23,0.2796133745000015,0.8455866639999999,0.08888492800000009,357.50317797975043,410.6204696292504,350.5513750572504,0.0994998502230632,297.7429012421348
UZB,2022-04-23,0.09980587050000028,0.5657352049999993,-0.10494947799999996,108.6111946561917,143.59944467369172,92.1569009426917,0,4.823819354006017
VAT,2022-04-23,0.01112498250000012,0.3808401729999998,-0.3366768020000004,-129.0611223294999,172.5437796419997,-278.74314482099993,NA,NA
VCT,2022-04-23,0.16059124549999837,0.5457796710000011,-0.12573767900000074,143.94232684650004,279.89227841399986,51.01611686399964,0,95.26462896224464
VEN,2022-04-23,0.1337978059999997,0.4171156789999998,-0.07525654699999987,240.931209354,374.7393092970002,75.15651502799996,0.002177325044355595,19.87462300487787
VGB,2022-04-23,0.3506274975000002,0.9585787719999976,-0.17769392400000078,217.50911845599967,421.84912231800024,59.44854858899978,0,203.79318278933698
VIR,2022-04-23,0.04653110499999989,0.25125481799999966,-0.24373794400000032,-41.792460369999944,100.50150700499994,-154.21756372199997,NA,NA
VNM,2022-04-23,0.7857558645000018,1.258824442000002,0.24955785599999947,271.2987479120007,370.84170288900134,135.72365835299993,0.010186532835183355,43.8061658044225
VUT,2022-04-23,0.8268834909999984,1.2734234669999993,0.25300864799999984,18.69634417350002,131.89420825199963,-84.04013538299975,0.198750890403989,3.816017095756589
WLF,2022-04-23,0.05034218800000017,0.38523656699999914,-0.30710265800000175,70.86187859250005,240.64314346199967,-26.87956940099999,0,63.097169641247525
WSM,2022-04-23,1.179802715,1.851811431999999,0.3359869020000002,6.253604714000019,118.55228573400018,-70.34480691899988,0.18736509713006635,6.495323367175634
YEM,2022-04-23,0.287270674500001,0.48526309799999945,8.453380000001964e-4,222.9069868719999,298.01337607200026,68.72579789099981,0,7.0447851224108495
ZAF,2022-04-23,0.01880901800000014,0.4507746160000009,-0.05696579599999962,424.4474174494683,431.96304197546823,422.81826628146825,0.03247726807749696,167.04641198137384
ZMB,2022-04-23,0.1484233460000005,0.39944704800000114,-0.02850998499999999,203.5853458080001,270.936838218,72.89005752299981,0.0026426143658753497,21.00349897997728
ZWE,2022-04-23,0.22293331950000103,0.4227306099999999,-0.07910563300000034,310.74880149150016,442.06950251699874,143.34726398400028,0.004969463969100271,36.230705310720374
