iso3c,date,cumulative_estimated_daily_excess_deaths_per_100k,cumulative_estimated_daily_excess_deaths_ci_95_top_per_100k,cumulative_estimated_daily_excess_deaths_ci_95_bot_per_100k,demography_adjusted_ifr_percent,aged_65_older_pct,implied_infections_per_100_persons,implied_infections_per_100_persons_top_95,implied_infections_per_100_persons_bot_95,cumulative_estimated_daily_excess_deaths_per_100k_population_over_65,cumulative_estimated_daily_excess_deaths_per_100k_population_over_65_top_95,cumulative_estimated_daily_excess_deaths_per_100k_population_over_65_bot_95
ABW,2021-12-02,76.15115510155007,160.94029946155,17.68810463755016,0.598942585166585,13.085,12.714266273180426,26.870739107119487,2.9532220743045907,581.9729086859004,1229.9602557244937,135.1784840470016
AFG,2021-12-02,180.7280351559999,266.50985846900005,84.25040553299979,0.133977584914315,2.581,134.89423269689777,198.92122897979218,62.883955989266354,7002.248553118942,10325.837213056957,3264.2543794265707
AGO,2021-12-02,108.94417142799976,175.39665433399958,0,0.121039008405945,2.405,90.00748838144715,144.90919633590187,-7.997093083856343,4529.903177879408,7293.000180207883,0
AIA,2021-12-02,-4.5266150490002115,219.543182351,0,NA,NA,NA,NA,NA,NA,NA,NA
ALB,2021-12-02,452.8346887891884,478.2437425631885,413.2979607971885,0.616849351969257,13.188,73.41090451721138,77.53007132720852,67.00144200164236,3433.6873581224477,3626.3553424566917,3133.8941522383116
AND,2021-12-02,209.1402342560974,341.45483123109784,156.04106247909746,NA,NA,NA,NA,NA,NA,NA,NA
ARE,2021-12-02,199.206257888,665.2625767580004,53.31796695800009,0.146881907898462,1.144,135.62341389635904,452.92343099048645,36.29988725014266,17413.134430769234,58152.32314318186,4660.661447377631
ARG,2021-12-02,321.9529254044529,410.0316534034541,284.1670449464545,0.509096118338698,11.198,63.2401061031583,80.5411077855956,55.81795553141504,2875.0931005934353,3661.650771597196,2537.6589118275983
ARM,2021-12-02,539.1129134469996,686.3879894650001,409.9066268329995,0.548929702336841,11.232,98.21164916963858,125.0411458048248,74.67379248890917,4799.794457327276,6111.00417970976,3649.4535864761356
ATG,2021-12-02,68.00467092080542,188.89464102180585,20.51083196580566,0.430378985218555,6.933,15.801113264457207,43.89030308389277,4.765760566908222,980.8837576922749,2724.5729268975315,295.84353044577614
AUS,2021-12-02,-8.224078377567992,2.612667858432075,0,0.728000179436322,15.504,0,0.3588828591299275,-1.9111093941405968,-53.04488117626414,16.85157287430389,0
AUT,2021-12-02,155.35216827462236,168.86683363962246,149.44320410962243,0.891979703805717,19.202,17.416558651704452,18.931690140385022,16.75410364966923,809.0416012635264,879.4231519613709,778.2689517218124
AZE,2021-12-02,372.7669917819987,502.3329618870003,234.28652276599985,0.340820293546493,6.018,109.37347301214845,147.38939300234904,68.74195204988274,6194.200594582896,8347.174507926227,3893.0960911598513
BDI,2021-12-02,139.3877342889997,162.79725315900018,0,0.124119136975985,2.562,112.30156580606011,131.16208920345517,-33.659270005304215,5440.582915261503,6354.30340199064,0
BEL,2021-12-02,187.09220496601748,191.09888841501748,173.4533833700175,0.892410619549519,18.571,20.964811586448846,21.413784666915163,19.436499249367433,1007.4428138819528,1029.0177611061197,934.0013104841822
BEN,2021-12-02,-24.740199175000157,141.16865221500004,0,0.161431671398562,3.244,0,87.44792827329765,-25.19237957624373,-762.6448574291046,4351.6847168619,0
BES,2021-12-02,-15.786276967000203,220.6109006780001,0,NA,NA,NA,NA,NA,NA,NA,NA
BFA,2021-12-02,74.28432565999964,192.08754746499952,0,0.125456773217742,2.409,59.21109219912122,153.11054360661225,-21.280338423548997,3083.616673308412,7973.746262557059,0
BGD,2021-12-02,361.5514599019993,445.3441866610004,127.14643719600004,0.27477516460663,5.098,131.5808364338891,162.07585110486903,46.27290001919342,7092.02549827382,8735.66470500197,2494.045453040409
BGR,2021-12-02,767.2278201481315,785.4307006531315,752.5218456991315,0.864155247708972,20.801,88.78356315976646,90.8899995383291,87.08178856683445,3688.4179613871047,3775.9276027745377,3617.7195601131275
BHR,2021-12-02,191.6860923169995,721.7823395480011,78.66224807600004,0.187141026010227,2.372,102.42868514920085,385.68899344847915,42.03367361665595,8081.201193802677,30429.272324957892,3316.2836456998334
BHS,2021-12-02,226.21675219399944,411.11903692,135.9478810980002,0.365860581520744,8.996,61.83140890819721,112.37041039270579,37.158384358576235,2514.6370853045737,4570.020419297465,1511.2036582703447
BIH,2021-12-02,560.7968108503155,594.9458923393155,521.3407403863158,0.728285440653928,16.569,77.00233720816603,81.6913066125712,71.5846715153613,3384.6147072865924,3590.7169553945046,3146.4828317117253
BLR,2021-12-02,565.119467564799,582.5527511177999,435.57794129479976,0.697210467849881,14.799,81.05435784800594,83.55479126903062,62.47438347247902,3818.6327965727355,3936.4332124994926,2943.2930690911535
BLZ,2021-12-02,238.73367139900972,397.0254828620109,172.8033992990103,0.26431422562988,3.853,90.32191545123614,150.20965364836883,65.37801697476071,6196.046493615617,10304.320863275652,4484.905250428505
BMU,2021-12-02,36.26318391716135,140.62501160416153,10.405764474161575,NA,NA,NA,NA,NA,NA,NA,NA
BOL,2021-12-02,421.0688585834707,434.50379893147095,400.3210333554708,0.35322784963131,6.704,119.20601929405382,123.00949638738697,113.33223973514983,6280.860062402606,6481.261917235545,5971.37579587516
BRA,2021-12-02,335.87598121398264,354.2328965179827,314.22086186398286,0.441178544462559,8.552,76.1315311974531,80.29241244029829,71.2230605517693,3927.4553462813687,4142.105899415139,3674.2383286246827
BRB,2021-12-02,42.03227222699966,126.638324638,10.706017865000002,0.772764161277044,14.952,5.439210865775471,16.38770675243554,1.3854185276019528,281.1147152688581,846.9657881086143,71.6025806915463
BRN,2021-12-02,29.72302306999962,156.08984477699977,0,0.28506389622978,4.591,10.42679324288788,54.75609042092838,-0.8565049959999131,647.4193654977047,3399.9094919843124,0
BTN,2021-12-02,59.9783638959997,155.2177363969998,0,0.303520546613164,4.885,19.76089084092285,51.13911994723188,-15.886986435372016,1227.8068351279367,3177.435750194469,0
BWA,2021-12-02,309.6802820119992,443.9222777800001,176.7782375099998,0.208656519024915,3.941,148.4162984502877,212.75265199214448,84.7221253072334,7857.911241106299,11264.20395280386,4485.618815275306
CAF,2021-12-02,24.83842048599974,145.54997813900002,0,0.138493061000706,3.655,17.934776158838112,105.09550232141815,-29.84492943425473,679.5737479069696,3982.2155441586874,0
CAN,2021-12-02,46.543857442770005,65.51701931577003,18.66137329677006,0.800368331977616,16.984,5.815304726983089,8.185858522648589,2.3315981593949378,274.0453217308643,385.75729696049234,109.87619698993203
CHE,2021-12-02,131.64846348982667,134.99158018482663,116.07848936082668,0.883401324633336,18.436,14.902452579462523,15.28088949163124,13.139949660931983,714.0836596323859,732.2172932568162,629.6294714733493
CHL,2021-12-02,183.31919060771577,186.80185142771575,180.43613008571575,0.560182856455797,11.087,32.724884115082006,33.346584829387034,32.21021993198994,1653.4607252432197,1684.8728369055268,1627.456751923115
CHN,2021-12-02,47.23040153245818,118.16667763145824,0,0.497013631102855,10.641,9.50283826776655,23.775339394465043,-2.2025673799429195,443.8530357340304,1110.4847066202258,0
CIV,2021-12-02,54.83212417499982,182.01548009400017,0,0.141656545931055,2.933,38.70779413306245,128.49069479823973,-10.056096912692757,1869.4894024889131,6205.778387112178,0
CMR,2021-12-02,160.99486243299992,205.4531025319998,14.885442706000187,0.137183038387231,3.165,117.35770276391933,149.76567434820961,10.850789486075215,5086.725511311214,6491.409242717214,470.3141455292319
COD,2021-12-02,161.36000493899988,184.04541647200017,0,0.14707991230584,3.02,109.70907067408747,125.13293867710065,-29.42498340834386,5343.046521158936,6094.219088476827,0
COG,2021-12-02,205.03611602200004,222.69667350599937,0,0.146618332134243,3.402,139.84343774574523,151.8886964981292,-7.293361403954032,6026.928748442094,6546.051543386225,0
COK,2021-12-02,-47.03374505700019,53.93288296100007,0,NA,NA,NA,NA,NA,NA,NA,NA
COL,2021-12-02,324.38369354173426,343.3639405957342,295.83317699673427,0.417053616940776,7.646,77.77985380421688,82.33088664100806,70.9340873642979,4242.528034812114,4490.765636878554,3869.1234239698438
COM,2021-12-02,147.17869002599977,192.37562780900015,2.5482657599999814,0.159745220073277,2.963,92.13339213435445,120.42653152360693,1.595206265846992,4967.218698143765,6492.596281100241,86.00289436381982
CPV,2021-12-02,235.76024575499957,370.6507641360002,109.2023257769998,0.264905816158033,4.46,88.99776123237466,139.917941218355,41.22307594479305,5286.1041649103045,8310.555249686104,2448.482640739906
CRI,2021-12-02,124.3727053712898,190.12929174929005,84.42462064229002,0.476059575397737,9.468,26.12544979635778,39.93812992637346,17.734045276109644,1313.6111678420975,2008.1251769042042,891.6837837166247
CUB,2021-12-02,162.6842873295814,266.3744990705815,71.31478592158147,0.715635599796501,14.738,22.732838804531593,37.22208609330336,9.965237327749014,1103.8423621222785,1807.399233753437,483.88374217384643
CUW,2021-12-02,20.350442330999776,192.7043603519999,0,0.754675894562743,16.367,2.6965804098977832,25.53471784913075,-5.44322078523535,124.33825582574555,1177.3957374717413,0
CYM,2021-12-02,6.107306415999754,225.48957962799955,0,NA,NA,NA,NA,NA,NA,NA,NA
CYP,2021-12-02,77.93346036363906,103.74086209363914,59.956748335639055,0.626979851753865,13.416,12.429978434814776,16.5461237396134,9.562787092427403,580.8993765924199,773.2622398154379,446.904802740303
CZE,2021-12-02,360.2783109360531,364.1841373820531,336.3103348570533,0.815155753529519,19.027,44.19748120234625,44.67663214118074,41.257187157285344,1893.5108579179748,1914.0386681140121,1767.5426228888068
DEU,2021-12-02,105.5336094078584,113.52962303885832,92.01033780385836,1.0221193894897,21.453,10.324978715113385,11.1072761368453,9.001916874876539,491.92937774604206,529.2016176705278,428.89263880976256
DJI,2021-12-02,396.4171867249992,572.7365752640001,49.63363697199987,0.230262847044034,4.213,172.15855350263735,248.7316484688794,21.55520858408749,9409.380173866584,13594.50688972229,1178.1067403750267
DMA,2021-12-02,132.5397268129997,292.5946478299998,67.52234500799952,NA,NA,NA,NA,NA,NA,NA,NA
DNK,2021-12-02,21.574228602709677,28.071020254709687,16.960543317709703,0.852721412131438,19.677,2.530044196824301,3.2919333155413755,1.9889899651183398,109.64185903699587,142.65904484784107,86.19476199476395
DOM,2021-12-02,72.50704673661514,185.8632831156157,39.28303733261515,0.362921992193435,6.981,19.978686410926944,51.21301191815122,10.824099442195708,1038.6341030885997,2662.4163173702295,562.7136131301412
DZA,2021-12-02,109.12417411599982,232.3545923700002,16.612950430999998,0.316028140163528,6.211,34.52989156583771,73.52338695211411,5.2567946710073565,1756.950154822087,3741.0174266623762,267.47625875060373
ECU,2021-12-02,376.0168294896,380.9788618436001,369.2588741196001,0.357557461019926,7.104,105.16262992164084,106.5503879451613,103.27259654051015,5293.029694391892,5362.878122798425,5197.900818125001
EGY,2021-12-02,294.4065034010122,347.5813893890124,220.2915495280124,0.245231752251881,5.159,120.05235892072534,141.73588297489576,89.82994555360345,5706.658333029894,6737.379131401674,4270.043603954496
ERI,2021-12-02,26.431243856999792,139.83587019800004,0,0.19799827586839,3.607,13.349229300647403,70.62479184967718,-35.33838455164566,732.7763752980258,3876.7915219850297,0
ESP,2021-12-02,235.09310567854632,241.6824904395463,223.1234527395463,0.977515229221238,19.436,24.05007089923695,24.724166254891877,22.825573051920962,1209.575559161074,1243.4785472296064,1147.9905985776204
EST,2021-12-02,251.2169109101927,253.54198088319265,238.98449314519263,0.919858002906373,19.452,27.31040118327509,27.563165193117225,25.980585306656018,1291.4708560055144,1303.4237141846218,1228.5857142977206
ETH,2021-12-02,171.4880748539999,223.10406070500017,4.688197259000051,0.168856571829736,3.526,101.55842499687684,132.1263710896392,2.7764375458997974,4863.530200056719,6327.398204906414,132.96078442995042
FIN,2021-12-02,56.37488520277942,65.31738097777944,51.05212300477943,0.953259707688942,21.228,5.913906225980454,6.852002707230036,5.355531403771263,265.56851895034583,307.6944647530593,240.49426702835606
FJI,2021-12-02,142.3119010349997,260.59780303700063,59.55385515899973,0.266725835491925,6.224,53.35512428802875,97.70249760634458,22.327741536234758,2286.502265986499,4186.982696609907,956.8421458708183
FLK,2021-12-02,-15.245423433000225,192.0526930819998,0,NA,NA,NA,NA,NA,NA,NA,NA
FRA,2021-12-02,122.4571814632704,132.10320018127035,118.25330849727038,0.955942115811437,19.718,12.810104235163287,13.8191631058264,12.37034194239814,621.042608090427,669.9624717581415,599.7226315917962
FRO,2021-12-02,-100.2449723509779,0,0,NA,NA,NA,NA,NA,NA,NA,NA
FSM,2021-12-02,-6.879585406000234,95.41675736999991,0,0.204024813291717,4.81,0,46.767231804090386,-37.92485535637619,-143.0267236174685,1983.7163694386677,0
GAB,2021-12-02,145.99501239099968,228.7349595260003,22.655042739999654,0.178662634985319,4.45,81.71547027894015,128.0261872018152,12.68034737194,3280.7867953033633,5140.111450022478,509.102084044936
GBR,2021-12-02,200.42627887713363,212.28740979113363,196.58470078613368,0.843223685351425,18.517,23.769052311855216,25.17569341077747,23.313469984444794,1082.3906619708032,1146.4460214458802,1061.6444390891272
GEO,2021-12-02,414.3034527552487,476.1204754902481,373.344477394249,0.658413326314432,14.864,62.92452418519152,72.31331087349103,56.7036635610189,2787.294488396453,3203.178656419861,2511.736258034506
GGY,2021-12-02,-64.67768623800018,167.6813347380001,0,NA,NA,NA,NA,NA,NA,NA,NA
GHA,2021-12-02,12.290335426999825,183.86400310999971,0,0.164610882676519,3.385,7.466295804483276,111.6961406927849,-2.210804699438736,363.0822873559771,5431.728304579017,0
GIB,2021-12-02,41.77828948551016,191.10708136551028,24.466556206510404,NA,NA,NA,NA,NA,NA,NA,NA
GIN,2021-12-02,123.06161864699985,165.93285284600034,0,0.139762526329319,3.135,88.05051101969408,118.72485222184442,-36.43611491896562,3925.41048315789,5292.913966379597,0
GMB,2021-12-02,141.02817879699964,191.9209789039999,0,0.128344871334392,2.339,109.88220824933651,149.53537052833656,-17.473236936418587,6029.421923770827,8205.257755622057,0
GNB,2021-12-02,124.20552862699968,179.57169905300017,0,0.137988415597429,3.002,90.01156226719795,130.13534380805368,-13.730107062953444,4137.42600356428,5981.735478114597,0
GNQ,2021-12-02,97.05417762099968,236.7849996370002,17.79326472800007,0.128727422149583,2.846,75.39510696347313,183.94293592071847,13.822435368374006,3410.1959810611274,8319.922685769508,625.2025554462429
GRC,2021-12-02,189.12777859502995,210.5094638600301,182.75194222703004,1.06901175775556,20.396,17.691833342610988,19.691968992184385,17.09540993363125,927.2787732645124,1032.111511374927,896.0185439646501
GRD,2021-12-02,102.73991691699987,279.238466677,50.244883188000195,0.451418106169042,7.304,22.759369974966617,61.8580563918351,11.130453675064832,1406.6253685240945,3823.089631393757,687.9091345564101
GRL,2021-12-02,-13.198588458725837,93.2791787152742,0,0.852721412131438,NA,0,10.938998058242285,-8.172506675836122,NA,NA,NA
GTM,2021-12-02,266.49836669328147,289.0526865342816,238.34284974928156,0.246152244234573,4.694,108.26566604012737,117.42841810486449,96.82741284379703,5677.425792357934,6157.918332643408,5077.606513619121
GUY,2021-12-02,151.603279526999,420.09557074700024,151.603279526999,0.330751931553284,5.305,45.83594684240741,127.01228040427124,45.83594684240741,2857.7432521583223,7918.860900037705,2857.7432521583223
HKG,2021-12-02,16.88176064297636,31.379604448976412,10.2228052069764,0.854463377206589,16.303,1.9757149449946232,3.6724341014547153,1.1964006275373424,103.55002541235575,192.47748542585052,62.70505555404772
HND,2021-12-02,474.2939218929989,518.4510133870003,219.46030132800013,0.252299119260729,4.652,187.98873467443929,205.49061562566408,86.98417258492574,10195.484133555437,11144.690743486679,4717.547320034397
HRV,2021-12-02,391.3837821734141,413.5470850234143,358.7198127664142,0.918165820544792,19.724,42.626699166517355,45.040566286603536,39.06917516855163,1984.3022823636893,2096.6694637163573,1818.6970835855516
HTI,2021-12-02,139.62654436799986,244.3199338530005,1.9483279570001,0.24288187984301501,4.8,57.48742741049538,100.59207957831805,0.8021709805026986,2908.8863409999967,5089.9986219375105,40.59016577083541
HUN,2021-12-02,353.74458940313093,376.4501846621311,337.31621793413103,0.818970488726948,18.577,43.19381397405548,45.96626982827008,41.1878355297605,1904.2072961357103,2026.431526415089,1815.77336455903
IDN,2021-12-02,276.6004207609992,375.9840679949998,100.41969412400007,0.297141457275364,5.319,93.08711860582645,126.53369591795855,33.795248581196844,5200.233516845256,7068.698401861248,1887.9431119383357
IMN,2021-12-02,-37.9941543650002,176.8265777709997,0,NA,NA,NA,NA,NA,NA,NA,NA
IND,2021-12-02,346.49928988699963,533.0246550010002,85.59356380699984,0.296942357834205,5.989,116.68907474644097,179.50441927136902,28.824976143952565,5785.595089113369,8900.061028569045,1429.17955930873
IRL,2021-12-02,55.28992980414013,71.2129337941401,32.256238465140235,0.624922579774034,13.928,8.847484727489354,11.39548099220387,5.161637538653794,396.96962811703133,511.29332132495756,231.59275176005335
IRN,2021-12-02,310.8150686267914,321.3709944797914,302.7735206927914,0.310714507514406,5.44,100.0323644728371,103.4296715176363,97.44428192776084,5713.512290933665,5907.5550455844,5565.689718617488
IRQ,2021-12-02,582.1391600029996,1019.2563514449998,235.5014869370005,0.169645157771844,3.186,343.1510616919107,600.8166486047301,138.82004651952798,18271.787821814174,31991.724778562457,7391.760418612696
ISL,2021-12-02,-25.997548324922167,0,0,0.693983162256222,14.431,0,-2.262300398021128,-4.580453945968505,-180.15070559851824,0,0
ISR,2021-12-02,79.91459702778823,88.84664341778827,73.93621544978824,0.548653337641527,11.733,14.565590245256457,16.19358478701863,13.475943802258586,681.1096652841408,757.2372233681775,630.1561020181389
ITA,2021-12-02,287.31625617708966,300.4317575130897,273.2835647820896,1.09660551678677,23.021,26.200511649710858,27.396520709963497,24.920863573881544,1248.0615793279599,1305.033480357455,1187.1055331310092
JAM,2021-12-02,130.8164231637781,240.06198677877836,77.8777779357784,0.427928630556785,9.684,30.569682377542883,56.0986037476459,18.19877717329881,1350.8511272591709,2478.9548407556626,804.1901893409583
JEY,2021-12-02,-61.56908064400018,209.331596414,0,NA,NA,NA,NA,NA,NA,NA,NA
JOR,2021-12-02,321.325473394999,427.727051751,195.01333320899985,0.205535800537427,3.81,156.3355252733634,208.10343046447184,94.88046982525019,8433.739459186325,11226.431804488187,5118.460189212595
JPN,2021-12-02,6.026789131476301,20.589933675476377,0.9385661324763334,1.29774091187324,27.049,0.4644061905066134,1.5865981789659067,0.07232307495966576,22.28100532912973,76.12086833330761,3.4698736828582697
KAZ,2021-12-02,388.1819178324606,425.5027994034605,368.0400739354607,0.365055835208924,6.991,106.33494397105075,116.55827913555807,100.8174745994209,5552.5950197748625,6086.436838842233,5264.483964174807
KEN,2021-12-02,157.83659826299964,253.46552686100011,37.207421780999624,0.136524441623756,2.686,115.61050635751893,185.65578723223706,27.25330449146868,5876.2694811243355,9436.54232542815,1385.235360424409
KGZ,2021-12-02,188.55918859829544,225.36499349429553,176.83199586929553,0.24220794126403,4.489,77.85012647159563,93.04607946302882,73.00833942373987,4200.4720115458995,5020.38301390723,3939.2291349809652
KHM,2021-12-02,122.51212853599966,214.78079773300001,36.33957350800015,0.22559918242463,4.412,54.305218316528915,95.20459933615038,16.108025356049666,2776.7934844968195,4868.105116341795,823.6530713508647
KIR,2021-12-02,-56.33640467000022,66.88362599300021,0,0.207799119178793,3.895,0,32.18667444660951,-56.19545199877701,-1446.377526829274,1717.1662642618796,0
KNA,2021-12-02,69.85598334099974,260.1339806639999,40.77483485999974,NA,NA,NA,NA,NA,NA,NA,NA
KOR,2021-12-02,-5.013628262145816,7.683715044854188,0,0.709330990746997,13.914,0,1.083234081844142,-1.239423543145541,-36.03297586708219,55.22290531014941,0
KWT,2021-12-02,337.9325110950827,586.2834409090835,132.93916978008355,0.219684178630981,2.345,153.82651276983026,266.8755868368223,60.51376599285779,14410.768063756192,25001.42605156006,5669.047751815929
LAO,2021-12-02,141.65584691199962,187.254073409,19.711647887000055,0.207329136191272,4.029,68.32413886165747,90.31729782361525,9.507418131919012,3515.9058553487125,4647.656326855299,489.24417689253056
LBN,2021-12-02,193.3264698409672,207.67528890696735,183.92728332696728,0.354555278804259,8.514,54.52646777477479,58.57345844838474,51.87548862543064,2270.6890984374822,2439.221152301707,2160.292263647725
LBR,2021-12-02,-12.455878496000242,118.23557342400048,0,0.162867307677098,3.057,0,72.59625956267126,-32.269556008256174,-407.4543178279438,3867.6994904808794,0
LBY,2021-12-02,373.22436908899954,487.682503702,203.47458810999964,0.240425367915404,4.424,155.23502046602758,202.84153370770582,84.63108110188861,8436.355539986427,11023.564731057866,4599.3351742766645
LCA,2021-12-02,225.56476906399905,408.89966727500087,144.33251401600018,0.493352173628674,9.721,45.72084225451745,82.88190244860722,29.255473418595567,2320.3864732434836,4206.353947896316,1484.7496555498424
LIE,2021-12-02,111.66049036494738,143.4528338979474,90.7701372299474,NA,NA,NA,NA,NA,NA,NA,NA
LKA,2021-12-02,151.82642342199958,256.2469612540004,80.2709337150001,0.464081185976605,10.069,32.71548772279973,55.21597707408853,17.2967437897917,1507.8600002184883,2544.9097353659786,797.2085978250084
LSO,2021-12-02,54.57618276899965,205.42309174800013,33.40447229299984,0.229861932331157,4.506,23.743027919200184,89.36803483060066,14.532407325661369,1211.1891426764237,4558.8790889480715,741.3331622947146
LTU,2021-12-02,590.7025695477421,604.5533519877421,578.2342984407421,0.980037805359834,19.002,60.27344724021721,61.68673786678793,59.00122375671372,3108.633667759931,3181.5248499512795,3043.0180951517846
LUX,2021-12-02,31.407728905610455,45.30192609961042,25.502302076610498,0.692134645833,14.312,4.537806205006619,6.545247571747909,3.6845868401686332,219.4503137619512,316.53106553668545,178.1882481596597
LVA,2021-12-02,358.3320226686598,377.5724112666598,350.83212683765987,0.952783942668027,19.754,37.60894853719332,39.62833485725684,36.82179255196561,1813.9719685565444,1911.3719310856522,1776.0055018611918
MAC,2021-12-02,-3.2300987283418543,9.101626417658188,0,0.536409341510443,9.798,0,1.6967688131659795,-1.4651731495225686,-32.966919048192025,92.892696648889455,0
MAR,2021-12-02,199.85711552499944,307.6105865360002,99.20899590599969,0.336430893195242,6.769,59.40510207813042,91.43351361537526,29.48867000998788,2952.535315777802,4544.40222390309,1465.6374044319646
MCO,2021-12-02,406.9730704689688,428.07921469196873,403.4851992959688,NA,NA,NA,NA,NA,NA,NA,NA
MDA,2021-12-02,397.332471835452,428.77813027245173,359.99183059745206,0.525268091545281,10.864,75.64374806521057,81.63034023464735,68.53487512222485,3657.3312945089465,3946.779549635969,3313.6214156613773
MDG,2021-12-02,1.4642685229998722,137.0856310960002,0,0.158319451764652,2.929,0.9248822596837716,86.58799002145568,-18.478083408530356,49.99209706383996,4680.2878489586965,0
MDV,2021-12-02,129.60005004899975,320.7917358940006,47.23871720999999,0.215955986293361,4.12,60.01225169694865,148.54496112843458,21.87423373660479,3145.6322827427125,7786.207181893219,1146.5708060679608
MEX,2021-12-02,455.6164601114516,493.40121359845176,443.2923281944517,0.36564601489984,6.857,124.60588699052468,134.93958459621317,121.2353779695592,6644.545137982376,7195.584272983108,6464.814469803875
MHL,2021-12-02,-67.6880342310003,71.35465595299993,0,NA,NA,NA,NA,NA,NA,NA,NA
MKD,2021-12-02,682.2161890048194,707.6975374588199,639.4847612298196,0.581300008257099,13.26,117.36042995256365,121.74394072016207,110.00941891385393,5144.918469116285,5337.085501197736,4822.660341099695
MLI,2021-12-02,49.48222681699972,159.66473862500033,0,0.123111771565777,2.519,40.19292890327877,129.6908789422249,-20.58606773070352,1964.359937157591,6338.41757145694,0
MLT,2021-12-02,82.16294490965957,93.5711341176596,74.38659269465963,0.875635827530677,19.426,9.383232426813997,10.68607875279994,8.495151792090594,422.9534897027673,481.67988323720584,382.9228492466778
MMR,2021-12-02,197.9151706119995,270.24620850499974,73.49237015600022,0.284267909623922,5.732,69.62276215906164,95.06743440106463,25.853206664525885,3452.8117692253927,4714.693100226792,1282.1418380321043
MNE,2021-12-02,516.6871510012488,576.2446912492495,479.5133896852492,0.65067252896374,14.762,79.40817047004028,88.56139849133878,73.69504141336986,3500.1161834524373,3903.567885444042,3248.295554025533
MNG,2021-12-02,34.37997609496158,61.63832851696159,11.296765197961555,0.233065692183697,4.031,14.751195584747014,26.446761829012434,4.847030505484138,852.8895086817558,1529.1076288008335,280.2472140402271
MOZ,2021-12-02,147.78418454299947,228.35883290300023,40.89779101600002,0.138930800566357,3.158,106.37251346753297,164.36875910315516,29.43752634353112,4679.67652131094,7231.122004528191,1295.053547055099
MRT,2021-12-02,158.75066173399966,236.47449780800005,5.022591396000177,0.16225135589061,3.138,97.84242532988722,145.74577605837166,3.09556204842221,5058.975836010187,7535.8348568515,160.0570871892982
MSR,2021-12-02,6.740349769999765,218.01595066899984,0,NA,NA,NA,NA,NA,NA,NA,NA
MUS,2021-12-02,-13.959503735452335,32.69994736454777,0,0.526737147380066,10.945,0,6.208019982489138,-5.29279789532976,-127.54229086754074,298.7660791644382,0
MWI,2021-12-02,21.131848180999764,211.77853211599975,0,0.133394382361022,2.979,15.841632763670653,158.7612074568754,-18.57832740132051,709.3604626048931,7109.047738032888,0
MYS,2021-12-02,12.351508312904924,138.70147390790504,11.170024121904886,0.325701097993835,6.293,3.792283289489776,42.58551007725815,3.429532227771709,196.27376947250792,2204.059652119896,177.49919151286963
"NAM",2021-12-02,325.17812515300005,507.5719935949994,209.0953357559999,0.182165219246218,3.552,178.50725099915095,278.6327684808785,114.7833470193795,9154.789559487614,14289.752071931289,5886.693011148645
NCL,2021-12-02,-100.74316725800028,76.7424550729998,0,0.421402314475809,9.954,0,18.211208727807136,-28.741189728314282,-1012.0872740405895,770.9710174100844,0
NER,2021-12-02,99.87181723299965,202.6421023710004,0,0.12338573190553,2.553,80.9427603099735,164.23463170454167,-30.446498663850853,3911.9395704269346,7937.410982021167,0
NGA,2021-12-02,96.16584104299984,142.14169138300022,0,0.135766561785306,2.751,70.83175693516594,104.69565518479838,-10.250301537433321,3495.6685221010484,5166.909901235922,0
NIC,2021-12-02,361.2500404295454,404.5366431395462,137.86674763654617,0.281026462194901,5.445,128.54662781863107,143.94966224176667,49.05827962241188,6634.527831580263,7429.506761056862,2531.9880190366603
NIU,2021-12-02,-46.82824529500017,55.36128072300034,0,NA,NA,NA,NA,NA,NA,NA,NA
NLD,2021-12-02,161.7351585392086,165.66480674820863,148.0698786582086,0.861676306011099,18.779,18.769827766057354,19.225874680842708,17.18393294851737,861.2554371330135,882.1811957410332,788.4864937334714
NOR,2021-12-02,21.303313061295857,23.07227889929588,6.202828333295878,0.767158068214494,16.821,2.7769131218130587,3.007499999706055,0.8085463205428475,126.6471259811893,137.16353902440923,36.87550284344496
NPL,2021-12-02,350.953886362,394.7181489920003,148.64399790299981,0.257310351869662,5.809,136.39322468447446,153.40158144587235,57.76837069434888,6041.554249647099,6794.941452780174,2558.856910018933
NRU,2021-12-02,-98.05833490000025,39.239682353999626,0,NA,NA,NA,NA,NA,NA,NA,NA
NZL,2021-12-02,-53.37628818369603,0,0,0.718819980646876,15.322,0,-6.918295913247042,-7.997555364969369,-348.3637135080018,0,0
OMN,2021-12-02,85.40919527423017,95.30507127823022,77.85077649323023,0.171605151583048,2.355,49.77076415616611,55.537418544283916,45.36622343505491,3626.7174214110473,4046.9244704131725,3305.76545618812
PAK,2021-12-02,343.6242875149992,417.6231390639997,140.66538260300013,0.211113768135275,4.495,162.76735077496969,197.81899719415748,66.63013210624247,7644.589266184631,9290.837354037812,3129.3744739265876
PAN,2021-12-02,188.6758609439543,231.13118421195432,170.78348314195446,0.414071254653082,7.918,45.566036961930884,55.819181267630164,41.2449502888194,2382.872707046657,2919.0601693856315,2156.9017825455226
PCN,2021-12-02,-55.02575641400017,54.38195029100006,0,NA,NA,NA,NA,NA,NA,NA,NA
PER,2021-12-02,595.4195993642107,599.7037573802107,592.2907796982107,0.398512732535488,7.151,149.41043303081614,150.48546970247844,148.6253088903418,8326.382315259554,8386.292230180545,8282.628719035249
PHL,2021-12-02,147.95436148038118,228.3926747973813,108.54520217738126,0.259778418136041,4.803,56.95406205872741,87.91826374036059,41.783764392828886,3080.4572450631103,4755.208719495759,2259.9459125001304
PLW,2021-12-02,-101.83784506800036,42.86816710700009,0,NA,NA,NA,NA,NA,NA,NA,NA
PNG,2021-12-02,26.495313471999776,189.77314719099945,0,0.176262933607602,3.808,15.03169891123216,107.66480694884723,-15.212803076734794,695.7802907562967,4983.538529175406,0
POL,2021-12-02,372.5273472694612,385.8694185834614,357.4087184224613,0.806796035417152,16.763,46.17367102911541,47.82738159886328,44.29976136876577,2222.319079338192,2301.9114632432224,2132.1286071852364
PRK,2021-12-02,36.059205756999845,155.50735140499992,0,0.445290722468463,NA,8.097901873433639,34.9226569426255,-3.4798277076382247,NA,NA,NA
PRT,2021-12-02,226.7812000760092,234.1625831530092,220.2018399750092,1.03026455431435,21.502,22.011938499324,22.728393612342263,21.373329699919204,1054.6981679658136,1089.02698889875,1024.0993394800912
PRY,2021-12-02,254.9548241524319,277.070947213432,242.62780495543197,0.308500455380687,6.378,82.64325698897909,89.81216798254925,78.64747060293033,3997.41022503029,4344.166622976356,3804.1361705147688
PSE,2021-12-02,219.50723439199976,455.7540769280003,153.57757510300058,0.163968368879579,3.043,133.8716948225602,277.9524368280527,93.66292788811629,7213.51411081169,14977.130362405529,5046.913411206066
PYF,2021-12-02,190.23529564504815,208.54440658104815,189.06670700904817,0.408874574026002,7.775,46.52656529162175,51.004493756509774,46.2407591519801,2446.7562140842206,2682.2431714604263,2431.7261351646066
QAT,2021-12-02,26.303282915627637,51.34372611462763,26.10211042362768,0.154925280761202,1.307,16.97804437493379,33.14096050841927,16.848193074351002,2012.4929545239202,3928.364660644807,1997.1010270564407
ROU,2021-12-02,454.96454198794225,485.7537845129425,427.06255806494266,0.811839933755157,17.85,56.0411631740642,59.83368941536215,52.604280758839906,2548.8209635178837,2721.3097171593413,2392.507328094917
RUS,2021-12-02,659.3249429032683,688.7951315992684,630.0779804362685,0.682322182484547,14.178,96.62956295843428,100.94866461634757,92.34317696399064,4650.338149973679,4858.19672449759,4444.054030443423
RWA,2021-12-02,185.59236947999943,243.0756577590002,41.98999241900001,0.1572764787719,2.974,118.00389411640268,154.55308998336346,26.698202265768302,6240.4966200403305,8173.357691963691,1411.9029058170815
SAU,2021-12-02,504.364060728998,920.3533168029984,96.62530989700004,0.213027530064754,3.295,236.76003781092825,432.0349189249101,45.35813275759656,15306.951767192657,27931.81538097112,2932.4828496813366
SDN,2021-12-02,383.69977078599896,599.6491338679996,84.37628775500026,0.177082765111193,3.548,216.6782128938793,338.6264798222857,47.64793891829004,10814.536944362993,16901.046614092436,2378.1366334554755
SEN,2021-12-02,24.61649152299972,198.47169971399987,5.875404119999981,0.150638074695954,3.008,16.341480447546438,131.75400715562293,3.9003446717297887,818.367404355044,6598.128314960102,195.3259348404249
SGP,2021-12-02,25.33658920786478,45.0736344648648,3.919724482864736,0.577944816863006,12.922,4.383911485769147,7.798951240624915,0.6782177759012334,196.0732797389319,348.81314397821393,30.33372916626479
SHN,2021-12-02,-40.701605620000215,137.96198479999987,0,NA,NA,NA,NA,NA,NA,NA,NA
SLB,2021-12-02,-11.653079895000268,83.37617184199986,0,0.183799391698977,3.507,0,45.362594006051836,-40.50189402472011,-332.28057869975095,2377.4214953521487,0
SLE,2021-12-02,-41.19190777700016,116.47638069599986,0,0.148541608294167,2.538,0,78.41330253092038,-42.16288971098984,-1623.006610598903,4589.297899763588,0
SLV,2021-12-02,313.8661722601422,481.6107615361439,162.13835265114267,0.394542050905802,8.273,79.5520202572979,122.06829675834219,41.09532869282257,3793.8616252887973,5821.476629229348,1959.8495425014223
SMR,2021-12-02,359.77613127555736,377.3824982235573,353.70710194955734,NA,NA,NA,NA,NA,NA,NA,NA
SOM,2021-12-02,145.16481922699984,183.85212529300043,0,0.138276054500716,2.731,104.98189274430604,132.96020482855795,-21.904902020358875,5315.445596008783,6732.044133760543,0
SRB,2021-12-02,668.150016372939,683.120033365939,631.2749850849391,0.74754613234329,17.366,89.37910149819483,91.38165576813323,84.44629137550582,3847.4606493892607,3933.663672497633,3635.1202642228436
SSD,2021-12-02,229.7889125509996,266.5855409049996,3.867310214000419,0.163502581797111,3.441,140.54145813803893,163.04668585344018,2.36528999817222,6677.968978523674,7747.3275473699405,112.38913728568495
STP,2021-12-02,58.71699412999969,207.97352767399988,17.682411192999748,0.162009847091731,2.886,36.242855100501245,128.37091782220125,10.914405210806635,2034.5458811503704,7206.289940194036,612.6961605336018
SUR,2021-12-02,211.63306398599937,457.1308120400004,200.9006356050004,0.342600244173595,6.933,61.77259578331334,133.42979750136223,58.63995692402494,3052.546718390298,6593.5498635511385,2897.7446358719226
SVK,2021-12-02,400.46146559476017,413.4064625657601,375.0754498687602,0.686664881537235,15.07,58.31978252597512,60.20498116057254,54.622780333410915,2657.3421738205716,2743.241291080027,2488.888187583014
SVN,2021-12-02,242.15156818826785,268.893103960268,217.57905770426785,0.912957223241584,19.062,26.523867934192403,29.452979516994773,23.832338708238986,1270.3366288336367,1410.6237748414017,1141.4282746000831
SWE,2021-12-02,103.4061489417878,112.2536132407878,98.7398930727878,0.889992356519022,19.985,11.618768204508472,12.612873854314792,11.094465289453012,517.4188088155507,561.6893332038419,494.07001787734697
SWZ,2021-12-02,341.92855463699857,429.5916717960001,169.61817590799984,0.184329450989722,3.163,185.4986019874079,233.0564483805432,92.01903168336219,10810.26097492882,13581.779064053118,5362.572744483081
SXM,2021-12-02,7.956164130999765,207.45797044100013,0,NA,NA,NA,NA,NA,NA,NA,NA
SYC,2021-12-02,-61.61028814247865,29.3606217575218,0,0.409871927897135,8.606,0,7.1633648852600595,-16.43141822373855,-715.8992347487642,341.1645567920265,0
SYR,2021-12-02,78.00229223799981,228.39701760600008,32.15676245500018,0.238009158530573,NA,32.77281123111915,95.9614407345009,13.510724819805429,NA,NA,NA
TCA,2021-12-02,7.650039952999758,185.7611784129997,0,NA,NA,NA,NA,NA,NA,NA,NA
TCD,2021-12-02,166.1030792009998,238.72459846999988,0,0.124706144714012,2.486,133.19558517499132,191.4296998094728,-34.96168429068709,6681.5397908688565,9602.759391391788,0
TGO,2021-12-02,108.81393884199974,189.7351153050002,0,0.145269304619619,2.839,74.90497674434668,130.60922663725339,-7.418378630102432,3832.82630651637,6683.167147058831,0
THA,2021-12-02,87.01878491516517,97.80944365816522,69.9422271521652,0.588113111513172,11.373,14.7962667744768,16.631059866444513,11.89264884304466,765.1348361484672,860.0144522831727,614.9848514214825
TJK,2021-12-02,224.0901108811652,271.57935031616535,114.54308585116532,0.177709047569168,3.466,126.09943834961175,152.8224668529953,64.455404729229,6465.381156409843,7835.526552687978,3304.7630078235807
TKL,2021-12-02,-42.79935627400018,50.5168686680001,0,NA,NA,NA,NA,NA,NA,NA,NA
TKM,2021-12-02,53.680476740999865,220.44592221600007,0,0.246089067175725,4.277,21.813434199686817,89.5797301139697,-3.4925179332988603,1255.0964868131837,5154.218429179333,0
TLS,2021-12-02,42.85737546499965,194.99373342499985,16.27370825899995,0.200935896249528,3.556,21.328879640190383,97.04275695112783,8.09895522042054,1205.2130333239495,5483.513313413944,457.64083967941366
TON,2021-12-02,-17.723056192000197,74.83338977299968,0,0.273907008430554,5.82,0,27.320728374853847,-21.535666957552746,-304.51986584192775,1285.7970751374514,0
TTO,2021-12-02,210.35091947699985,313.9686480220001,140.3379561890001,0.491464447021179,10.014,42.80084159738519,63.88430535006127,28.55505765261438,2100.5683990113826,3135.297064329939,1401.4175772818064
TUN,2021-12-02,240.46676032263997,345.4735961516406,160.66186691864004,0.40324160087749,8.001,59.63342070841964,85.67409597617385,39.84258235485262,3005.4588216802895,4317.880216868399,2008.0223336912893
TUR,2021-12-02,387.0595260749987,528.8411890450001,157.37421198199988,0.405001099248332,8.153,95.56999395640352,130.57771695595667,38.85772465163205,4747.449111676668,6486.461290874525,1930.2614004906154
TUV,2021-12-02,-20.46282277100018,92.37029326100016,0,NA,NA,NA,NA,NA,NA,NA,NA
TWN,2021-12-02,-26.017703131915894,0,0,0.708751278908246,NA,0,-2.277871175877751,-4.187601698389059,NA,NA,NA
TZA,2021-12-02,104.27904174999956,116.24210674300026,0,0.135037587157699,3.108,77.22223415338492,86.08129720745893,-21.323495687443586,3355.1815234877595,3740.093524549558,0
UGA,2021-12-02,105.07823231799964,159.089135531,0,0.108820280658387,2.168,96.56125832634585,146.1943808345974,-2.137642232611538,4846.781933487067,7338.059756964944,0
UKR,2021-12-02,397.7220733297632,437.2203436697632,345.34076862176306,0.726248396056132,16.462,54.76391761958854,60.20258991883134,47.55132961354885,2416.000931416372,2655.936967985441,2097.8056653004683
URY,2021-12-02,93.18362014041968,108.54157609141976,80.16473086441971,0.722725790336164,14.655,12.893357534269928,15.018362087360053,11.091998090608113,635.8486532952554,740.6453503338093,547.0128342846791
USA,2021-12-02,287.6151053990637,321.6556819240639,267.53941853206385,0.731307345072339,15.413,39.32889602942708,43.98365257663952,36.583718232120255,1866.0553130413527,2086.9115806401346,1735.8036627007323
UZB,2021-12-02,112.35087817691672,153.20276353291672,96.76511573291668,0.24840833632572001,4.469,45.2283042665682,61.67376095302733,38.95405329957829,2514.0048820075344,3428.1218065096605,2165.2520862142915
VAT,2021-12-02,0.6436096749998018,224.89598274800048,0,NA,NA,NA,NA,NA,NA,NA,NA
VCT,2021-12-02,145.4924839729996,331.84892531000014,88.28558936700009,0.468699070442599,7.724,31.041769260521264,70.80213003124385,18.836305624338188,1883.6416878948678,4296.3351283014,1143.003487402901
VEN,2021-12-02,205.30153374099933,337.81954288600065,59.851053775999695,0.368587098134384,6.614,55.699598488427824,91.65256857765387,16.237967655118105,3104.0449613093333,5107.643527154531,904.914632234649
VGB,2021-12-02,6.010330406999771,198.38775278000017,0,NA,NA,NA,NA,NA,NA,NA,NA
VNM,2021-12-02,121.89234243699946,208.69431428399983,54.9231251469999,0.406233263456311,7.15,30.00550506374488,51.37302457912687,13.520095493831144,1704.7880061118803,2918.8015983776195,768.155596461537
VUT,2021-12-02,-13.450129442000293,83.85101186200002,0,0.179873252459742,4.394,0,46.616720782745055,-45.67938877982392,-306.10217209832257,1908.3070519344565,0
WLF,2021-12-02,-34.32464558700021,77.74002228200007,0,NA,NA,NA,NA,NA,NA,NA,NA
WSM,2021-12-02,-15.519417091000207,84.61267690099994,0,0.239286535146524,5.606,0,35.360400387421905,-21.505250382136804,-276.83583822690343,1509.3235265965027,0
YEM,2021-12-02,191.5276449019999,268.95677206100015,26.86098976299961,0.146919162970921,2.922,130.36260282799736,183.0644598174259,18.282836098321685,6554.676416906224,9204.54387614648,919.2672745721973
ZAF,2021-12-02,386.0330444481912,390.8013751021912,380.0873310601912,0.252409677906048,5.344,152.9390820711243,154.82820561565606,150.58350147796924,7223.672238925734,7312.899983199685,7112.412632114357
ZMB,2021-12-02,105.56950143599964,254.0876110770001,59.7455227719998,0.117448977321652,2.48,89.88541564468578,216.33871734884698,50.86934270051373,4256.834735322566,10245.468188588715,2409.0936601612825
ZWE,2021-12-02,255.1756453689991,299.7100013569998,120.95978594499998,0.151445392682064,2.822,168.4935017499678,197.89971556691341,79.8702316411409,9042.368723210457,10620.481975797298,4286.314172395463
