custom_regions,date,population,estimated_daily_excess_deaths,estimated_daily_excess_deaths_ci_95_top,estimated_daily_excess_deaths_ci_90_top,estimated_daily_excess_deaths_ci_50_top,estimated_daily_excess_deaths_ci_50_bot,estimated_daily_excess_deaths_ci_90_bot,estimated_daily_excess_deaths_ci_95_bot,estimated_daily_excess_deaths_raw_estimate,daily_excess_deaths,daily_covid_deaths
Latin America and Caribbean,2020-01-01,655799753,-3.4271453253235626,12.92707699566584,7.8434327194274855,0.7067269817000121,-5.251148557436841,-9.354543771843096,-10.92808704529884,0,0,0
Asia,2020-01-01,4678052014,-816.1942581671129,-554.4142145217347,-591.0494956538765,-816.1942581671129,-1130.1960126870063,-1297.9155411537588,-1391.9244923731342,-50446.94988038545,-1008.938997607709,0
Oceania,2020-01-01,42936804,-4.216290279421215,7.46751507939355,4.134943932857682,0.35894055409989867,-4.216290279421215,-7.663559761075777,-9.761733896144108,0,0,0
European Union,2020-01-01,447189915,-0.3584326332304036,-0.051128308683004824,-0.05980896604030241,-0.13307848947160267,-0.3584326332304036,-0.39117186797190245,-0.4328473989500969,0,0,0
North America,2020-01-01,370982987,0,0,0,0,0,0,0,0,0,0
Latin America and Caribbean,2020-01-06,655799753,-2.700424338425813,18.388180878367837,10.80297483683215,1.9652733029195057,-4.6748322347405455,-9.700253144413438,-11.349653010834178,0,0,0
Asia,2020-01-06,4678052014,-814.5110917227341,-544.1346529587026,-581.6984758865569,-808.3756612184822,-1118.5336485932426,-1292.1948551052244,-1356.1262563348523,-50446.94988038545,-1008.938997607709,0
Oceania,2020-01-06,42936804,-4.216290279421215,6.949137148195435,4.086558330525224,0.260644044807711,-4.216290279421215,-7.6617725388679565,-9.761733431068297,0,0,0
European Union,2020-01-06,447189915,0,0,0,0,0,0,0,0,0,0
North America,2020-01-06,370982987,0,0,0,0,0,0,0,0,0,0
Latin America and Caribbean,2020-01-13,655799753,0.926254371798829,45.51433413267567,31.643674409918184,15.129767425949233,-2.214447551118648,-11.597852520033586,-13.719491141566348,0,0,0
Asia,2020-01-13,4678052014,-1028.0708373345701,-771.8978476735522,-841.2572526032051,-1028.0708373345701,-1363.331656435141,-1537.6256056512611,-1610.2439135383731,-62844.70516910852,-1256.8941033821704,0
Oceania,2020-01-13,42936804,-4.216974164181695,6.784574992999218,3.7780587290397447,0.2924230099023664,-4.216974164181695,-7.683849899967788,-10.089776102036488,0,0,0
European Union,2020-01-13,447189915,0,0,0,0,0,0,0,0,0,0
North America,2020-01-13,370982987,0,0,0,0,0,0,0,0,0,0
Latin America and Caribbean,2020-01-20,655799753,-4.4542222243063945,9.93079721340141,6.376827776986111,0.06133122876820918,-7.478734622394718,-13.990551475085804,-16.64423742725252,0,0,0
Asia,2020-01-20,4678052014,-1381.070246781357,-926.8374580869403,-1013.760873282747,-1267.931849966964,-1688.6044138511481,-1925.157789402351,-2058.6521880214864,-77640.50585058807,-1552.8101170117616,0
Oceania,2020-01-20,42936804,-4.249634376622484,9.371662416487792,6.167311707211537,0.5835120126997991,-4.249634376622484,-7.692039922343193,-9.75033826634083,0,0,0
European Union,2020-01-20,447189915,0,0,0,0,0,0,0,0,0,0
North America,2020-01-20,370982987,0,0,0,0,0,0,0,0,0,0
Latin America and Caribbean,2020-01-27,655799753,-109.4563823717317,-88.23775298926114,-94.18606586675836,-104.7882530531204,-114.30319534025526,-121.00664810871304,-121.57719102569475,-4750.162903017491,-105.55917562261091,0
Asia,2020-01-27,4678052014,-615.7223340804853,630.7935785403001,247.11517322766846,-325.49361344326985,-1125.0813814177063,-1683.0255100786812,-1783.5686525239914,-46049.5122854746,-920.990245709492,0
Oceania,2020-01-27,42936804,-5.710031123893595,10.149416696261893,4.575457520264251,-0.964403803156098,-6.635117508432875,-12.049678356428164,-13.385857823451614,-33.45895203266648,-1.5932834301269754,0
European Union,2020-01-27,447189915,-509.5973673169817,-509.5973673169817,-509.5973673169817,-509.5973673169817,-509.5973673169817,-509.5973673169817,-509.5973673169817,-13759.128917558506,-509.5973673169817,0
North America,2020-01-27,370982987,-130.2556136421253,-130.2556136421253,-130.2556136421253,-130.2556136421253,-130.2556136421253,-130.2556136421253,-130.2556136421253,-260.5112272842506,-130.2556136421253,0
Latin America and Caribbean,2020-02-03,655799753,32.83074833426945,50.46423018134405,46.87927418514632,36.08723854785719,22.88903802394505,14.927645471919716,12.945935158308165,1375.3228946935114,30.562730993189145,0
Asia,2020-02-03,4678052014,836.9133835284242,1950.1165505657073,1823.7136470933865,1115.5466732916677,174.20424632653734,-573.7507868920841,-906.2880106341084,30405.613345764952,608.1122669152991,49
Oceania,2020-02-03,42936804,-5.286132249345818,9.081837766630665,6.9239828326484005,0.28950931363807125,-5.669333959770692,-10.144631667330025,-12.62105935930816,-24.701721776827092,-1.1762724655631949,0
European Union,2020-02-03,447189915,-779.6244728310379,-779.6244728310379,-779.6244728310379,-779.6244728310379,-779.6244728310379,-779.6244728310379,-779.6244728310379,-21049.860766438025,-779.6244728310379,0
North America,2020-02-03,370982987,-94.93418507070399,-94.93418507070399,-94.93418507070399,-94.93418507070399,-94.93418507070399,-94.93418507070399,-94.93418507070399,-189.86837014140798,-94.93418507070399,0
Latin America and Caribbean,2020-02-10,655799753,-41.19513441848317,-14.156877833040305,-16.388091450817715,-31.522954964024258,-47.22055576090914,-55.665833627335935,-56.68998369288791,-1744.5699624493657,-38.76822138776368,0
Asia,2020-02-10,4678052014,-797.5087263256142,383.6703750961118,88.08787763784014,-470.2614864052827,-1380.0915457518574,-2143.2417876736336,-2458.7979768990745,-45808.921358572356,-916.1784271714471,83.857
Oceania,2020-02-10,42936804,8.611509069664129,21.50497604416008,18.952779578511397,14.193525293679052,8.167924986385161,3.5170431819936114,1.4676337208680386,268.7982782231732,12.799918010627296,0
European Union,2020-02-10,447189915,-686.2197109262804,-686.2197109262804,-686.2197109262804,-686.2197109262804,-686.2197109262804,-686.2197109262804,-686.2197109262804,-18527.932195009573,-686.2197109262804,0
North America,2020-02-10,370982987,-97.672280308799,-97.672280308799,-97.672280308799,-97.672280308799,-97.672280308799,-97.672280308799,-97.672280308799,-195.344560617598,-97.672280308799,0
Latin America and Caribbean,2020-02-17,655799753,-64.45598563159957,-34.41751848486212,-42.59700798183571,-60.17948786747084,-82.18564578135177,-97.34941433108196,-101.95090666273151,-2986.1413910208125,-66.35869757824028,0
Asia,2020-02-17,4678052014,-1682.6818915808608,-335.53385487777683,-590.7577633232391,-1159.816657756465,-2299.8628367959664,-3139.988416902565,-3681.19407233822,-84549.46008187308,-1690.9892016374615,122
Oceania,2020-02-17,42936804,4.762115185136186,17.82358264400689,16.0554163599795,10.721510837159041,3.9514217472116586,-0.05240683931436213,-1.2087812877027868,182.29827822317364,8.680870391579697,0
European Union,2020-02-17,447189915,-1056.4578061643754,-1056.4578061643754,-1056.4578061643754,-1056.4578061643754,-1056.4578061643754,-1056.4578061643754,-1056.4578061643754,-28524.360766438134,-1056.4578061643754,0.143
North America,2020-02-17,370982987,-10.457994594502289,-10.457994594502289,-10.457994594502289,-10.457994594502289,-10.457994594502289,-10.457994594502289,-10.457994594502289,-20.915989189004577,-10.457994594502289,0
Latin America and Caribbean,2020-02-24,655799753,-137.001149889931,-104.3798211423973,-111.8821972065008,-128.90133053373617,-151.5192382313573,-166.33169190319649,-167.6790729228231,-6099.067464418551,-135.53483254263446,0
Asia,2020-02-24,4678052014,-1624.3741230225307,-346.0921662738166,-592.3205587373585,-1336.9210272167484,-2387.07613515165,-3194.477107500489,-3908.9190358857195,-76018.62354728342,-1520.3724709456685,107.429
Oceania,2020-02-24,42936804,10.823143557778572,23.68542288688704,21.76671436359241,17.05990331438015,9.901068534728953,4.70741217439642,3.4722844204983443,314.40530069505115,14.971680985478626,0
European Union,2020-02-24,447189915,-1034.5590231140804,-1034.5590231140804,-1034.5590231140804,-1034.5590231140804,-1034.5590231140804,-1034.5590231140804,-1034.5590231140804,-27933.09362408017,-1034.5590231140804,1
North America,2020-02-24,370982987,135.55391016738986,135.55391016738986,135.55391016738986,135.55391016738986,135.55391016738986,135.55391016738986,135.55391016738986,271.1078203347797,135.55391016738986,0
Latin America and Caribbean,2020-03-02,655799753,100.68194474879719,125.86221829813505,121.09947719243944,103.0623293724286,72.04803535015535,40.29105706280974,32.99871310141566,4136.0945928495485,91.9132131744344,0
Asia,2020-03-02,4678052014,-3113.6390274963182,-2633.075220532118,-2893.289150732251,-3113.6390274963182,-4864.875262137095,-5766.820789234357,-6274.542252869821,-124735.07046580994,-2494.701409316199,56.856
Oceania,2020-03-02,42936804,-3.6981108035597616,7.199419189478587,5.639433480790229,0.41771808404569155,-5.478054065222015,-10.191711670204214,-11.38335270733712,6.668612399415293,0.31755297140072825,0.143
European Union,2020-03-02,447189915,-586.8114951582739,-586.8114951582739,-586.8114951582739,-586.8114951582739,-586.8114951582739,-586.8114951582739,-586.8114951582739,-15843.910369273397,-586.8114951582739,6.715
North America,2020-03-02,370982987,171.95861161481184,171.95861161481184,171.95861161481184,171.95861161481184,171.95861161481184,171.95861161481184,171.95861161481184,343.9172232296237,171.95861161481184,0.857
Latin America and Caribbean,2020-03-09,655799753,97.41061585319909,136.61439583132832,131.83528842184737,105.6090224623558,65.10708430905574,39.77685440525278,26.084328208849843,4042.666021420965,89.83702269824367,0.143
Asia,2020-03-09,4678052014,-858.1532721659854,256.44497756627544,136.5345818078999,-858.1532721659854,-2516.433080976904,-3423.535781097576,-3679.6841036394744,-30794.270013895526,-615.8854002779105,59.285
Oceania,2020-03-09,42936804,-2.4124205610751406,7.37465889416637,6.031789624264421,1.4621752470107046,-4.271925448402016,-9.186288742812327,-10.9738552624413,39.66861239941445,1.8889815428292596,0.286
European Union,2020-03-09,447189915,653.7313619845809,653.7313619845809,653.7313619845809,653.7313619845809,653.7313619845809,653.7313619845809,653.7313619845809,17650.746773583684,653.7313619845809,66.572
North America,2020-03-09,370982987,133.0062306624197,133.0062306624197,133.0062306624197,133.0062306624197,133.0062306624197,133.0062306624197,133.0062306624197,266.0124613248394,133.0062306624197,2.429
Latin America and Caribbean,2020-03-16,655799753,-19.837703982059004,17.590208226920545,11.405900296988355,-17.349998213898292,-50.620759931093424,-82.60573994490957,-91.6274451467231,-275.29826429312646,-6.117739206513922,1.001
Asia,2020-03-16,4678052014,-648.2610932129417,200.69327740927434,8.105206100438767,-648.2610932129417,-2528.0791659155475,-3766.6817640048794,-3911.640982473661,-46989.5280641685,-939.79056128337,111.286
Oceania,2020-03-16,42936804,11.510297600950683,20.601759191111807,18.41016601119297,14.963084551143323,9.25121627440775,4.4704664266707494,3.8999267984871016,324.06861239941037,15.431838685686209,0
European Union,2020-03-16,447189915,2442.559933413166,2442.559933413166,2442.559933413166,2442.559933413166,2442.559933413166,2442.559933413166,2442.559933413166,65949.11820215549,2442.559933413166,314.715
North America,2020-03-16,370982987,291.8633735195717,291.8633735195717,291.8633735195717,291.8633735195717,291.8633735195717,291.8633735195717,291.8633735195717,583.7267470391434,291.8633735195717,11.143
Latin America and Caribbean,2020-03-23,655799753,354.0962585443758,425.5893061815588,419.1201615803169,372.8738154527629,330.28280420904196,296.76337904376004,278.9872164854203,17315.201735706676,384.78226079348167,15.573
Asia,2020-03-23,4678052014,104.01236118140159,607.6190932109896,360.2315643851921,104.01236118140159,-1875.1912783585321,-3647.732071826824,-4407.743626194673,31721.87074418305,634.437414883661,174.431
Oceania,2020-03-23,42936804,22.085122517264278,32.99488433525758,29.58545619312407,24.558354033308493,16.30346039567671,11.50682319949902,7.714103950953134,496.86861239941413,23.660410114257814,0.571
European Union,2020-03-23,447189915,4341.07993341316,4341.07993341316,4341.07993341316,4341.07993341316,4341.07993341316,4341.07993341316,4341.07993341316,117209.15820215532,4341.07993341316,1023.286
North America,2020-03-23,370982987,973.672897329109,973.672897329109,973.672897329109,973.672897329109,973.672897329109,973.672897329109,973.672897329109,1947.345794658218,973.672897329109,102.857
Latin America and Caribbean,2020-03-30,655799753,877.8345214430051,936.3070321172739,917.5489235740076,877.8345214430051,812.4811158127882,770.6547176743896,762.2031121576026,38503.77316427821,855.639403650627,54.143
Asia,2020-03-30,4678052014,-2025.8960041984708,-88.83249459500642,-742.6948882395081,-2025.8960041984708,-3977.667977345226,-5863.290009743344,-6391.705657682755,-15912.30547538044,-318.2461095076088,209.148
Oceania,2020-03-30,42936804,34.85965206122238,46.48936626568144,44.11503429856976,37.22512402464507,29.27358934391943,24.543647448717017,19.475239691868747,774.6686123994144,36.88898154282926,1.572
European Union,2020-03-30,447189915,5157.474219127446,5157.474219127446,5157.474219127446,5157.474219127446,5157.474219127446,5157.474219127446,5157.474219127446,139251.80391644104,5157.474219127446,2204.284
North America,2020-03-30,370982987,2371.4348020910184,2371.4348020910184,2371.4348020910184,2371.4348020910184,2371.4348020910184,2371.4348020910184,2371.4348020910184,4742.869604182037,2371.4348020910184,512
Latin America and Caribbean,2020-04-06,655799753,945.7957326354518,999.5775138026855,991.0216964462708,945.7957326354518,855.8150957495693,808.356325519569,792.2334110270906,41541.83445460081,923.1518767689068,157.857
Asia,2020-04-06,4678052014,-1298.293429117962,1021.2897122691198,-22.23808733622228,-1298.293429117962,-3671.1679546157725,-5251.070555895796,-5799.0120487139775,-17358.36333508331,-347.1672667016662,292.289
Oceania,2020-04-06,42936804,20.730559945672805,33.64357279202429,29.878186278593862,24.546453097914412,16.49476779537382,11.86094229226026,7.986520279990306,504.2834511090882,24.013497671861344,3.286
European Union,2020-04-06,447189915,4496.809795164316,4496.809795164316,4496.809795164316,4496.809795164316,4496.809795164316,4496.809795164316,4496.809795164316,121413.86446943652,4496.809795164316,2971.572
North America,2020-04-06,370982987,3468.48242113862,3468.48242113862,3468.48242113862,3468.48242113862,3468.48242113862,3468.48242113862,3468.48242113862,6936.96484227724,3468.48242113862,1521.5720000000001
Latin America and Caribbean,2020-04-13,655799753,949.2748616539266,1026.6639347214307,1006.9915942054893,949.9642094286535,870.5319913330809,826.7708296723533,816.7389065789743,41952.19159745793,932.2709243879541,295.147
Asia,2020-04-13,4678052014,-1334.4792962200306,973.6158678795798,-274.7145818436813,-1334.4792962200306,-3760.815660496659,-5181.066911653427,-5831.575158235598,-20703.220477940544,-414.0644095588109,345.145
Oceania,2020-04-13,42936804,-0.7563766730275218,13.725556564643023,10.011349153073498,3.8475397317437614,-3.873592022084921,-8.869210093159095,-12.17901290072063,84.28345110909157,4.013497671861503,3.5709999999999997
European Union,2020-04-13,447189915,3049.0669380214526,3049.0669380214526,3049.0669380214526,3049.0669380214526,3049.0669380214526,3049.0669380214526,3049.0669380214526,82324.80732657922,3049.0669380214526,2958.001
North America,2020-04-13,370982987,3337.0062306624345,3337.0062306624345,3337.0062306624345,3337.0062306624345,3337.0062306624345,3337.0062306624345,3337.0062306624345,6674.012461324869,3337.0062306624345,2263.428
Latin America and Caribbean,2020-04-20,655799753,1189.1253045335545,1260.8279549826452,1252.7812892628374,1190.220364906449,1111.8079287571577,1074.562073585873,1063.3848706630415,52825.69159745787,1173.904257721286,451.002
Asia,2020-04-20,4678052014,-1284.9141629838532,281.7791811423777,-617.2125518361776,-1284.9141629838532,-3999.195046265412,-5500.5744052030295,-6293.574214705636,-28424.506192226265,-568.4901238445253,542.717
Oceania,2020-04-20,42936804,2.645607755522908,17.656805401973287,13.530312001140297,7.448882165566311,-0.7435748312048147,-5.308060349349102,-8.68841970604858,153.88345110909125,7.327783386147203,1.857
European Union,2020-04-20,447189915,1670.3812237357324,1670.3812237357324,1670.3812237357324,1670.3812237357324,1670.3812237357324,1670.3812237357324,1670.3812237357324,45100.29304086477,1670.3812237357324,2639.857
North America,2020-04-20,370982987,3017.4824211386613,3017.4824211386613,3017.4824211386613,3017.4824211386613,3017.4824211386613,3017.4824211386613,3017.4824211386613,6034.9648422773225,3017.4824211386613,2370.572
Latin America and Caribbean,2020-04-27,655799753,1459.724527255744,1528.1656725433943,1516.693031254035,1470.1224124835999,1388.3514727410547,1346.1806074176086,1325.3409099668431,64882.1558831723,1441.8256862927178,721.4300000000001
Asia,2020-04-27,4678052014,-969.699633372376,712.1914780365613,181.20511848231862,-969.699633372376,-3451.1722836140484,-4802.516831962839,-5320.510399486532,-25778.363335083373,-515.5672667016674,352.288
Oceania,2020-04-27,42936804,-24.95441863765492,-9.548487317421657,-13.324468743102003,-21.23369820181475,-30.57672820893098,-39.13660290164295,-42.19440425589011,-338.7165488909118,-16.129359470995798,3.286
European Union,2020-04-27,447189915,892.4297951643183,892.4297951643183,892.4297951643183,892.4297951643183,892.4297951643183,892.4297951643183,892.4297951643183,24095.604469436596,892.4297951643183,2009.143
North America,2020-04-27,370982987,2362.863373519547,2362.863373519547,2362.863373519547,2362.863373519547,2362.863373519547,2362.863373519547,2362.863373519547,4725.726747039094,2362.863373519547,2206.429
Latin America and Caribbean,2020-05-04,655799753,2694.225864017189,2768.028580659643,2754.6308262698067,2709.8055305149082,2636.926365659829,2587.685078998481,2575.402839121176,119612.8929799464,2658.064288443253,1082.43
Asia,2020-05-04,4678052014,1970.2413569079315,4880.353080909655,3875.1968403233454,2089.803849888127,372.43977943406543,-1026.0884549314228,-1548.0076509085575,-7220.006960275416,-144.4001392055083,358.288
Oceania,2020-05-04,42936804,-9.865404251942593,2.275026942396329,0.18452226453874743,-6.815918132717821,-14.271617392047755,-21.458866920254128,-25.529532369936902,-93.64751663284662,-4.459405553945077,2
European Union,2020-05-04,447189915,541.2800255790638,541.2800255790638,541.2800255790638,541.2800255790638,541.2800255790638,541.2800255790638,541.2800255790638,14614.560690634724,541.2800255790638,1372.431
North America,2020-05-04,370982987,2090.9586116148616,2090.9586116148616,2090.9586116148616,2090.9586116148616,2090.9586116148616,2090.9586116148616,2090.9586116148616,4181.917223229723,2090.9586116148616,2054.429
Latin America and Caribbean,2020-05-11,655799753,2934.8470773407435,3015.489159712206,2999.6806902780627,2956.7498694886085,2880.240000640131,2836.091913842495,2817.3718006942922,130780.92869423203,2906.242859871823,1417.856
Asia,2020-05-11,4678052014,2269.6825099732387,5600.6947004120275,4834.261247608868,2839.5638682429226,1057.039860204818,-749.6403212186765,-1151.6048937908015,-8583.864103132551,-171.67728206265102,347.573
Oceania,2020-05-11,42936804,-28.302980820517003,-15.966888658098272,-17.374304757959685,-24.58744759286962,-33.6862747367368,-41.723483798283695,-43.334499483574724,-431.44751663284774,-20.545119839659417,0.286
European Union,2020-05-11,447189915,382.39431129335156,382.39431129335156,382.39431129335156,382.39431129335156,382.39431129335156,382.39431129335156,382.39431129335156,10324.646404920491,382.39431129335156,1069.286
North America,2020-05-11,370982987,1773.196706852948,1773.196706852948,1773.196706852948,1773.196706852948,1773.196706852948,1773.196706852948,1773.196706852948,3546.393413705896,1773.196706852948,1821.143
Latin America and Caribbean,2020-05-18,655799753,3193.425745176476,3263.2599876244462,3247.942068314697,3195.6261224788054,3118.571417971771,3069.7659001124302,3055.2503816499175,140750.03583708918,3127.778574157537,1676.003
Asia,2020-05-18,4678052014,3993.465986918614,8234.357706422064,6590.205019713907,3993.465986918614,1692.8744294407554,-367.9416143049286,-766.4771798414816,-5884.292674561129,-117.68585349122259,372.857
Oceania,2020-05-18,42936804,-27.525145179930306,-14.111313861056823,-15.456292013201782,-23.650249570661057,-32.59069713867835,-41.594711000481155,-43.17338572157507,-403.2475166328445,-19.20226269680212,0.286
European Union,2020-05-18,447189915,266.93716843619916,266.93716843619916,266.93716843619916,266.93716843619916,266.93716843619916,266.93716843619916,266.93716843619916,7207.303547777377,266.93716843619916,831.86
North America,2020-05-18,370982987,1392.5776592338432,1392.5776592338432,1392.5776592338432,1392.5776592338432,1392.5776592338432,1392.5776592338432,1392.5776592338432,2785.1553184676864,1392.5776592338432,1545
Latin America and Caribbean,2020-05-25,655799753,3349.6879811783597,3424.30459904883,3402.7352161505305,3352.5773275970755,3270.555941538273,3228.6257224971955,3213.070136872709,147603.53583708912,3280.078574157536,1989.7150000000001
Asia,2020-05-25,4678052014,6490.77059594672,13761.322505807315,12127.42432633654,6760.202122551798,2472.1118824595333,81.42497151799985,-417.9525215509217,-9952.435531704024,-199.0487106340805,381.715
Oceania,2020-05-25,42936804,-37.944179884112685,-21.247881579266462,-25.61216898063837,-33.823068442969095,-42.61731859752079,-50.622130273328224,-52.59680089048437,-593.447516632843,-28.259405553944905,0.429
European Union,2020-05-25,447189915,30.268597007623413,30.268597007623413,30.268597007623413,30.268597007623413,30.268597007623413,30.268597007623413,30.268597007623413,817.2521192058322,30.268597007623413,237.574
North America,2020-05-25,370982987,1146.4824211386137,1146.4824211386137,1146.4824211386137,1146.4824211386137,1146.4824211386137,1146.4824211386137,1146.4824211386137,2292.9648422772275,1146.4824211386137,1192.5720000000001
Latin America and Caribbean,2020-06-01,655799753,3412.1968971912347,3507.399295689165,3484.1597788613817,3425.3551000538196,3344.1277089482173,3289.61505630665,3279.983845425737,148055.05588317217,3290.1123529593815,2025.572
Asia,2020-06-01,4678052014,8008.550425615386,14567.651657409202,12621.710407247032,9149.596380671652,4857.568785371884,2108.37139719607,1090.2514461083472,16159.636664916556,323.1927332983311,499.715
Oceania,2020-06-01,42936804,-49.75015748319034,-35.286066614685566,-39.01167114334599,-46.63040578422905,-55.394067554219816,-63.05603157137296,-64.05045163887424,-867.4365488909053,-41.30650232813835,0.143
European Union,2020-06-01,447189915,216.38884278335377,216.38884278335377,216.38884278335377,216.38884278335377,216.38884278335377,216.38884278335377,216.38884278335377,5842.498755150552,216.38884278335377,370.717
North America,2020-06-01,370982987,920.672897329092,920.672897329092,920.672897329092,920.672897329092,920.672897329092,920.672897329092,920.672897329092,1841.345794658184,920.672897329092,1031.714
Latin America and Caribbean,2020-06-08,655799753,3618.948888419805,3698.4328092007904,3673.446258476883,3625.3324172748135,3528.9467850213155,3467.9281685081874,3459.3384710852924,155370.1273117436,3452.669495816524,2510.715
Asia,2020-06-08,4678052014,7005.319012769069,14424.847527251402,13838.15067965665,9701.005375126848,5608.489545193842,2805.9124924576977,1722.5074506027236,18981.779522059416,379.6355904411883,627.289
Oceania,2020-06-08,42936804,-40.49539915195489,-27.4093038516466,-29.138878613469956,-36.75965421132717,-45.39716552334585,-53.278447220407124,-55.827357874294265,-680.2365488909084,-32.39221661385278,0
European Union,2020-06-08,447189915,116.58884278335493,116.58884278335493,116.58884278335493,116.58884278335493,116.58884278335493,116.58884278335493,116.58884278335493,3147.8987551505834,116.58884278335493,259.572
North America,2020-06-08,370982987,827.7681354243903,827.7681354243903,827.7681354243903,827.7681354243903,827.7681354243903,827.7681354243903,827.7681354243903,1655.5362708487805,827.7681354243903,835.142
Latin America and Caribbean,2020-06-15,655799753,3633.3029103596577,3719.857022584342,3710.8103862176326,3648.5638812893567,3555.0837858167743,3490.9615509919277,3477.073328003096,155700.66302602924,3460.014733911761,2434.143
Asia,2020-06-15,4678052014,9521.161319557654,14257.000704657274,13522.451423087254,10714.376244880013,6705.608884108602,3986.0227624953186,3386.0582654642217,14021.493807773672,280.42987615547344,786.714
Oceania,2020-06-15,42936804,-55.69594262929167,-40.37516670334736,-42.041009767412376,-51.81174846329317,-60.93483344144261,-69.55473579434629,-70.96284085950747,-997.6365488909046,-47.50650232813831,0
European Union,2020-06-15,447189915,-120.18258578808364,-120.18258578808364,-120.18258578808364,-120.18258578808364,-120.18258578808364,-120.18258578808364,-120.18258578808364,-3244.9298162782584,-120.18258578808364,190.573
North America,2020-06-15,370982987,856.9586116148581,856.9586116148581,856.9586116148581,856.9586116148581,856.9586116148581,856.9586116148581,856.9586116148581,1713.9172232297162,856.9586116148581,729
Latin America and Caribbean,2020-06-22,655799753,3610.535529486036,3716.5238643411926,3690.2306651376834,3638.0008870816746,3545.277166096871,3483.9523900161394,3464.762017502219,154104.7701688864,3424.5504481974754,2748.002
Asia,2020-06-22,4678052014,9331.454246656216,15386.741857799168,14618.772647735139,11198.101452538847,7207.479847048133,4609.927127126221,3917.9906992483543,24525.636664916565,490.5127332983313,1127.571
Oceania,2020-06-22,42936804,-64.1864404982752,-48.89131780527538,-51.377741501437164,-61.022765597502016,-69.88742125175072,-77.62090194228117,-81.11663450888797,-1165.6365488909082,-55.50650232813848,0
European Union,2020-06-22,447189915,495.5116999262118,495.5116999262118,495.5116999262118,495.5116999262118,495.5116999262118,495.5116999262118,495.5116999262118,13378.815898007719,495.5116999262118,330.427
North America,2020-06-22,370982987,970.3871830433787,970.3871830433787,970.3871830433787,970.3871830433787,970.3871830433787,970.3871830433787,970.3871830433787,1940.7743660867575,970.3871830433787,614.2860000000001
Latin America and Caribbean,2020-06-29,655799753,3735.8045908374957,3899.912117059578,3869.6293067945503,3786.700732585027,3684.059648026733,3631.984427849557,3605.5747683519135,159537.448740315,3545.2766386736666,2664.431
Asia,2020-06-29,4678052014,9498.512031500128,16184.970939860657,15360.475687830687,11776.300153872746,7853.8234972643495,5558.3349122185,4961.535216723206,21185.493807773724,423.7098761554745,959.429
Oceania,2020-06-29,42936804,-62.5031422494587,-45.34641214405261,-47.79482403036866,-58.65845103347675,-68.03992546503599,-75.45029452415983,-79.50326015482347,-1128.436548890908,-53.7350737567099,0.286
European Union,2020-06-29,447189915,224.4916999262161,224.4916999262161,224.4916999262161,224.4916999262161,224.4916999262161,224.4916999262161,224.4916999262161,6061.275898007835,224.4916999262161,132.002
North America,2020-06-29,370982987,1070.2919449481494,1070.2919449481494,1070.2919449481494,1070.2919449481494,1070.2919449481494,1070.2919449481494,1070.2919449481494,2140.583889896299,1070.2919449481494,568.858
Latin America and Caribbean,2020-07-06,655799753,4650.513959608322,4830.641244839617,4786.117992322713,4704.986387156379,4600.047743522691,4499.949200174153,4489.36434764179,198374.50242695078,4408.322276154462,2640.715
Asia,2020-07-06,4678052014,9098.007189573802,15420.973731670489,14887.86642705245,11615.757233818918,8537.97318931141,6805.763292044157,5480.121359007719,48572.42506352119,971.4485012704238,1071.143
Oceania,2020-07-06,42936804,-61.855824767854074,-44.82006624041287,-46.17189286506702,-57.3172134041507,-66.99355602271457,-74.67779749356227,-77.67818998034083,-1110.9959037296146,-52.90456684426736,0.286
European Union,2020-07-06,447189915,28.02150023342557,28.02150023342557,28.02150023342557,28.02150023342557,28.02150023342557,28.02150023342557,28.02150023342557,756.5805063024904,28.02150023342557,120.143
North America,2020-07-06,370982987,1501.530040186276,1501.530040186276,1501.530040186276,1501.530040186276,1501.530040186276,1501.530040186276,1501.530040186276,3003.060080372552,1501.530040186276,531.571
Latin America and Caribbean,2020-07-13,655799753,4726.326030016919,4959.233466441484,4905.069941501275,4801.466197673044,4669.635668720621,4586.632997216098,4546.611503396343,200768.5024269508,4461.522276154463,2750.713
Asia,2020-07-13,4678052014,10837.04317235033,15988.033111707953,15145.319354511726,12203.071427765097,9107.991225404401,7009.497550285945,6342.298335806451,53279.996492092745,1065.5999298418549,1165.857
Oceania,2020-07-13,42936804,-65.58300293213571,-47.58386430539727,-49.12222233715196,-60.4038968873538,-70.6980541799521,-78.37819537978235,-84.48389774307931,-1183.595903729626,-56.36170970141076,0.286
European Union,2020-07-13,447189915,-41.864214052268046,-41.864214052268046,-41.864214052268046,-41.864214052268046,-41.864214052268046,-41.864214052268046,-41.864214052268046,-1130.3337794112372,-41.864214052268046,97.858
North America,2020-07-13,370982987,1710.4348020910331,1710.4348020910331,1710.4348020910331,1710.4348020910331,1710.4348020910331,1710.4348020910331,1710.4348020910331,3420.8696041820663,1710.4348020910331,788.7149999999999
Latin America and Caribbean,2020-07-20,655799753,4742.0412573947215,4963.67158992253,4917.214984994753,4802.893821499042,4653.049800084895,4556.707858995234,4528.262531215074,199015.64528409365,4422.569895202081,2946
Asia,2020-07-20,4678052014,11476.3070111674,16222.013588244967,15272.858501127457,12882.28738212497,9330.411142519371,7562.619591282738,6682.477027212791,53805.56792066406,1076.1113584132813,1408.43
Oceania,2020-07-20,42936804,-53.7257811114407,-34.76823937795479,-40.49415027520688,-49.9048582361904,-59.398565009192595,-68.51437194941371,-73.5006276326439,-935.1959037296182,-44.53313827283896,2.571
European Union,2020-07-20,447189915,-44.49278548085228,-44.49278548085228,-44.49278548085228,-44.49278548085228,-44.49278548085228,-44.49278548085228,-44.49278548085228,-1201.3052079830115,-44.49278548085228,94.716
North America,2020-07-20,370982987,1908.4348020910475,1908.4348020910475,1908.4348020910475,1908.4348020910475,1908.4348020910475,1908.4348020910475,1908.4348020910475,3816.869604182095,1908.4348020910475,818.286
Latin America and Caribbean,2020-07-27,655799753,4689.586456113409,4900.461674560302,4859.450416879036,4733.076214800828,4584.888989880657,4498.172930729881,4475.219740499254,195129.0381412365,4336.2008475830335,2972.573
Asia,2020-07-27,4678052014,12213.428822270247,16353.343252102619,15675.992919641652,13600.361584985,10314.24851793375,7855.917773471813,7401.664297727368,60396.56792066405,1207.931358413281,1397.715
Oceania,2020-07-27,42936804,-43.7938876622066,-26.866035118467817,-30.307154069488984,-39.95518177868626,-49.8739633905797,-59.19841392079018,-62.986905768117595,-723.9959037296142,-34.47599541569591,5.857
European Union,2020-07-27,447189915,810.2357859477142,810.2357859477142,810.2357859477142,810.2357859477142,810.2357859477142,810.2357859477142,810.2357859477142,21876.366220588287,810.2357859477142,81.572
North America,2020-07-27,370982987,1857.149087805291,1857.149087805291,1857.149087805291,1857.149087805291,1857.149087805291,1857.149087805291,1857.149087805291,3714.298175610582,1857.149087805291,1016.286
Latin America and Caribbean,2020-08-03,655799753,4452.641015706396,4611.096560687094,4580.447823903883,4490.323772938186,4366.8257497868835,4298.286142689035,4278.070271211493,186152.4471274117,4136.721047275815,2948.144
Asia,2020-08-03,4678052014,11396.437944932597,16996.614119495564,16292.398076582138,13478.422986971507,10308.156509777302,8202.43744404938,6913.905895697155,57636.627828498225,1152.7325565699646,1409.289
Oceania,2020-08-03,42936804,-52.66625788299638,-34.42182915426356,-37.407913033463366,-48.2153541121391,-58.24073379128532,-67.30173285175988,-70.94834505087518,-890.9700972780076,-42.42714748942893,9.715
European Union,2020-08-03,447189915,621.2004864085532,621.2004864085532,621.2004864085532,621.2004864085532,621.2004864085532,621.2004864085532,621.2004864085532,16772.413133030936,621.2004864085532,99.429
North America,2020-08-03,370982987,1745.1490878053335,1745.1490878053335,1745.1490878053335,1745.1490878053335,1745.1490878053335,1745.1490878053335,1745.1490878053335,3490.298175610667,1745.1490878053335,1052
Latin America and Caribbean,2020-08-10,655799753,4152.541732278149,4314.113406959443,4295.102336574168,4195.603917283271,4082.2332835241828,4015.5224269020655,4001.654354889623,173696.98284169746,3859.9329520377214,3085.288
Asia,2020-08-10,4678052014,11852.390718652385,17447.65120277666,17070.61875149492,13809.663151419607,10428.467420622374,8534.627574601236,6827.9723892607035,55163.34211421248,1103.2668422842496,1472.143
Oceania,2020-08-10,42936804,-40.67698631338112,-26.668637137605966,-28.932106068742446,-36.78260618558962,-46.87352435218249,-56.03863260104073,-59.72155485180023,-638.9700972780018,-30.42714748942866,14.286000000000001
European Union,2020-08-10,447189915,1560.8576292656876,1560.8576292656876,1560.8576292656876,1560.8576292656876,1560.8576292656876,1560.8576292656876,1560.8576292656876,42143.15599017357,1560.8576292656876,114.999
North America,2020-08-10,370982987,1832.0538497100763,1832.0538497100763,1832.0538497100763,1832.0538497100763,1832.0538497100763,1832.0538497100763,1832.0538497100763,3664.1076994201526,1832.0538497100763,1066.857
Latin America and Caribbean,2020-08-17,655799753,3880.8325223563206,4015.3215935474627,3987.074287705365,3914.1136058919747,3802.4637073365525,3749.7711796064727,3719.807483499415,161523.83998455468,3589.4186663234373,2872.427
Asia,2020-08-17,4678052014,12288.809558509933,18546.473203355315,17648.79778134238,14453.38861948284,11402.792134756693,8077.261598637749,7019.014549642053,56628.91354278396,1132.5782708556792,1501
Oceania,2020-08-17,42936804,-59.98007101723591,-42.66959397805137,-47.606587651314356,-55.75648062036609,-66.63945782607574,-75.64733624242379,-80.86243005075418,-1061.3700972780132,-50.54143320371491,15.286
European Union,2020-08-17,447189915,883.8576292657036,883.8576292657036,883.8576292657036,883.8576292657036,883.8576292657036,883.8576292657036,883.8576292657036,23864.155990173997,883.8576292657036,140.859
North America,2020-08-17,370982987,1706.4824211386474,1706.4824211386474,1706.4824211386474,1706.4824211386474,1706.4824211386474,1706.4824211386474,1706.4824211386474,3412.964842277295,1706.4824211386474,1010.1429999999999
Latin America and Caribbean,2020-08-24,655799753,3591.4300674566857,3710.2986458992295,3702.1469474670803,3635.136662571883,3532.4696101616955,3470.310037710689,3452.9771440223894,149172.41141312593,3314.942475847243,2861.428
Asia,2020-08-24,4678052014,12408.144636466186,18791.887807415085,17226.91556767359,14324.215899828865,11142.568601368856,8253.255075006931,7218.529283322571,51552.484971355356,1031.049699427107,1428.858
Oceania,2020-08-24,42936804,-71.7047576032492,-54.03644749474113,-58.87024373252691,-67.36759009500855,-78.6216396842004,-88.59899479673498,-91.84490706599894,-1304.3700972780018,-62.11286177514294,12.572000000000001
European Union,2020-08-24,447189915,532.369057837116,532.369057837116,532.369057837116,532.369057837116,532.369057837116,532.369057837116,532.369057837116,14373.964561602132,532.369057837116,144.286
North America,2020-08-24,370982987,1388.053849710066,1388.053849710066,1388.053849710066,1388.053849710066,1388.053849710066,1388.053849710066,1388.053849710066,2776.107699420132,1388.053849710066,961
Latin America and Caribbean,2020-08-31,655799753,3278.5492404510637,3422.470985924545,3404.006748366216,3329.7179803395593,3228.527301966494,3164.7522245174637,3157.484009089253,135725.66141312604,3016.1258091805785,2607.429
Asia,2020-08-31,4678052014,15730.064929345552,19296.47717598102,18296.75638725399,15730.064929345552,11167.86130644061,7252.441015151199,6241.270437755205,43113.19925706964,862.2639851413928,1552.999
Oceania,2020-08-31,42936804,-49.9971325465034,-36.60523750263117,-39.280082174617064,-46.58286669917213,-56.607088392255385,-66.75268644309918,-70.47812354358149,-890.3700972780083,-42.398576060857536,19.143
European Union,2020-08-31,447189915,658.4062006942647,658.4062006942647,658.4062006942647,658.4062006942647,658.4062006942647,658.4062006942647,658.4062006942647,17776.96741874515,658.4062006942647,124.286
North America,2020-08-31,370982987,1264.291944948146,1264.291944948146,1264.291944948146,1264.291944948146,1264.291944948146,1264.291944948146,1264.291944948146,2528.583889896292,1264.291944948146,916
Latin America and Caribbean,2020-09-07,655799753,2817.793642158639,2940.05027328066,2911.1384817849435,2838.069506267912,2726.5117969614553,2647.5675097006133,2608.6254461276367,111371.60159004224,2474.9244797787164,3187.284
Asia,2020-09-07,4678052014,15714.424887533734,21705.82495703856,19733.7286214997,16796.817229310218,12847.653152438506,7894.787442011489,7197.640851815759,33202.42659961952,664.0485319923904,1629.4309999999998
Oceania,2020-09-07,42936804,-52.478445063080464,-39.60515670875601,-41.63023080340332,-49.1849439870329,-59.59932381687448,-69.06370105121562,-71.71810864803697,-982.5165488909048,-46.786502328138326,16.429000000000002
European Union,2020-09-07,447189915,911.5478904023964,911.5478904023964,911.5478904023964,911.5478904023964,911.5478904023964,911.5478904023964,911.5478904023964,24611.793040864704,911.5478904023964,173
North America,2020-09-07,370982987,1103.5300401862416,1103.5300401862416,1103.5300401862416,1103.5300401862416,1103.5300401862416,1103.5300401862416,1103.5300401862416,2207.0600803724833,1103.5300401862416,806.571
Latin America and Caribbean,2020-09-14,655799753,2578.9100673474354,2704.145282927025,2671.472294633582,2593.5882655216096,2481.373150348324,2390.383220456623,2370.5610345608948,101022.6730186137,2244.9482893025265,2180.714
Asia,2020-09-14,4678052014,16855.60147819263,21341.056587228362,20152.468521684397,17510.11682124717,13654.36827051769,8529.550927434964,7223.847483892279,31160.712313905275,623.2142462781055,1772.144
Oceania,2020-09-14,42936804,-63.47456671795376,-47.81879295493036,-50.04537565331917,-59.10879412544379,-69.2329044010903,-78.87598252524904,-82.78559172299174,-1160.716548890908,-55.272216613852756,6.7139999999999995
European Union,2020-09-14,447189915,1055.8336046881218,1055.8336046881218,1055.8336046881218,1055.8336046881218,1055.8336046881218,1055.8336046881218,1055.8336046881218,28507.50732657929,1055.8336046881218,177.428
North America,2020-09-14,370982987,1118.053849710059,1118.053849710059,1118.053849710059,1118.053849710059,1118.053849710059,1118.053849710059,1118.053849710059,2236.107699420118,1118.053849710059,757.286
Latin America and Caribbean,2020-09-21,655799753,2575.63138682601,2678.731750984486,2648.76678416287,2575.63138682601,2478.642565706604,2391.400771369403,2365.627351515015,100682.28016147092,2237.3840035882426,2060.859
Asia,2020-09-21,4678052014,16126.388577082938,21622.553804815678,19558.40786581634,16690.33729427838,12656.045638244355,7694.74985334921,6821.831421819461,28985.631007569555,579.7126201513911,1819.57
Oceania,2020-09-21,42936804,-27.984936610560084,-15.915542694164797,-17.496398927481174,-22.72292967107691,-31.553823532138843,-40.2991844925486,-42.51807523655673,-503.11654889091295,-23.957930899567284,5.715
European Union,2020-09-21,447189915,635.1164618309842,635.1164618309842,635.1164618309842,635.1164618309842,635.1164618309842,635.1164618309842,635.1164618309842,17148.144469436575,635.1164618309842,295.573
North America,2020-09-21,370982987,1244.2443259005347,1244.2443259005347,1244.2443259005347,1244.2443259005347,1244.2443259005347,1244.2443259005347,1244.2443259005347,2488.4886518010694,1244.2443259005347,767.7149999999999
Latin America and Caribbean,2020-09-28,655799753,2334.2291237967015,2422.3412018445856,2389.334829514471,2334.2291237967015,2234.73762825532,2141.6167958703895,2124.0685533273736,91743.45873289942,2038.7435273977649,2093.857
Asia,2020-09-28,4678052014,16638.377981851503,20608.95703839294,20062.65803054849,16638.377981851503,12467.757300070574,8288.87734465603,7019.5946054757815,36212.05957899811,724.2411915799622,1724.712
Oceania,2020-09-28,42936804,-22.907069526674924,-8.668625963958728,-11.163201581270455,-18.171557043277783,-25.37564767897545,-30.972143021110682,-35.324991520637106,-405.91654889090876,-19.329359470995655,4
European Union,2020-09-28,447189915,874.1050332595471,874.1050332595471,874.1050332595471,874.1050332595471,874.1050332595471,874.1050332595471,874.1050332595471,23600.835898007772,874.1050332595471,341.286
North America,2020-09-28,370982987,1016.0062306624519,1016.0062306624519,1016.0062306624519,1016.0062306624519,1016.0062306624519,1016.0062306624519,1016.0062306624519,2032.0124613249038,1016.0062306624519,775.571
Latin America and Caribbean,2020-10-05,655799753,2518.6539728369835,2633.0444457650315,2620.4305447788265,2537.9654531166266,2441.7707725489395,2340.280894014216,2320.2062918749234,100188.23131354463,2226.4051403009917,2768.714
Asia,2020-10-05,4678052014,14438.46892681472,16990.85906550406,16289.426419200458,14438.46892681472,10775.20515232542,8108.663279849501,7183.048954210993,35986.6582733146,719.733165466292,1737.716
Oceania,2020-10-05,42936804,-42.10180317963037,-29.425836950959308,-30.542392037396908,-38.52712925286038,-47.59711257505056,-55.89757942376386,-60.34644751572619,-750.3765488909088,-35.7322166138528,1.857
European Union,2020-10-05,447189915,883.2482283440334,883.2482283440334,883.2482283440334,883.2482283440334,883.2482283440334,883.2482283440334,883.2482283440334,23847.7021652889,883.2482283440334,386.144
North America,2020-10-05,370982987,1331.95861161483,1331.95861161483,1331.95861161483,1331.95861161483,1331.95861161483,1331.95861161483,1331.95861161483,2663.91722322966,1331.95861161483,759.8570000000001
Latin America and Caribbean,2020-10-12,655799753,2405.082805083956,2511.5943072181262,2500.9715566217346,2424.845933866897,2324.2783884068317,2242.14395107233,2210.8536012755067,96590.26702783036,2146.45037839623,1834.003
Asia,2020-10-12,4678052014,12640.174432355569,16454.03977405077,15187.127877972285,12877.121045611386,10209.044939825206,7687.63912570005,7048.329866037265,41998.08684474316,839.9617368948632,1647.573
Oceania,2020-10-12,42936804,-30.740701726723394,-18.3065457372851,-19.110144577526395,-25.43086152089791,-33.60125508753177,-39.2278266215855,-43.23536466381433,-560.7765488909091,-26.703645185281385,0.571
European Union,2020-10-12,447189915,1470.3625140583185,1470.3625140583185,1470.3625140583185,1470.3625140583185,1470.3625140583185,1470.3625140583185,1470.3625140583185,39699.7878795746,1470.3625140583185,504.286
North America,2020-10-12,370982987,1001.9109925671979,1001.9109925671979,1001.9109925671979,1001.9109925671979,1001.9109925671979,1001.9109925671979,1001.9109925671979,2003.8219851343958,1001.9109925671979,744.5719999999999
Latin America and Caribbean,2020-10-19,655799753,2515.4389492637733,2644.2769771428216,2630.255500274063,2564.773260288255,2462.614932172596,2379.0167719590354,2353.2107677766085,102638.1598849732,2280.8479974438487,1684.142
Asia,2020-10-19,4678052014,12787.326914458186,15799.212377757865,14860.938672787097,12787.326914458186,10071.447490686658,7665.018671078747,7164.287263132299,41841.6582733146,836.8331654662919,1551
Oceania,2020-10-19,42936804,-18.289325384552555,-4.832354674373312,-6.603615624137126,-12.634255215279175,-20.634443143973872,-25.404599655453893,-30.360027441180776,-304.57654889090844,-14.503645185281353,0.857
European Union,2020-10-19,447189915,2818.99108548689,2818.99108548689,2818.99108548689,2818.99108548689,2818.99108548689,2818.99108548689,2818.99108548689,76112.75930814602,2818.99108548689,699.429
North America,2020-10-19,370982987,1195.625278281476,1195.625278281476,1195.625278281476,1195.625278281476,1195.625278281476,1195.625278281476,1195.625278281476,2391.250556562952,1195.625278281476,782.7149999999999
Latin America and Caribbean,2020-10-26,655799753,2488.7559140459016,2589.8027046901275,2571.979269790217,2508.4994292025663,2415.5799342644373,2328.941413403003,2315.6473082211073,101466.01702783034,2254.80037839623,1712.859
Asia,2020-10-26,4678052014,12848.217769330357,15900.13661845366,15088.48078244579,12848.217769330357,9986.900119561,7833.797710231215,6798.463578709899,53753.622559028874,1075.0724511805774,1474.714
Oceania,2020-10-26,42936804,-25.128874875870036,-11.81593876098191,-13.530017414695621,-19.622006353570693,-28.25782252426224,-35.26942116051468,-38.166095538761624,-428.77654889091025,-20.417930899567153,0
European Union,2020-10-26,447189915,3942.228228344033,3942.228228344033,3942.228228344033,3942.228228344033,3942.228228344033,3942.228228344033,3942.228228344033,106440.1621652889,3942.228228344033,1092.714
North America,2020-10-26,370982987,1325.5300401862494,1325.5300401862494,1325.5300401862494,1325.5300401862494,1325.5300401862494,1325.5300401862494,1325.5300401862494,2651.0600803724988,1325.5300401862494,864.8570000000001
Latin America and Caribbean,2020-11-02,655799753,2543.3176744250222,2678.9290041973886,2656.555389696701,2583.488545056433,2489.5657179798877,2408.06046062116,2392.4566058940823,104462.70873289942,2321.393527397765,1609.144
Asia,2020-11-02,4678052014,13713.550079870716,17246.76366338691,16481.796018271056,13849.608522164559,10255.531167462294,8127.128850713698,7621.563037553819,66847.30957899807,1336.9461915799614,1438.431
Oceania,2020-11-02,42936804,-8.144632263402732,6.735821180026284,4.80100744573238,-1.4649410878256335,-9.884775096988129,-15.097623249997994,-16.960664691184732,-91.85654889090814,-4.374121375757531,0.286
European Union,2020-11-02,447189915,4905.79836659288,4905.79836659288,4905.79836659288,4905.79836659288,4905.79836659288,4905.79836659288,4905.79836659288,132456.55589800776,4905.79836659288,1731.998
North America,2020-11-02,370982987,1934.7205163767478,1934.7205163767478,1934.7205163767478,1934.7205163767478,1934.7205163767478,1934.7205163767478,1934.7205163767478,3869.4410327534956,1934.7205163767478,902.857
Latin America and Caribbean,2020-11-09,655799753,2574.8517406798715,2675.3820208626107,2660.2113309440642,2589.560759435316,2492.300671111693,2410.6180346027754,2396.7741324242734,104887.20873289941,2330.826860731098,1551.003
Asia,2020-11-09,4678052014,14386.653589431626,17158.959949898657,16285.622270756607,14386.653589431626,10569.540351953094,8680.528086586597,7348.363314423394,72713.02386471235,1454.260477294247,1573.144
Oceania,2020-11-09,42936804,5.075650519822298,19.867849451941765,18.0113549035418,11.517481123575909,3.452521355920285,-1.4431313550702405,-3.66908319842594,185.94345110909128,8.85445005281387,0
European Union,2020-11-09,447189915,5208.569795164311,5208.569795164311,5208.569795164311,5208.569795164311,5208.569795164311,5208.569795164311,5208.569795164311,140631.3844694364,5208.569795164311,2734.43
North America,2020-11-09,370982987,1999.0062306624338,1999.0062306624338,1999.0062306624338,1999.0062306624338,1999.0062306624338,1999.0062306624338,1999.0062306624338,3998.0124613248677,1999.0062306624338,1124.429
Latin America and Caribbean,2020-11-16,655799753,2622.8475409854527,2739.014670807595,2701.21876671234,2624.3661592874273,2540.1876021695707,2462.574067461191,2453.06672446889,106648.31587575655,2369.9625750168125,1695.145
Asia,2020-11-16,4678052014,12842.657016348885,16162.936342435662,15581.530180036094,13294.474936506742,9739.043772554127,7526.003777848101,6944.494950147839,66810.88100756943,1336.2176201513887,1551.572
Oceania,2020-11-16,42936804,-15.10176912025601,-0.33326685615019874,-2.7566414601451723,-8.737420119037472,-16.480444263731755,-22.252628508709144,-25.71490679690153,-239.45654889090815,-11.402692804328959,0
European Union,2020-11-16,447189915,5081.855509450024,5081.855509450024,5081.855509450024,5081.855509450024,5081.855509450024,5081.855509450024,5081.855509450024,137210.09875515066,5081.855509450024,3106.142
North America,2020-11-16,370982987,2365.101468757662,2365.101468757662,2365.101468757662,2365.101468757662,2365.101468757662,2365.101468757662,2365.101468757662,4730.202937515324,2365.101468757662,1238.857
Latin America and Caribbean,2020-11-23,655799753,2668.176782893374,2764.1162289295266,2737.8602142360887,2668.176782893374,2578.861364081696,2508.004076474444,2491.688968379208,108559.95873289941,2412.4435273977647,1557.428
Asia,2020-11-23,4678052014,13382.445604090915,16723.373656231062,16291.275545650016,13748.48704772571,10065.953551783086,7689.1053297995495,7325.936107540616,57546.23815042665,1150.924763008533,1728.144
Oceania,2020-11-23,42936804,-11.038009080751104,4.367090609355319,1.5677296720642044,-5.263226501800756,-12.385562137791357,-18.446047296217497,-22.051552151433082,-155.45654889090844,-7.402692804328973,0
European Union,2020-11-23,447189915,4973.869795164311,4973.869795164311,4973.869795164311,4973.869795164311,4973.869795164311,4973.869795164311,4973.869795164311,134294.4844694364,4973.869795164311,3389.572
North America,2020-11-23,370982987,2610.8633735195904,2610.8633735195904,2610.8633735195904,2610.8633735195904,2610.8633735195904,2610.8633735195904,2610.8633735195904,5221.726747039181,2610.8633735195904,1701.714
Latin America and Caribbean,2020-11-30,655799753,2777.893127740626,2888.916269854407,2876.514236667508,2795.3790715467685,2711.9858434076978,2638.2901795671623,2630.3287829855967,113578.31587575655,2523.9625750168125,1762.715
Asia,2020-11-30,4678052014,13275.294823124881,16355.42170028573,15899.599837445703,13419.45994346073,10070.273027867035,7881.313135883603,7400.847054690248,46541.05957899807,930.8211915799615,1704.147
Oceania,2020-11-30,42936804,16.356709374133377,33.08972879057162,30.69812843061578,23.80238171621084,16.056720127163363,11.074507122159268,8.59310351266624,416.9434511090919,19.8544500528139,0.143
European Union,2020-11-30,447189915,4790.412652307167,4790.412652307167,4790.412652307167,4790.412652307167,4790.412652307167,4790.412652307167,4790.412652307167,129341.14161229352,4790.412652307167,3569.429
North America,2020-11-30,370982987,3054.8633735195904,3054.8633735195904,3054.8633735195904,3054.8633735195904,3054.8633735195904,3054.8633735195904,3054.8633735195904,6109.726747039181,3054.8633735195904,1665.8580000000002
Latin America and Caribbean,2020-12-07,655799753,3309.1048918652577,3429.7632917171377,3399.5638755195955,3324.5986074639777,3234.6846178811525,3166.219902097027,3154.0845487023835,136352.91303927163,3030.064734206036,1807.999
Asia,2020-12-07,4678052014,13151.481940708218,15884.736723758015,15347.190984733821,13151.481940708218,9827.517618246715,7627.083771473965,6902.783092841516,50690.53500142515,1013.810700028503,1617.716
Oceania,2020-12-07,42936804,-6.264759239376515,10.408865782972276,7.978427112385118,1.5274100053776796,-6.385839042881151,-11.589681155285675,-13.840439828125803,-58.09267792316762,-2.766317996341315,0
European Union,2020-12-07,447189915,4467.434126961545,4467.434126961545,4467.434126961545,4467.434126961545,4467.434126961545,4467.434126961545,4467.434126961545,120620.72142796172,4467.434126961545,3415.426
North America,2020-12-07,370982987,3578.8157544719625,3578.8157544719625,3578.8157544719625,3578.8157544719625,3578.8157544719625,3578.8157544719625,3578.8157544719625,7157.631508943925,3578.8157544719625,2425.857
Latin America and Caribbean,2020-12-14,655799753,3527.2502226568245,3649.309620165544,3625.381266004841,3544.814813395041,3454.2502993850903,3388.3799777135873,3369.9232405373223,145573.09161070015,3234.957591348892,1853.145
Asia,2020-12-14,4678052014,12713.372876307414,15420.565123568524,14463.295074818994,12713.372876307414,9581.259442117802,7605.676744799378,6987.929135342545,46028.39214428229,920.5678428856459,1509.712
Oceania,2020-12-14,42936804,10.623992189119418,26.537200085108985,25.184583988889482,18.090169700781892,9.454719714005588,5.025737020379817,2.0102277913234703,264.107322076832,12.57653914651581,0.143
European Union,2020-12-14,447189915,3880.091269818689,3880.091269818689,3880.091269818689,3880.091269818689,3880.091269818689,3880.091269818689,3880.091269818689,104762.46428510461,3880.091269818689,3300.144
North America,2020-12-14,370982987,3586.1490878053046,3586.1490878053046,3586.1490878053046,3586.1490878053046,3586.1490878053046,3586.1490878053046,3586.1490878053046,7172.298175610609,3586.1490878053046,2678.428
Latin America and Caribbean,2020-12-21,655799753,3971.96667652943,4107.098085185165,4082.468953518051,4005.8124313021335,3916.0989652220724,3847.0390516660063,3835.1697797894803,166361.2701821287,3696.917115158416,2043.5729999999999
Asia,2020-12-21,4678052014,11895.88999192767,14818.756601930736,13882.988204851059,11895.88999192767,8790.365662083557,6625.511723354453,6186.492995707476,38874.6421442823,777.4928428856459,1447.858
Oceania,2020-12-21,42936804,14.16951509827353,29.145257746987102,28.36017679227695,20.624375250072877,12.516727767157976,7.5082790896224125,2.9479837949186805,340.90732207683294,16.23368200365871,0.143
European Union,2020-12-21,447189915,3337.5484126758315,3337.5484126758315,3337.5484126758315,3337.5484126758315,3337.5484126758315,3337.5484126758315,3337.5484126758315,90113.80714224745,3337.5484126758315,3484.8579999999997
North America,2020-12-21,370982987,3712.244325900519,3712.244325900519,3712.244325900519,3712.244325900519,3712.244325900519,3712.244325900519,3712.244325900519,7424.488651801038,3712.244325900519,2906.714
Latin America and Caribbean,2020-12-28,655799753,4663.518950603707,4855.646029930582,4811.210702501814,4702.694621990986,4555.266022886455,4467.7225476668345,4430.616370142569,190512.25372948003,4233.6056384328895,1879
Asia,2020-12-28,4678052014,11618.716973997934,14590.134369733598,13387.484924960047,11618.716973997934,8426.615617264055,6121.221209580596,5614.368142849269,36972.25249741227,739.4450499482455,1351
Oceania,2020-12-28,42936804,8.108558142890312,21.640544485279054,19.145455312741998,13.116134632823552,5.701586771771538,-1.0602744471382264,-4.112334245057798,213.67867039141885,10.175174780543754,0.143
European Union,2020-12-28,447189915,3535.128077566501,3535.128077566501,3535.128077566501,3535.128077566501,3535.128077566501,3535.128077566501,3535.128077566501,95448.45809429552,3535.128077566501,2771.713
North America,2020-12-28,370982987,4110.762356413698,4110.762356413698,4110.762356413698,4110.762356413698,4110.762356413698,4110.762356413698,4110.762356413698,8221.524712827397,4110.762356413698,2479
Latin America and Caribbean,2021-01-04,655799753,5490.865385426695,5836.969636625442,5761.088896512609,5635.695429463438,5430.783827306074,5344.600421411408,5307.944541376596,216210.85096160727,4804.685576924606,2136.572
Asia,2021-01-04,4678052014,10314.168724138544,12160.549701253232,11203.41057189943,10314.168724138544,6908.257257359951,4665.879100941513,3525.5597845609464,15910.636909928377,318.21273819856754,1241.284
Oceania,2021-01-04,42936804,6.067119998058235,20.654757428394266,17.09221172742677,11.88610932252276,3.8194467625309327,-1.4144256990735407,-3.6610341585722375,182.9491573048416,8.711864633563886,0
European Union,2021-01-04,447189915,2751.6459778205126,2751.6459778205126,2751.6459778205126,2751.6459778205126,2751.6459778205126,2751.6459778205126,2751.6459778205126,74294.44140115385,2751.6459778205126,3025.713
North America,2021-01-04,370982987,3591.3904192892082,3591.3904192892082,3591.3904192892082,3591.3904192892082,3591.3904192892082,3591.3904192892082,3591.3904192892082,7182.7808385784165,3591.3904192892082,2857.429
Latin America and Caribbean,2021-01-11,655799753,6717.09409308342,7091.210417381835,7042.106106939257,6893.134390457067,6685.501097473019,6571.58890475211,6554.516111216779,269721.8509615539,5993.818910256754,2879.287
Asia,2021-01-11,4678052014,10032.06018275457,11346.101302262457,10356.586569191266,10032.06018275457,6156.84599717123,3920.6664194235614,3213.3648631458273,15858.136909919935,317.1627381983987,1086.14
Oceania,2021-01-11,42936804,-11.076296387554413,14.635053639507387,7.773374903127811,-2.0602008503031746,-11.258145065060132,-16.23835567022252,-17.783685076445604,-174.05084269638277,-8.288135366494418,0
European Union,2021-01-11,447189915,2548.7481250803203,2548.7481250803203,2548.7481250803203,2548.7481250803203,2548.7481250803203,2548.7481250803203,2548.7481250803203,68816.19937716865,2548.7481250803203,3368.428
North America,2021-01-11,370982987,3559.1966463955987,3559.1966463955987,3559.1966463955987,3559.1966463955987,3559.1966463955987,3559.1966463955987,3559.1966463955987,7118.393292791197,3559.1966463955987,3437.143
Latin America and Caribbean,2021-01-18,655799753,7207.359037808369,7556.8531046524495,7494.279598683446,7338.306529495457,7141.443709960663,7039.899065152269,6977.401969174125,288597.3152472685,6413.273672161522,3046.142
Asia,2021-01-18,4678052014,9030.549905278665,10323.706493944153,9451.693959778344,9030.549905278665,5459.430115645148,2509.6949035361818,1790.9528973354752,13761.827386110397,275.23654772220794,1186.571
Oceania,2021-01-18,42936804,19.09695129762424,34.90585734020707,30.172189056397592,25.247283296181546,17.777345110811403,12.810862647233195,8.907470872888714,464.4491573036178,22.116626538267514,0
European Union,2021-01-18,447189915,2961.7481250803203,2961.7481250803203,2961.7481250803203,2961.7481250803203,2961.7481250803203,2961.7481250803203,2961.7481250803203,79967.19937716865,2961.7481250803203,3323.569
North America,2021-01-18,370982987,3234.9347416336514,3234.9347416336514,3234.9347416336514,3234.9347416336514,3234.9347416336514,3234.9347416336514,3234.9347416336514,6469.869483267303,3234.9347416336514,3463.572
Latin America and Caribbean,2021-01-25,655799753,6046.440514513925,6433.535832712784,6332.507331370612,6158.869871510038,5994.667729684846,5874.046188815745,5851.570511303036,239660.02953298273,5325.778434066283,3663.716
Asia,2021-01-25,4678052014,7790.254853943453,10119.938041086978,9061.520227752913,7790.254853943453,5318.123897856471,2440.2347590951713,2034.7827825341683,14423.136909919922,288.4627381983984,1128.144
Oceania,2021-01-25,42936804,-10.912745300813436,4.098630457266189,1.3516553714428579,-3.5285876467987958,-11.952845554248778,-17.705911671365534,-19.734611867208802,-172.5508426963812,-8.216706795065772,0
European Union,2021-01-25,447189915,2288.4862203184107,2288.4862203184107,2288.4862203184107,2288.4862203184107,2288.4862203184107,2288.4862203184107,2288.4862203184107,61789.12794859709,2288.4862203184107,3518.716
North America,2021-01-25,370982987,2724.2561702051084,2724.2561702051084,2724.2561702051084,2724.2561702051084,2724.2561702051084,2724.2561702051084,2724.2561702051084,5448.512340410217,2724.2561702051084,3336.714
Latin America and Caribbean,2021-02-01,655799753,5364.1238079218165,5697.000425919032,5591.008546486147,5448.7694446045725,5298.676674203765,5183.08692824424,5151.805399472507,210083.58610377487,4668.524135639442,3738
Asia,2021-02-01,4678052014,7357.014229808566,9848.526632441917,8515.168653222692,7357.014229808566,4707.819117088913,2126.4526798296565,1609.0865897308038,8869.30752276842,177.3861504553684,1165.429
Oceania,2021-02-01,42936804,16.501583055213295,40.82157929290153,36.64532068991693,25.914554559052885,16.468245945739135,11.344313433135644,9.631247055951293,403.44915730361885,19.21186463350566,0
European Union,2021-02-01,447189915,1327.9700237507936,1327.9700237507936,1327.9700237507936,1327.9700237507936,1327.9700237507936,1327.9700237507936,1327.9700237507936,35855.19064127143,1327.9700237507936,3371.714
North America,2021-02-01,370982987,2400.93474163368,2400.93474163368,2400.93474163368,2400.93474163368,2400.93474163368,2400.93474163368,2400.93474163368,4801.86948326736,2400.93474163368,3323.857
Latin America and Caribbean,2021-02-08,655799753,4585.16487752094,4866.782681088791,4807.962193802499,4656.628088635918,4508.0212927056655,4395.645037794907,4367.3888610583135,176766.2289609178,3928.1384213537285,3382.427
Asia,2021-02-08,4678052014,7302.333778805929,9108.982351301802,8133.914620896184,7302.333778805929,4375.758226710295,2302.457312037791,1573.6685192980506,3304.4860941970064,66.08972188394013,955.571
Oceania,2021-02-08,42936804,-0.44385253250582324,18.3429087255359,16.37069061925119,10.388873837636755,-0.44385253250582324,-4.250179290779772,-5.700439798707862,85.94915730362032,4.09281701445811,0
European Union,2021-02-08,447189915,868.1819285127052,868.1819285127052,868.1819285127052,868.1819285127052,868.1819285127052,868.1819285127052,868.1819285127052,23440.91206984304,868.1819285127052,3161.571
North America,2021-02-08,370982987,1574.2561702050943,1574.2561702050943,1574.2561702050943,1574.2561702050943,1574.2561702050943,1574.2561702050943,1574.2561702050943,3148.5123404101887,1574.2561702050943,3020
Latin America and Caribbean,2021-02-15,655799753,4348.109999930301,4574.348575867067,4543.26018060153,4403.615717251468,4248.338789474698,4156.227082564968,4117.901914662976,166607.05038948904,3702.378897544201,3667.429
Asia,2021-02-15,4678052014,7674.700129776941,9100.716479519455,8251.286086615395,7674.700129776941,4485.87298117611,2523.613935171745,2055.8413947397903,13443.117046577945,268.8623409315589,854.716
Oceania,2021-02-15,42936804,-15.478831028706777,12.01360480888728,6.971212843836121,-2.8664657359644177,-15.478831028706777,-17.994480962697388,-20.349044332865184,-199.5508426963794,-9.502421080779971,0.143
European Union,2021-02-15,447189915,722.4438332746062,722.4438332746062,722.4438332746062,722.4438332746062,722.4438332746062,722.4438332746062,722.4438332746062,19505.983498414367,722.4438332746062,2753.716
North America,2021-02-15,370982987,1396.946646395574,1396.946646395574,1396.946646395574,1396.946646395574,1396.946646395574,1396.946646395574,1396.946646395574,2793.893292791148,1396.946646395574,2471.286
Latin America and Caribbean,2021-02-22,655799753,4108.731126538593,4378.128946933217,4302.978309853094,4160.739593026799,4023.4869072318093,3938.2408426476254,3910.689114234074,156781.19324663188,3484.0265165918195,3171.716
Asia,2021-02-22,4678052014,8115.352393988353,9547.096495595782,9038.122334457124,8115.352393988353,5145.958022440022,2526.9178070496832,2066.908389836226,7208.950379911287,144.17900759822575,858.429
Oceania,2021-02-22,42936804,-0.4886765558566601,26.725960707725882,22.115833992019517,12.340779363844879,-0.4886765558566601,-3.146118352862458,-5.222741244796386,94.94915730362068,4.521388443029556,0.143
European Union,2021-02-22,447189915,251.34859517936877,251.34859517936877,251.34859517936877,251.34859517936877,251.34859517936877,251.34859517936877,251.34859517936877,6786.412069842957,251.34859517936877,2378.2889999999998
North America,2021-02-22,370982987,1069.1609321098704,1069.1609321098704,1069.1609321098704,1069.1609321098704,1069.1609321098704,1069.1609321098704,1069.1609321098704,2138.3218642197407,1069.1609321098704,2013.857
Latin America and Caribbean,2021-03-01,655799753,5301.423691704572,5515.864823026065,5459.299912784995,5364.237216469222,5219.774102451475,5129.093117883542,5092.383431929629,211622.71445176317,4702.726987816959,3242.429
Asia,2021-03-01,4678052014,9481.923249904912,10442.178469443883,9511.476531694872,9481.923249904912,5654.408335734613,3057.8539026252815,2532.402679648533,24463.146233859068,489.26292467718133,959.861
Oceania,2021-03-01,42936804,1.9507268286192851,28.120932106983645,23.313347139643135,13.92929672152261,1.9507268286192851,-1.3826858747256108,-4.270138107253018,161.0561797754982,7.669341894071343,0.571
European Union,2021-03-01,447189915,-102.06356036465914,-102.06356036465914,-102.06356036465914,-102.06356036465914,-102.06356036465914,-102.06356036465914,-102.06356036465914,-2755.716129845797,-102.06356036465914,2189.428
North America,2021-03-01,370982987,703.6014083003336,703.6014083003336,703.6014083003336,703.6014083003336,703.6014083003336,703.6014083003336,703.6014083003336,1407.2028166006671,703.6014083003336,2056.286
Latin America and Caribbean,2021-03-08,655799753,5251.098631277149,5475.441360635691,5423.2182456317505,5316.886576854545,5167.835193254221,5060.7443717156,5018.009157551784,208410.8930231916,4631.353178293147,3303.571
Asia,2021-03-08,4678052014,8984.160977782309,10736.491353912485,10015.050964841224,8984.160977782309,5849.419026440871,3401.4551205821176,2604.928081942594,25564.098614811406,511.2819722962281,827.717
Oceania,2021-03-08,42936804,8.33853926351868,49.973460936916794,42.500868163700986,24.46494177388797,8.33853926351868,-0.3036393399900739,-2.276960437201096,200.0561797754997,9.526484751214271,0.286
European Union,2021-03-08,447189915,579.810725349623,579.810725349623,579.810725349623,579.810725349623,579.810725349623,579.810725349623,579.810725349623,15654.889584439821,579.810725349623,2168.9990000000003
North America,2021-03-08,370982987,399.0061097477557,399.0061097477557,399.0061097477557,399.0061097477557,399.0061097477557,399.0061097477557,399.0061097477557,798.0122194955114,399.0061097477557,1622.143
Latin America and Caribbean,2021-03-15,655799753,5171.411294954581,5393.0535384416835,5351.270087578126,5238.365212908178,5083.644235462756,4994.14949787345,4957.628035402788,204271.32159462024,4539.362702102672,3519.002
Asia,2021-03-15,4678052014,10877.893876485905,11866.964083437164,11339.403312589488,10877.893876485905,6850.159013866508,4859.940952671292,3431.814021156422,37141.47956719234,742.8295913438468,828.286
Oceania,2021-03-15,42936804,12.691043735156496,61.52766042385499,52.11777067245635,31.156973339999553,12.691043735156496,6.40322563817393,4.682655199944677,266.056179775499,12.66934189407138,1.429
European Union,2021-03-15,447189915,1232.0678682067623,1232.0678682067623,1232.0678682067623,1232.0678682067623,1232.0678682067623,1232.0678682067623,1232.0678682067623,33265.832441582585,1232.0678682067623,2133.714
North America,2021-03-15,370982987,285.33944308108346,285.33944308108346,285.33944308108346,285.33944308108346,285.33944308108346,285.33944308108346,285.33944308108346,570.6788861621669,285.33944308108346,1294.5720000000001
Latin America and Caribbean,2021-03-22,655799753,5194.909492993313,5483.442111615723,5400.569285786883,5282.171778856705,5129.185709528253,5016.965554995447,5003.096239329518,205580.92873747757,4568.465083055057,3924.716
Asia,2021-03-22,4678052014,10672.365161702653,12780.859701111838,11844.434942669728,10672.365161702653,6936.1972306669695,4333.037191649553,2829.3104833981447,17301.492737544828,346.02985475089656,1266
Oceania,2021-03-22,42936804,9.06646279548757,53.25031634302361,47.27082851166938,27.10099886544687,9.06646279548757,-0.5854474946963867,-7.193427205927241,133.45617977549554,6.355056179785502,1.429
European Union,2021-03-22,447189915,1898.6107253496325,1898.6107253496325,1898.6107253496325,1898.6107253496325,1898.6107253496325,1898.6107253496325,1898.6107253496325,51262.489584440074,1898.6107253496325,2234.859
North America,2021-03-22,370982987,404.19658593823135,404.19658593823135,404.19658593823135,404.19658593823135,404.19658593823135,404.19658593823135,404.19658593823135,808.3931718764627,404.19658593823135,1049.857
Latin America and Caribbean,2021-03-29,655799753,5360.777102377864,5677.8719718980365,5586.092328366261,5456.447220544602,5269.567099679811,5192.06604614606,5137.983709734382,208995.14302319166,4644.336511626481,4446.144
Asia,2021-03-29,4678052014,12122.486396107746,17175.36958969952,15532.249467704385,12188.105673930591,9045.160643771871,6299.340113037415,4850.742020610832,33713.18979892942,674.2637959785884,1127.286
Oceania,2021-03-29,42936804,64.32753397936433,76.35226427957585,70.89571972829381,64.32753397936433,23.216113501174565,8.18771284496541,0.9184738327256861,282.25617977549786,13.440770465499899,1.857
European Union,2021-03-29,447189915,2445.430725349618,2445.430725349618,2445.430725349618,2445.430725349618,2445.430725349618,2445.430725349618,2445.430725349618,66026.6295844397,2445.430725349618,2499.998
North America,2021-03-29,370982987,277.7203954620541,277.7203954620541,277.7203954620541,277.7203954620541,277.7203954620541,277.7203954620541,277.7203954620541,555.4407909241082,277.7203954620541,1020.7149999999999
Latin America and Caribbean,2021-04-05,655799753,5913.705746512356,6222.894458341191,6154.838995315123,5989.100204356946,5801.175210059437,5694.3580532226815,5666.50002457129,227113.77228586457,5046.972717463657,4367.287
Asia,2021-04-05,4678052014,19012.522077101996,25412.9656776468,23883.521914656478,20108.68770297194,14196.413528987456,9424.479517074591,7572.2505926788235,56758.39433932785,1135.1678867865571,1502.715
Oceania,2021-04-05,42936804,8.002432228580261,52.85645619466076,44.317775390801,18.399534096809447,0.13439304678389138,-16.77766184104847,-29.149372181547502,-213.94382022450088,-10.18780096307147,2.571
European Union,2021-04-05,447189915,2396.6311554571507,2396.6311554571507,2396.6311554571507,2396.6311554571507,2396.6311554571507,2396.6311554571507,2396.6311554571507,64709.04119734307,2396.6311554571507,2361.572
North America,2021-04-05,370982987,631.910871652528,631.910871652528,631.910871652528,631.910871652528,631.910871652528,631.910871652528,631.910871652528,1263.821743305056,631.910871652528,820.1429999999999
Latin America and Caribbean,2021-04-12,655799753,6275.368255967757,6685.810024427551,6565.8112718528455,6402.416113090031,6202.586462617219,6110.075274545558,6001.16140732783,237756.05800015017,5283.467955558893,5587.573
Asia,2021-04-12,4678052014,22798.4216143834,31144.484570309643,28927.43845212023,24133.908546512277,17047.26577421182,12376.529814612451,9572.347695358367,55575.53719647072,1111.5107439294145,2153.002
Oceania,2021-04-12,42936804,26.680703178280446,75.87391701049907,68.85933621633463,45.02182511939337,26.680703178280446,10.919325978379202,2.489667293451892,449.656179775495,21.41219903692833,0.42899999999999994
European Union,2021-04-12,447189915,2318.7054411714407,2318.7054411714407,2318.7054411714407,2318.7054411714407,2318.7054411714407,2318.7054411714407,2318.7054411714407,62605.0469116289,2318.7054411714407,2650.427
North America,2021-04-12,370982987,413.1013478430019,413.1013478430019,413.1013478430019,413.1013478430019,413.1013478430019,413.1013478430019,413.1013478430019,826.2026956860038,413.1013478430019,1017.857
Latin America and Caribbean,2021-04-19,655799753,6258.324118358233,6617.927614748627,6556.986253205906,6365.725331999494,6184.424176551585,6066.240896196914,6010.243523365597,233393.84371443602,5186.5298603208,5086.571
Asia,2021-04-19,4678052014,23960.526175637064,43796.72195915268,39485.99056790352,30457.69027984163,21933.60679485264,17527.39607176921,16570.196276062852,65824.251482185,1316.4850296437,2855.005
Oceania,2021-04-19,42936804,19.300217925800958,75.6933958363549,63.29871365574154,39.26761992105244,19.300217925800958,10.129501418036055,0.6771955568656676,278.6561797754979,13.269341894071328,3.143
European Union,2021-04-19,447189915,2293.2482983142936,2293.2482983142936,2293.2482983142936,2293.2482983142936,2293.2482983142936,2293.2482983142936,2293.2482983142936,61917.70405448593,2293.2482983142936,2470.288
North America,2021-04-19,370982987,768.0537287953821,768.0537287953821,768.0537287953821,768.0537287953821,768.0537287953821,768.0537287953821,768.0537287953821,1536.1074575907642,768.0537287953821,774.286
Latin America and Caribbean,2021-04-26,655799753,6181.666217045829,6629.549896903899,6558.707920585836,6311.404403594944,6075.008233508651,5958.6485502882815,5908.621793211738,225030.48657157877,5000.677479368417,4929.857
Asia,2021-04-26,4678052014,34409.10373131832,68385.75633534162,64589.80041642486,46888.19849794386,30739.167096477766,22152.050617260862,19640.88379221252,67069.39433932783,1341.3878867865567,4166.0019999999995
Oceania,2021-04-26,42936804,26.784795409788362,83.43635959050054,70.26319243777992,48.215931730980444,26.784795409788362,18.46411625347143,11.172488347663517,486.25617977549814,23.155056179785625,2.143
European Union,2021-04-26,447189915,1937.2482983142877,1937.2482983142877,1937.2482983142877,1937.2482983142877,1937.2482983142877,1937.2482983142877,1937.2482983142877,52305.70405448577,1937.2482983142877,2280.1440000000002
North America,2021-04-26,370982987,753.1013478430343,753.1013478430343,753.1013478430343,753.1013478430343,753.1013478430343,753.1013478430343,753.1013478430343,1506.2026956860686,753.1013478430343,762.857
Latin America and Caribbean,2021-05-03,655799753,4974.304338007509,5451.846701466139,5342.88344634091,5106.964564976568,4892.035311577099,4758.156183930264,4717.306138894148,170015.62941812794,3778.1250981806206,4765.572
Asia,2021-05-03,4678052014,50646.91402731208,83732.99852258546,79612.8174745554,60018.53090114506,39067.738277478384,25189.481861011747,21626.340085359538,71571.72238950313,1431.4344477900627,5149.572
Oceania,2021-05-03,42936804,33.43308326682096,92.55378388576729,81.1464824340553,55.253910770077866,33.43308326682096,26.420163658375554,18.497562507713873,677.6561797754944,32.26934189407116,1.429
European Union,2021-05-03,447189915,1711.4856562252069,1711.4856562252069,1711.4856562252069,1711.4856562252069,1711.4856562252069,1711.4856562252069,1711.4856562252069,46210.112718080585,1711.4856562252069,1926.286
North America,2021-05-03,370982987,406.4823002239314,406.4823002239314,406.4823002239314,406.4823002239314,406.4823002239314,406.4823002239314,406.4823002239314,812.9646004478628,406.4823002239314,731.858
Latin America and Caribbean,2021-05-10,655799753,4843.079912704986,5321.573786665059,5213.688451956519,5006.566986318861,4777.61077137833,4651.911499950888,4597.952040356639,161787.16513241373,3595.2703362758607,4310.428
Asia,2021-05-10,4678052014,58421.55901207265,86473.34037812149,80698.7411335271,63489.6573612345,39361.66233200634,25118.96677971784,21303.840844436752,71767.1509609317,1435.343019218634,5556.427
Oceania,2021-05-10,42936804,6.229082265093646,65.64461533279483,51.300626933850324,28.974422890048505,6.229082265093646,-2.7119294743568294,-9.661619009098539,42.25617977549608,2.0121990369283846,1
European Union,2021-05-10,447189915,1118.957084796635,1118.957084796635,1118.957084796635,1118.957084796635,1118.957084796635,1118.957084796635,1118.957084796635,30211.841289509142,1118.957084796635,1637.429
North America,2021-05-10,370982987,482.720395462087,482.720395462087,482.720395462087,482.720395462087,482.720395462087,482.720395462087,482.720395462087,965.440790924174,482.720395462087,694.2850000000001
Latin America and Caribbean,2021-05-17,655799753,4801.524766599199,5201.935369058899,5130.821623994152,4925.426048580156,4693.21941892525,4540.190496151597,4515.443590222327,153528.05798955646,3411.7346219901438,4164.287
Asia,2021-05-17,4678052014,59520.204390717794,87331.34889039946,85871.33111806598,67334.66132034366,42661.14458771666,24189.79091323586,20373.518177625585,71509.72238950312,1430.1944477900624,5606.998
Oceania,2021-05-17,42936804,16.480535883980888,76.90778563354912,65.20383523504465,39.048371274427325,16.480535883980888,9.248314698930956,1.974114824931413,253.45617977549432,12.069341894071158,2.2859999999999996
European Union,2021-05-17,447189915,748.2142276537799,748.2142276537799,748.2142276537799,748.2142276537799,748.2142276537799,748.2142276537799,748.2142276537799,20201.784146652055,748.2142276537799,1269.996
North America,2021-05-17,370982987,584.387062128746,584.387062128746,584.387062128746,584.387062128746,584.387062128746,584.387062128746,584.387062128746,1168.774124257492,584.387062128746,622
Latin America and Caribbean,2021-05-24,655799753,4789.984961992244,5153.641301947264,5100.145453703208,4892.099790183248,4660.350448953187,4512.476307010145,4472.043632300943,150586.02227527072,3346.3560505615715,4019.142
Asia,2021-05-24,4678052014,54515.696534200375,85975.15448401964,83433.47948378451,66065.81151301964,41561.00052269402,18596.783370403835,15201.051434847926,67129.29381807454,1342.5858763614908,5520.431
Oceania,2021-05-24,42936804,16.563046195605388,78.33970683384285,55.88674625430679,38.39030291318665,16.563046195605388,7.663641382618632,0.7062082308687802,254.6561797754979,12.126484751214186,2.857
European Union,2021-05-24,447189915,397.1856562251996,397.1856562251996,397.1856562251996,397.1856562251996,397.1856562251996,397.1856562251996,397.1856562251996,10724.012718080388,397.1856562251996,965.429
North America,2021-05-24,370982987,359.4823002239299,359.4823002239299,359.4823002239299,359.4823002239299,359.4823002239299,359.4823002239299,359.4823002239299,718.9646004478598,359.4823002239299,594.7139999999999
Latin America and Caribbean,2021-05-31,655799753,4774.8483488175825,5097.105933911108,5040.3800429296525,4844.4908133823965,4610.470285895522,4443.184251793173,4429.37084420301,148363.66513241356,3296.970336275857,4099.283
Asia,2021-05-31,4678052014,43543.38877592838,80913.22097313491,77396.80911075813,62075.1988993915,34968.542936231395,17396.6237725698,12956.412476557676,63105.12367360959,1262.1024734721918,4823.86
Oceania,2021-05-31,42936804,-7.383102205746988,42.05024715535054,37.01946542966941,16.91411725539745,-7.383102205746988,-20.016615359205808,-23.490570104120895,-92.3089887639678,-4.3956661316175145,0.857
European Union,2021-05-31,447189915,607.2599419394803,607.2599419394803,607.2599419394803,607.2599419394803,607.2599419394803,607.2599419394803,607.2599419394803,16396.018432365967,607.2599419394803,791.856
North America,2021-05-31,370982987,428.8156335572718,428.8156335572718,428.8156335572718,428.8156335572718,428.8156335572718,428.8156335572718,428.8156335572718,857.6312671145436,428.8156335572718,635.1429999999999
Latin America and Caribbean,2021-06-07,655799753,4796.7390746284545,5095.876990753383,5049.508419813032,4883.558743988609,4649.858196315018,4484.9664671530545,4450.861852267131,150393.37872688362,3342.075082819636,4407.286
Asia,2021-06-07,4678052014,37859.07902960549,71924.10166352552,65013.43632015542,48585.566299817256,26578.99614450375,15875.988882252732,13460.500582471488,48178.66125308694,963.5732250617388,4054.713
Oceania,2021-06-07,42936804,-6.507779321127499,49.712317874849404,39.68237028240485,18.52917040141982,-6.59025243257337,-19.645479988169797,-23.48417008781596,-96.50898876396779,-4.595666131617514,0.286
European Union,2021-06-07,447189915,496.7749649809562,496.7749649809562,496.7749649809562,496.7749649809562,496.7749649809562,496.7749649809562,496.7749649809562,13412.924054485818,496.7749649809562,589.43
North America,2021-06-07,370982987,471.4458975575409,520.7233335203371,517.6663240279937,501.57500045301265,471.4458975575409,462.88388526287207,460.5282789709494,911.2937728935829,455.6468864467914,492.14200000000005
Latin America and Caribbean,2021-06-14,655799753,4721.110277671541,5045.093000059076,4982.766341848124,4814.993328626068,4574.438016580848,4424.483656051102,4391.9926578133145,148384.45015545507,3297.432225676779,4172.712
Asia,2021-06-14,4678052014,22240.961252227815,41337.32681434333,40002.80635302636,31162.14095181314,20016.008693167452,13780.538070685827,11098.964755521652,40975.08982451558,819.5017964903116,4880.143
Oceania,2021-06-14,42936804,0.9672760448272583,65.67543498877893,59.812383292053546,29.601445256944817,0.9672760448272583,-3.788452247277049,-6.429687473555057,62.49101123603219,2.975762439811057,0.143
European Union,2021-06-14,447189915,821.8321078381005,821.8321078381005,821.8321078381005,821.8321078381005,821.8321078381005,821.8321078381005,821.8321078381005,22189.46691162871,821.8321078381005,539.003
North America,2021-06-14,370982987,414.2065860798108,465.13372702950915,459.8637688458152,442.3179140932033,414.2065860798108,411.94216690533005,408.3126437910435,822.0556776556115,411.02783882780574,378.572
Latin America and Caribbean,2021-06-21,655799753,4641.5085950450675,4890.926707000015,4849.366551537261,4721.774504508675,4491.68974888457,4328.776194942043,4315.025474712374,146891.84301259788,3264.263178057731,4112.573
Asia,2021-06-21,4678052014,22056.128450565455,40531.000155697155,35975.8551647733,28462.572916776637,17357.151532230488,11240.035522407603,9727.922591211904,40104.80411022985,802.0960822045971,2965.288
Oceania,2021-06-21,42936804,-15.37258587777632,46.137059908422444,39.55480779634434,12.959866870022411,-15.37258587777632,-26.048144124475137,-34.99049274890772,-214.10898876396692,-10.195666131617472,1.572
European Union,2021-06-21,447189915,646.2035364095182,646.2035364095182,646.2035364095182,646.2035364095182,646.2035364095182,646.2035364095182,646.2035364095182,17447.49548305699,646.2035364095182,381.43
North America,2021-06-21,370982987,389.86198448328696,441.57443678520326,438.0522202654391,418.56016934688313,389.86198448328696,388.05353401510035,382.9848774326339,772.1509157508286,386.0754578754143,325.85799999999995
Latin America and Caribbean,2021-06-28,655799753,4405.727252224687,4689.667070343111,4644.994623578593,4504.501312301109,4287.115574482417,4157.972920247221,4138.200094779448,143072.950155455,3179.398892343445,3751
Asia,2021-06-28,4678052014,22189.04000780714,38669.42748014224,34267.70677441935,27451.86471355921,18002.68137617884,11279.93679254719,9746.508357456369,42262.51839594415,845.2503679188831,2491.574
Oceania,2021-06-28,42936804,-10.96165813102598,61.451954066338565,48.26137038579628,18.592799835834825,-10.96165813102598,-23.179139351040444,-28.85479964207866,-211.7089887639678,-10.0813804173318,1.429
European Union,2021-06-28,447189915,317.74781806775553,389.82196998901946,384.7486466762993,350.4330747155721,309.335541561314,281.3194630997408,273.31223421346766,7119.26045898064,263.67631329557923,336.429
North America,2021-06-28,370982987,510.8877936112333,565.4036104238903,558.5864435863303,536.2362621346753,510.8877936112333,502.72472314714724,497.6729843258969,1005.2937728935885,502.64688644679427,296.143
Latin America and Caribbean,2021-07-05,655799753,3327.892677762019,3636.5084211940152,3613.1752485509132,3449.5750383377613,3252.136861128764,3132.1962619307233,3107.4868338986334,99684.97527772491,2215.2216728383314,3532.429
Asia,2021-07-05,4678052014,23014.690049529905,45176.140457673675,37838.172651853405,28752.999957793472,18760.4256005109,12501.854236066387,8752.827212192844,38245.81975371379,764.9163950742758,2326.857
Oceania,2021-07-05,42936804,14.76323443690917,125.13377873329101,91.99653880222694,52.88076648498227,14.76323443690917,7.4326990342103345,-0.23614103293789557,28.291011236031984,1.3471910112396184,2.286
European Union,2021-07-05,447189915,71.11839491839648,167.22848348594457,156.93025758231101,100.2913404666406,61.831903603393854,39.17392080783682,27.07699573139967,1210.2221147887742,44.82304128847312,266.141
North America,2021-07-05,370982987,395.5372489919958,442.9611955773771,436.62564379909935,423.3849509976766,395.5372489919958,394.10843573503035,391.6638274238721,805.1032967031258,402.5516483515629,236.428
Latin America and Caribbean,2021-07-12,655799753,3232.2925883238145,3746.01828269445,3694.0317081369735,3377.2081403736574,3074.6589980013778,2925.895832092463,2889.783272610733,72049.68193903945,1601.1040430897656,2999.856
Asia,2021-07-12,4678052014,23639.743797093794,42504.792051315344,37527.732995181395,29499.49816176108,20052.927892365722,13104.167248930424,9868.250131076116,43079.248325142355,861.5849665028471,3107.715
Oceania,2021-07-12,42936804,24.550989507502365,125.79613008831477,102.65889324626009,56.81050666286953,24.550989507502365,8.890207339977414,2.748249469980472,16.89101123603313,0.80433386838253,4.714
European Union,2021-07-12,447189915,507.9446218591394,599.2834051813321,571.1067800830432,531.4401722868181,494.1882368194635,477.9268206658814,466.3934163959783,12939.639257645678,479.2458984313214,160.715
North America,2021-07-12,370982987,471.3589796178635,509.8096441650472,501.1352713797259,488.3390503941921,471.0510421787406,453.59263551315587,444.2052069392443,946.7223443222285,473.36117216111427,270.14300000000003
Latin America and Caribbean,2021-07-19,655799753,3231.3280174606384,3596.6248778766208,3512.294326688609,3313.6339921973513,3044.936402969333,2932.620137257002,2884.984282085492,77412.39622475386,1720.275471661197,2783.143
Asia,2021-07-19,4678052014,23351.63047427379,40162.28757400247,35469.82165471932,28992.071021033335,20421.778433241634,13829.76460413234,10824.657307550959,41693.24832514237,833.8649665028473,3009.43
Oceania,2021-07-19,42936804,30.236275469551966,123.63255211986525,100.46088900196953,62.0191387043708,30.236275469551966,8.211847461524039,1.5334793761518224,-70.7089887639696,-3.3670947030461713,9.429
European Union,2021-07-19,447189915,362.86079166190103,450.3515885353295,438.7946601516626,389.71393198760614,355.02068709168935,328.25094029147533,322.97855477570954,8938.018230358746,331.0377122355091,113.859
North America,2021-07-19,370982987,697.4645063335156,733.2510085460676,719.6856539293035,706.4570983205823,689.1623574140377,678.8192026685729,671.8666922185656,1377.1032967031715,688.5516483515858,267.572
Latin America and Caribbean,2021-07-26,655799753,3155.3758198327196,3608.2218430869066,3497.9422506719725,3290.68300301493,3044.701553268233,2900.9820971583977,2860.0652616089797,86139.39622475379,1914.2088049945285,2519.8559999999998
Asia,2021-07-26,4678052014,26360.686259699884,43786.92274718539,40870.387117735416,30842.395462845918,22227.536201171184,15099.44936247031,11445.776564961556,57174.53403942808,1143.4906807885616,4015.717
Oceania,2021-07-26,42936804,25.098161068032756,124.47249270899768,98.64263323457344,51.24463066929064,19.75754507995184,1.844423320855133,-9.170418272565481,-107.9089887639681,-5.138523274474672,13.428
European Union,2021-07-26,447189915,116.74714446339689,241.72694206120573,208.52395997413362,142.19158915490405,97.7225157939797,64.561806100061375,59.285114299408754,1583.6212801177383,58.65264000436068,130.575
North America,2021-07-26,370982987,1190.2364262095332,1228.9508355363175,1193.9045951077394,1190.2364262095332,1118.5718912944126,1104.4416941208538,1103.357590764932,2213.9604395603487,1106.9802197801744,284.429
Latin America and Caribbean,2021-08-02,655799753,2860.429795526868,3289.6071824273517,3155.3915181285897,2925.461950728292,2706.127044959115,2608.762486422406,2561.563668294932,71851.20182444998,1596.6933738766663,2498.712
Asia,2021-08-02,4678052014,26069.33272630632,43365.42338496735,41530.99912940432,31916.58333074891,22974.616539890285,15436.082832043314,12695.736673676474,65086.20974808344,1301.724194961669,4294.143
Oceania,2021-08-02,42936804,26.889755815046804,130.8537255131044,106.56458329058307,60.647273517422185,26.889755815046804,9.759421056127113,7.3484249146046094,-41.908988763966896,-1.9956661316174713,8.858
European Union,2021-08-02,447189915,402.27517310260544,533.2582858356814,502.88473214198467,428.50313519221316,371.94411461758324,339.5734365907619,325.5449858477733,8715.127379636086,322.78249554207724,182.143
North America,2021-08-02,370982987,1613.2092866009289,1656.3573519317633,1614.1537507611008,1613.2092866009289,1534.2536815867818,1518.8738198968726,1513.690222199931,3037.674725274543,1518.8373626372716,400
Latin America and Caribbean,2021-08-09,655799753,3372.3894884713563,3989.1904721433934,3810.238877723328,3468.006193612778,2948.3784075915196,2641.51286233877,2588.7311496836996,44899.30174418852,997.762260981967,2330
Asia,2021-08-09,4678052014,24450.938407406426,42892.46946184676,39862.47421157626,31102.505626777187,22593.594591709123,14618.965216331975,11442.70892744965,63222.0556549852,1264.441113099704,4664.287
Oceania,2021-08-09,42936804,0.3772913013151651,116.21363168443624,79.56590286808652,41.176823901916336,0.3772913013151651,-10.650962021984459,-19.441299437098117,-355.708988763969,-16.938523274474715,11.571
European Union,2021-08-09,447189915,581.0172801490902,717.9904381160483,689.8274719803597,619.7304161365154,545.1620558016399,499.6831921119398,486.92774619372,11217.650128414958,415.46852327462807,232.143
North America,2021-08-09,370982987,1988.5673946011566,2030.334986072311,1991.1165358786964,1988.5673946011566,1907.051926862452,1889.6378023159857,1884.630473141362,3784.8175824175146,1892.4087912087573,533.714
Latin America and Caribbean,2021-08-16,655799753,3536.7106535790967,4058.8414961202116,3968.358339672831,3599.4269282848577,3077.3930080773416,2793.101969471949,2647.871133258553,43994.694601331365,977.6598800295859,2128.143
Asia,2021-08-16,4678052014,24115.815104589343,40183.150715883836,37983.09627158938,31502.116120260132,21747.599331328234,13844.694413824122,11528.780832232102,77529.48422641377,1550.5896845282753,4834.861
Oceania,2021-08-16,42936804,15.037589121283467,147.06594486439272,113.1859116926403,54.6302898266715,15.037589121283467,-4.721967829005766,-8.695945857506441,0,0,14.429
European Union,2021-08-16,447189915,962.904611772612,962.904611772612,962.904611772612,962.904611772612,654.3469697813382,593.0144171528412,555.374350834142,12741.967415732961,471.9247191012208,272.142
North America,2021-08-16,370982987,2320.714853005018,2353.9972459970345,2320.714853005018,2320.714853005018,2236.663391884566,2222.212323317763,2214.30126967064,4446.341391941257,2223.1706959706285,748.714
Latin America and Caribbean,2021-08-23,655799753,3454.0947499140243,4293.052947034471,4090.7122414293476,3638.3680895214725,3007.0334227796084,2533.9387899396897,2443.785297548232,43426.408887045654,965.0313086010145,2191.43
Asia,2021-08-23,4678052014,23671.168477288604,38859.16027204464,37395.267065804706,31025.597027101892,21756.485800294282,15245.6183401567,12683.06043972497,105510.0556549854,2110.201113099708,4544.43
Oceania,2021-08-23,42936804,12.914945459919311,101.82710992988054,94.4538240002612,50.823225744396076,12.3694368016024,-4.210513259506618,-6.450768753078225,0,0,9.572
European Union,2021-08-23,447189915,760.759166016087,978.6296620097779,945.3967449984668,859.8650063460477,694.5254815561618,598.5846426725577,579.5774967089002,10260.780096309754,380.02889245591683,409.144
North America,2021-08-23,370982987,2279.781767002167,3016.209348390893,2557.0971983256136,2279.781767002167,989.8605989476074,646.4936640877651,555.1688573158157,0,0,1090.2849999999999
Latin America and Caribbean,2021-08-30,655799753,3237.663579018252,4244.3782906280085,4087.3794808977614,3467.682728067499,2926.036245191116,2482.53145801966,2346.401743322214,42112.54924438595,935.8344276530211,2004.57
Asia,2021-08-30,4678052014,21972.93219880599,37122.5270274758,34586.71673834202,29103.428696021838,19639.330423196487,13920.415924544386,10486.715952095497,87689.3413692709,1753.786827385418,4165.428
Oceania,2021-08-30,42936804,11.987027439387123,91.36222335285144,78.57273566262204,45.58460212659455,11.987027439387123,-8.188587569114567,-13.357412810406412,0,0,9.572
European Union,2021-08-30,447189915,306.68328925484604,833.5401603099599,772.5736858076051,521.2196625189299,248.21960700820583,69.72794726147572,33.33158832355291,161.8006420545462,5.9926163723906,463.713
North America,2021-08-30,370982987,2356.033502164589,3211.3664839234402,2871.9293626342355,2356.033502164589,1179.0912460117336,775.3579704335677,609.7434523042959,0,0,1382.7150000000001
Latin America and Caribbean,2021-09-06,655799753,4101.2488463209775,6433.835730344707,5580.032318273301,4286.954636907601,2957.8407337700874,2320.576644031516,1969.7052641362802,0,0,1935.001
Asia,2021-09-06,4678052014,21605.755895312384,40718.378713676066,38538.74339028917,30270.84397060552,18517.81487670557,11334.026685668752,8312.512250883095,0,0,3834.288
Oceania,2021-09-06,42936804,25.604401366989524,97.58565596107157,86.83362216244483,48.34787656502157,17.86314726248447,-5.67098192282058,-14.369037562701894,0,0,11.143
European Union,2021-09-06,447189915,334.0233386359192,1324.1111300317034,1162.6704075386397,631.6153627320226,328.23186611294676,70.55800825819053,-1.2007385190794224,0,0,500.714
North America,2021-09-06,370982987,2401.544582713891,3281.645662736221,2729.4288568235916,2401.544582713891,1240.9412832535859,832.9398880619377,633.6518320447177,0,0,1413.8580000000002
Latin America and Caribbean,2021-09-13,655799753,3793.5082071883476,6637.708972496827,5310.310014358501,4048.044709127619,2725.459614921924,2024.1086693482678,1851.8707592449334,0,0,1676.429
Asia,2021-09-13,4678052014,20577.977529741915,35426.08394314345,34733.075986671036,25235.942887946705,16377.957325003721,9601.779096509781,7144.519980047986,0,0,3322.002
Oceania,2021-09-13,42936804,24.177465500109037,94.67827618562714,72.77390914534497,45.66710858345553,15.911629279580978,-8.425679464604029,-16.305673471241423,0,0,10.285
European Union,2021-09-13,447189915,437.77646897806204,1385.2839808725594,1102.2199517409385,633.8566065165895,268.2908108096512,37.861345147921554,-58.5402219646639,0,0,506.002
North America,2021-09-13,370982987,2710.9647074578033,3474.6996355187116,2872.4353331791963,2710.9647074578033,1313.933642754204,955.6938412068503,832.1417336777641,0,0,1904.4279999999999
Latin America and Caribbean,2021-09-20,655799753,3708.7830986786794,6637.868800357223,5220.808333275727,3982.467812603871,2620.5750900275625,1885.681773856454,1726.5957568023941,0,0,1614.998
Asia,2021-09-20,4678052014,20027.2236344842,32666.44029823849,31151.720460699926,23297.296846450114,14944.873603085327,8521.396585541559,6217.218534025465,0,0,2823.001
Oceania,2021-09-20,42936804,33.27111986710718,97.42264302842904,86.3221575023084,54.54902799231937,25.662281499334327,-0.5998896418018228,-4.166787136339831,0,0,17.143
European Union,2021-09-20,447189915,530.9886311372492,1316.2299448231647,1136.446890168206,666.0905556522199,322.0549680787403,18.90389481810981,-40.26245013663509,0,0,551.859
North America,2021-09-20,370982987,2849.0714450094297,3428.0602639071717,3121.1747457638567,2849.0714450094297,1353.8380446258793,1003.9351224425392,900.9058642325214,0,0,1986.143
Latin America and Caribbean,2021-09-26,655799753,3646.592263507818,6645.256837518397,5215.7208888355635,3972.5779701123756,2659.4878182084453,1893.8392321925514,1767.1006763454063,0,0,1508.999
Asia,2021-09-26,4678052014,19579.147310759134,32438.466742964898,31102.437622697224,22941.01323050014,14843.07647871132,8390.12066166293,6778.929877699368,0,0,2250.575
Oceania,2021-09-26,42936804,36.352613139706314,107.59307721022998,88.58967589159032,57.890225821302124,28.006096485857604,6.6913754363026,-4.314721376671515,0,0,17.858
European Union,2021-09-26,447189915,464.69137827837994,1335.261936143501,1113.8847184772803,676.5534718209108,321.4848669618561,37.51709926759781,-23.452106795393128,0,0,583.427
North America,2021-09-26,370982987,2847.8760268783135,3432.2398272318433,3123.4155830314658,2847.8760268783135,1367.6304408753804,1010.0795378713242,864.9854633390536,0,0,2023
