custom_regions,date,population,cumulative_estimated_daily_excess_deaths,cumulative_estimated_daily_excess_deaths_ci_95_top,cumulative_estimated_daily_excess_deaths_ci_90_top,cumulative_estimated_daily_excess_deaths_ci_50_top,cumulative_estimated_daily_excess_deaths_ci_50_bot,cumulative_estimated_daily_excess_deaths_ci_90_bot,cumulative_estimated_daily_excess_deaths_ci_95_bot,cumulative_estimated_daily_excess_deaths_raw_estimate,cumulative_daily_excess_deaths,cumulative_daily_covid_deaths
Latin America and Caribbean,2020-01-01,655799753,-23.99001727726494,90.48953896966087,54.9040290359924,4.947088871900085,-36.75803990205789,-65.48180640290167,-76.49660931709188,0,0,0
Asia,2020-01-01,4678052014,-5713.359807169791,-3880.899501652143,-4137.346469577135,-5713.359807169791,-7911.372088809044,-9085.40878807631,-9743.471446611939,-353128.6491626982,-7062.572983253963,0
Oceania,2020-01-01,42936804,-29.514031955948504,52.27260555575485,28.944607530003772,2.5125838786992905,-29.514031955948504,-53.64491832753044,-68.33213727300875,0,0,0
European Union,2020-01-01,447189915,-2.509028432612825,-0.35789816078103376,-0.4186627622821169,-0.9315494263012187,-2.509028432612825,-2.7382030758033173,-3.0299317926506784,0,0,0
North America,2020-01-01,370982987,0,0,0,0,0,0,0,0,0,0
Latin America and Caribbean,2020-01-06,655799753,-42.89298764624563,186.83291451676098,130.7984493414314,23.049932768785943,-70.3784602679956,-127.04026355552867,-155.94418039293112,0,0,0
Asia,2020-01-06,4678052014,-11414.93744922893,-7815.354548309644,-8320.548603042742,-11363.196728991908,-15849.677321919735,-18099.745021202667,-19247.35075258347,-706257.2983253964,-14125.145966507926,0
Oceania,2020-01-06,42936804,-59.02806391189701,100.43258429648344,57.21018772997555,5.0176927212448215,-59.02806391189701,-107.27732609960614,-136.66427129048685,0,0,0
European Union,2020-01-06,447189915,-2.509028432612825,-0.35789816078103376,-0.4186627622821169,-0.9315494263012187,-2.509028432612825,-2.7382030758033173,-3.0299317926506784,0,0,0
North America,2020-01-06,370982987,0,0,0,0,0,0,0,0,0,0
Latin America and Caribbean,2020-01-13,655799753,-36.40920704365383,441.452410285813,353.123883182381,114.71499362030309,-75.09104030936953,-161.35425794511653,-225.82723769925008,0,0,0
Asia,2020-01-13,4678052014,-18611.433310570923,-13044.502051857053,-14236.510572999126,-18611.433310570923,-25505.87131892658,-29620.60407034418,-30178.50100625551,-1146170.234509156,-22923.404690183117,0
Oceania,2020-01-13,42936804,-88.54688306116887,147.92460924747797,83.65659883325377,6.551452430671023,-88.54688306116887,-161.06427539938065,-209.34663120959573,0,0,0
European Union,2020-01-13,447189915,-2.509028432612825,-0.35789816078103376,-0.4186627622821169,-0.9315494263012187,-2.509028432612825,-2.7382030758033173,-3.0299317926506784,0,0,0
North America,2020-01-13,370982987,0,0,0,0,0,0,0,0,0,0
Latin America and Caribbean,2020-01-20,655799753,-67.5887626137986,526.0434804226699,368.36730808530314,106.80408324457704,-141.89073346027985,-243.4390304303547,-309.7813011574862,0,0,0
Asia,2020-01-20,4678052014,-28277.54234112695,-20484.652318465236,-21636.95640895477,-27204.315017096935,-36954.648421785234,-41803.03668278857,-43674.528705109544,-1689653.7754632726,-33793.07550926545,0
Oceania,2020-01-20,42936804,-118.29431959564666,222.64052824836926,117.51644544862593,9.446624244043555,-118.29431959564666,-206.48279367959498,-274.5362391589307,0,0,0
European Union,2020-01-20,447189915,-2.509028432612825,-0.35789816078103376,-0.4186627622821169,-0.9315494263012187,-2.509028432612825,-2.7382030758033173,-3.0299317926506784,0,0,0
North America,2020-01-20,370982987,0,0,0,0,0,0,0,0,0,0
Latin America and Caribbean,2020-01-27,655799753,-834.2702284240839,-194.32774661159436,-315.8980999711245,-631.8078984187325,-934.5708898658233,-1075.896667277046,-1158.3219274061507,-33266.63207121566,-739.258490471459,0
Asia,2020-01-27,4678052014,-32587.088213077535,-18541.953489680214,-21321.484886398444,-29888.444907816604,-44483.28449692418,-52040.6473433652,-54535.94928640591,-2012000.3614615947,-40240.007229231895,0
Oceania,2020-01-27,42936804,-158.2645374629018,308.705331766436,185.5318719944001,3.4239324974605014,-158.2645374629018,-300.8951211839088,-358.89611350720196,-234.21266422866537,-11.152984010888828,0
European Union,2020-01-27,447189915,-3569.6905996514847,-3567.539469379653,-3567.600233981154,-3568.1131206451732,-3569.6905996514847,-3569.9197742946753,-3570.2115030115224,-96313.90242290954,-3567.181571218872,0
North America,2020-01-27,370982987,-3736.720064725116,-3736.720064725116,-3736.720064725116,-3736.720064725116,-3736.720064725116,-3736.720064725116,-3736.720064725116,-7473.440129450232,-3736.720064725116,0
Latin America and Caribbean,2020-02-03,655799753,-605.0718636288766,131.20978736086107,-75.78978673794884,-406.85954167970567,-776.9423121139062,-961.7234655944643,-1027.9802836819051,-23646.979798721266,-525.4884399715836,0
Asia,2020-02-03,4678052014,-26729.127297734896,-5069.0789571373925,-10038.978260890653,-22658.502082673087,-44040.239567194454,-54535.85427172807,-58501.079515801655,-1799161.06804124,-35983.2213608248,343
Oceania,2020-02-03,42936804,-195.26746320832254,359.32714181718546,210.568346954546,9.388624452153321,-195.26746320832254,-360.6090124502505,-428.87086265904486,-407.124716666455,-19.386891269831192,0
European Union,2020-02-03,447189915,-9027.06190946875,-9024.910779196918,-9024.97154379842,-9025.484430462438,-9027.06190946875,-9027.291084111941,-9027.582812828789,-243662.92778797573,-9024.552881036137,0
North America,2020-02-03,370982987,-5955.940129450232,-5955.940129450232,-5955.940129450232,-5955.940129450232,-5955.940129450232,-5955.940129450232,-5955.940129450232,-11911.880258900464,-5955.940129450232,0
Latin America and Caribbean,2020-02-10,655799753,-893.5414691002522,-39.28222143813248,-224.6853456190537,-630.5428026027728,-1108.0713685913088,-1327.671608832377,-1407.079712592427,-35866.57752622701,-797.0350561383779,0
Asia,2020-02-10,4678052014,-32312.298101321885,-2385.7599115998514,-8901.06058288807,-26837.2298213982,-53285.50851945135,-67292.91154457822,-71257.90273462002,-2119823.5175512466,-42396.47035102493,929.999
Oceania,2020-02-10,42936804,-134.98689972067365,478.2021691562484,322.74445897786734,115.99229339210655,-134.98689972067365,-321.976940193313,-388.2892108139182,1474.4632308957575,70.21253480455988,0
European Union,2020-02-10,447189915,-13830.599885952714,-13828.448755680882,-13828.509520282383,-13829.022406946402,-13830.599885952714,-13830.829060595903,-13831.12078931275,-373358.4531530427,-13828.0908575201,0
North America,2020-02-10,370982987,-8334.326860842013,-8334.326860842013,-8334.326860842013,-8334.326860842013,-8334.326860842013,-8334.326860842013,-8334.326860842013,-16668.653721684026,-8334.326860842013,0
Latin America and Caribbean,2020-02-17,655799753,-1344.8764554782106,-363.35238531832687,-606.7052282911857,-1094.80837614451,-1643.6186285561553,-1932.2904577515042,-1992.348655199085,-56777.17525373289,-1261.7150056385085,0
Asia,2020-02-17,4678052014,-44211.914310366476,-5418.774895858607,-11731.269640561066,-36248.56390677826,-71776.33058083849,-88443.40112415249,-98525.90250398169,-2711669.738124358,-54233.39476248716,1783.999
Oceania,2020-02-17,42936804,-101.65209342472035,557.236796338348,404.7711938886833,181.5152047521153,-108.64148772659829,-329.49595473101454,-380.47298962423747,2750.551178457973,130.97862754561777,0
European Union,2020-02-17,447189915,-21225.80452910334,-21223.65339883151,-21223.71416343301,-21224.22705009703,-21225.80452910334,-21226.033703746532,-21226.325432463378,-573028.9785181097,-21223.295500670727,1.001
North America,2020-02-17,370982987,-10127.713592233797,-10127.713592233797,-10127.713592233797,-10127.713592233797,-10127.713592233797,-10127.713592233797,-10127.713592233797,-20255.427184467593,-10127.713592233797,0
Latin America and Caribbean,2020-02-24,655799753,-2304.3758305405804,-1286.7967202355599,-1436.4896373372926,-2028.9623974281412,-2723.5977044562424,-3003.0129753935366,-3195.00394102795,-99478.25549502292,-2210.627899889398,0
Asia,2020-02-24,4678052014,-55576.69847233074,-10793.988857407898,-15055.209709153823,-46816.41931498814,-87510.47023403818,-106661.63233660164,-124206.42511380182,-3243800.1029553423,-64876.00205910684,2536.002
Oceania,2020-02-24,42936804,-25.890088520270343,728.8003597437115,539.8209048307821,299.7134293190323,-40.124088069200894,-279.2376352289888,-344.5958110601614,4951.388283323331,235.78039444396813,0
European Union,2020-02-24,447189915,-28467.717690901904,-28465.56656063007,-28465.627325231573,-28466.140211895592,-28467.717690901904,-28467.946865545095,-28468.23859426194,-768560.6338866709,-28465.20866246929,8.001
North America,2020-02-24,370982987,-10587.266990292248,-10587.266990292248,-10587.266990292248,-10587.266990292248,-10587.266990292248,-10587.266990292248,-10587.266990292248,-21174.533980584496,-10587.266990292248,0
Latin America and Caribbean,2020-03-02,655799753,-1597.9830433697534,-517.80235260108,-640.9707073555305,-1357.3769780038774,-2167.958732603866,-2646.583355914535,-2815.8158648568024,-70523.86086454269,-1567.1969081009486,0
Asia,2020-03-02,4678052014,-77377.15890251068,-37971.2465564337,-41489.71945196294,-72672.85696166357,-116816.8054883002,-147893.40641027174,-164410.39081064935,-4116945.596216012,-82338.91192432023,2933.994
Oceania,2020-03-02,42936804,-51.776864145188675,786.7098117896045,553.9372674966162,286.88010127723777,-65.98587073951356,-352.0319220877162,-426.67769789228606,4998.068570119238,238.00326524377326,1.001
European Union,2020-03-02,447189915,-32575.398157009822,-32573.24702673799,-32573.307791339492,-32573.82067800351,-32575.398157009822,-32575.627331653013,-32575.91906036986,-879468.0064715847,-32572.889128577208,55.00599999999999
North America,2020-03-02,370982987,-10518.131067962315,-10518.131067962315,-10518.131067962315,-10518.131067962315,-10518.131067962315,-10518.131067962315,-10518.131067962315,-21036.26213592463,-10518.131067962315,5.999
Latin America and Caribbean,2020-03-09,655799753,-916.0702328299508,278.5571782284392,137.295140707096,-662.2316970334008,-1663.210518396986,-2300.428324212712,-2532.385546847296,-42223.46623406252,-938.2992496458338,1.001
Asia,2020-03-09,4678052014,-83384.23180767258,-51231.3470867367,-55473.80522422025,-83384.23180767258,-130444.43881988287,-165784.42778164515,-185925.39181451537,-4332505.486313281,-86650.1097262656,3348.989
Oceania,2020-03-09,42936804,-68.66380807271466,855.9545685378002,590.9446250824112,287.99761136895523,-86.76177735261861,-403.4886243132368,-505.48437258462053,5275.748856915139,251.22613604357807,3.0029999999999997
European Union,2020-03-09,447189915,-27999.278623117756,-27997.127492845924,-27997.188257447426,-27997.701144111445,-27999.278623117756,-27999.507797760947,-27999.799526477793,-755912.7790564989,-27996.76959468514,521.01
North America,2020-03-09,370982987,-11074.995145632376,-11074.995145632376,-11074.995145632376,-11074.995145632376,-11074.995145632376,-11074.995145632376,-11074.995145632376,-22149.990291264752,-11074.995145632376,23.002
Latin America and Caribbean,2020-03-16,655799753,-1054.895661136955,205.00380633725922,67.70646955635041,-817.5127736544016,-2021.7710255938887,-2753.9557533841094,-3042.820310282035,-44148.821603581,-981.0849245240222,8.008
Asia,2020-03-16,4678052014,-87921.34456962698,-53749.18823980605,-66719.2220337086,-87921.34456962698,-146685.48349737993,-185847.7789743379,-210531.24121510758,-4661432.18276246,-93228.6436552492,4127.991
Oceania,2020-03-16,42936804,11.908275133940123,1018.5363054114293,735.1569394201939,400.4130685257012,-20.731595178065923,-367.79793309480004,-478.39580484295243,7544.229143711012,359.2490068433815,3.0029999999999997
European Union,2020-03-16,447189915,-10901.359089225592,-10899.20795895376,-10899.268723555262,-10899.781610219281,-10901.359089225592,-10901.588263868782,-10901.87999258563,-294268.9516414105,-10898.850060792978,2724.015
North America,2020-03-16,370982987,-10523.859223302445,-10523.859223302445,-10523.859223302445,-10523.859223302445,-10523.859223302445,-10523.859223302445,-10523.859223302445,-21047.71844660489,-10523.859223302445,101.003
Latin America and Caribbean,2020-03-23,655799753,1423.8166482410847,2947.5662294811946,2740.9381925042226,1838.1685242486178,306.1352513897129,-388.1849950112585,-888.0753329311582,77059.32302689913,1712.4294005977583,117.01899999999999
Asia,2020-03-23,4678052014,-87193.32132909258,-60988.003071513034,-69052.72068289606,-87193.32132909258,-161078.6757204836,-206046.6683695125,-232200.55079779998,-4439379.087553179,-88787.58175106357,5347.006
Oceania,2020-03-23,42936804,166.50413275479008,1221.0034501539903,963.4410543538348,558.1053159438019,117.31495803085355,-270.4805358037024,-361.4866815161202,11022.309430506912,524.8718776431862,7
European Union,2020-03-23,447189915,19486.200444666527,19488.35157493836,19488.290810336857,19487.77792367284,19486.200444666527,19485.971270023336,19485.67954130649,526195.1557736768,19488.70947309914,9887.017
North America,2020-03-23,370982987,-5592.723300972512,-5592.723300972512,-5592.723300972512,-5592.723300972512,-5592.723300972512,-5592.723300972512,-5592.723300972512,-11185.446601945025,-5592.723300972512,821.0020000000001
Latin America and Caribbean,2020-03-30,655799753,7567.633761174626,9435.27848962369,9075.870019305576,7834.852067759291,6012.079288823692,5079.430918356687,4609.048853461085,346587.46765738004,7701.943725719556,496.02
Asia,2020-03-30,4678052014,-101361.91850852525,-73107.00151635573,-81249.26285809954,-101361.91850852525,-184896.8734399324,-234974.64197922676,-278150.71761431225,-4550765.225880842,-91015.30451761682,6807.045
Oceania,2020-03-30,42936804,410.5216971833467,1520.5017063944222,1252.9571057791782,814.3200211808285,365.4771797893309,-81.92563926538666,-170.7081816739003,16444.98971730281,783.094748442991,18.004
European Union,2020-03-30,447189915,55588.51997855865,55590.67110883048,55590.61034422898,55590.09745756496,55588.51997855865,55588.29080391546,55587.99907519861,1500957.7831887642,55591.02900699126,25317.005
North America,2020-03-30,370982987,9667.412621357416,9667.412621357416,9667.412621357416,9667.412621357416,9667.412621357416,9667.412621357416,9667.412621357416,19334.825242714833,9667.412621357416,4405.002
Latin America and Caribbean,2020-04-06,655799753,14178.834586348059,16485.287747199436,15852.407469147489,14298.778695144314,12106.803237599728,10724.369520503844,10397.063542281343,637392.5413201192,14164.278696002648,1601.019
Asia,2020-04-06,4678052014,-110619.06118443584,-75763.14658863752,-86868.24329956232,-110619.06118443584,-203880.03737153445,-265973.02342004946,-313396.02582321747,-4672273.769226424,-93445.47538452849,8857.065
Oceania,2020-04-06,42936804,555.6356168030563,1683.9906922011726,1497.0815407049379,990.1769106814185,480.5929892120376,7.222823465066059,-99.95563962872379,19974.97387506643,951.1892321460205,41.006
European Union,2020-04-06,447189915,87066.18854470886,87068.3396749807,87068.27891037919,87067.76602371517,87066.18854470886,87065.95937006567,87065.66764134882,2350854.8344748197,87068.69757314147,46118.009
North America,2020-04-06,370982987,32685.548543687357,32685.548543687357,32685.548543687357,32685.548543687357,32685.548543687357,32685.548543687357,32685.548543687357,65371.097087374714,32685.548543687357,15056.006000000001
Latin America and Caribbean,2020-04-13,655799753,20803.90149005326,23488.640444727185,22861.57219210732,21063.627661684386,18227.21976271375,16565.333499372187,16227.5520159299,931070.1149828581,20690.446999619067,3667.048
Asia,2020-04-13,4678052014,-120666.10679076087,-74376.09176237474,-92457.19043145518,-120666.10679076087,-224351.82068345536,-305858.4606607582,-346888.47923538234,-4817196.312572009,-96343.92625144016,11272.079
Oceania,2020-04-13,42936804,550.3409800918637,1748.6191774583563,1586.6505426546921,1004.4798332337147,456.5672069113494,-39.23681274146326,-166.52078954025862,20564.95803283007,979.283715849051,66.003
European Union,2020-04-13,447189915,108409.65711085903,108411.80824113086,108411.74747652936,108411.23458986534,108409.65711085903,108409.42793621584,108409.13620749899,2927128.4857608746,108412.16613929164,66824.016
North America,2020-04-13,370982987,53936.684466017294,53936.684466017294,53936.684466017294,53936.684466017294,53936.684466017294,53936.684466017294,53936.684466017294,107873.36893203459,53936.684466017294,30900.002
Latin America and Caribbean,2020-04-20,655799753,29117.962024560955,32205.386458381425,31498.785370368816,29266.991929861495,26022.018988763586,24049.12366323004,23773.270217526522,1300862.1886455966,28908.048636568812,6824.062
Asia,2020-04-20,4678052014,-129839.9358809171,-74357.59294074654,-104619.05001421503,-129839.9358809171,-254720.06237436965,-343453.93432417326,-385400.2583042133,-5016167.8559175925,-100323.35711835185,15073.093
Oceania,2020-04-20,42936804,568.860234380524,1808.260079271667,1690.932372120214,1075.023016704796,453.78707257889033,-82.4305361162485,-171.1121706776538,21642.14219059371,1030.5781995520813,79.002
European Union,2020-04-20,447189915,120102.32567700915,120104.47680728098,120104.41604267948,120103.90315601547,120102.32567700915,120102.09650236597,120101.80477364911,3242830.537046928,120104.83470544177,85303.015
North America,2020-04-20,370982987,73318.82038834723,73318.82038834723,73318.82038834723,73318.82038834723,73318.82038834723,73318.82038834723,73318.82038834723,146637.64077669446,73318.82038834723,47494.006
Latin America and Caribbean,2020-04-27,655799753,39332.27338313549,42965.26113452519,42106.69766411226,39575.830661362175,35804.53621294288,33520.53991739868,33307.86034678166,1755049.512308336,39001.100273518576,11874.072
Asia,2020-04-27,4678052014,-136627.83331452374,-66344.64642250053,-113679.51390663919,-136627.83331452374,-277716.9194675127,-364417.84377179027,-411844.57067537203,-5196616.399263176,-103932.32798526352,17540.11
Oceania,2020-04-27,42936804,394.1793039169396,1666.0338486003473,1574.810799938762,876.4986191605957,220.45999883893705,-280.9533086292694,-415.19596686134616,19271.126348357328,917.6726832551108,102.004
European Union,2020-04-27,447189915,126349.33424315938,126351.48537343122,126351.42460882971,126350.91172216569,126349.33424315938,126349.10506851619,126348.81333979935,3411499.768332984,126351.84327159199,99367.016
North America,2020-04-27,370982987,88838.95631067715,88838.95631067715,88838.95631067715,88838.95631067715,88838.95631067715,88838.95631067715,88838.95631067715,177677.9126213543,88838.95631067715,62939.009
Latin America and Caribbean,2020-05-04,655799753,58191.44131792,62515.4343928866,61165.676672449226,58640.79020917293,54212.13475133459,51961.90760839101,51450.378001097095,2592321.173067849,57607.137179285535,19451.082000000002
Asia,2020-05-04,4678052014,-122836.30220134713,-47605.63502628577,-89034.11833851069,-122836.30220134713,-271314.7114436476,-376004.7172212622,-419867.56173904374,-5247156.447985104,-104943.12895970208,20048.126
Oceania,2020-05-04,42936804,325.12147415334147,1658.3122380849,1574.1008129164907,833.1467228568482,107.64525960638248,-369.3307734131253,-518.8310174624048,18615.5937319274,886.4568443774953,116.004
European Union,2020-05-04,447189915,130138.29442221283,130140.44555248466,130140.38478788316,130139.87190121914,130138.29442221283,130138.06524756964,130137.77351885279,3513801.693167427,130140.80345064544,108974.033
North America,2020-05-04,370982987,102230.09223300709,102230.09223300709,102230.09223300709,102230.09223300709,102230.09223300709,102230.09223300709,102230.09223300709,204460.18446601418,102230.09223300709,77320.012
Latin America and Caribbean,2020-05-11,655799753,78734.95774596938,83723.81136935028,82017.2439825014,79175.44234395499,74312.7817337218,72150.94314521847,71116.56063112598,3507769.0838273615,77950.42408505248,29376.074
Asia,2020-05-11,4678052014,-106948.68301671339,-27802.00282111001,-66379.73271260555,-106948.68301671339,-261514.51622724795,-375251.8397330121,-423799.54920072464,-5307243.4967070315,-106144.86993414063,22480.136
Oceania,2020-05-11,42936804,127.00060840972242,1513.1047715725938,1382.7240735421963,663.3011476944226,-130.824235026815,-637.399819018024,-799.0115932951943,15595.461115497466,742.6410054998794,118.006
European Union,2020-05-11,447189915,132815.05460126628,132817.20573153812,132817.1449669366,132816.6320802726,132815.05460126628,132814.8254266231,132814.53369790624,3586074.2180018704,132817.5636296989,116459.035
North America,2020-05-11,370982987,113545.22815533703,113545.22815533703,113545.22815533703,113545.22815533703,113545.22815533703,113545.22815533703,113545.22815533703,227090.45631067405,113545.22815533703,90068.013
Latin America and Caribbean,2020-05-18,655799753,101087.45128394137,106335.0286594293,104840.29892423644,101594.19833136184,96189.33261131821,93738.5518764175,92483.78558269727,4493000.744586874,99844.46099081943,41108.095
Asia,2020-05-18,4678052014,-78994.57949346202,66618.34909026034,-30817.018358865007,-78994.57949346202,-242273.65660662056,-368238.00810805877,-422764.83885292476,-5348433.54542896,-106968.6709085792,25090.135000000002
Oceania,2020-05-18,42936804,-65.67540784978974,1396.0700461059498,1171.4000390679457,463.89885660152754,-342.58141722867896,-844.4861141966784,-1051.0500865287493,12772.728499067554,608.2251666222645,120.008
European Union,2020-05-18,447189915,134683.61478031968,134685.76591059152,134685.70514599,134685.192259326,134683.61478031968,134683.3856056765,134683.09387695964,3636525.342836312,134686.1238087523,122282.05500000001
North America,2020-05-18,370982987,122260.36407766695,122260.36407766695,122260.36407766695,122260.36407766695,122260.36407766695,122260.36407766695,122260.36407766695,244520.7281553339,122260.36407766695,100883.013
Latin America and Caribbean,2020-05-25,655799753,124534.85403885407,129966.9285361018,128975.27180939112,124973.17108697796,119153.56560801278,116567.6850269622,115216.38551725546,5526206.905346386,122804.59789658636,55036.1
Asia,2020-05-25,4678052014,-33559.3437070139,142335.50145298394,30212.80798757124,-33559.3437070139,-224928.34594721167,-366471.2109850394,-420811.9912398346,-5418100.594150888,-108362.01188301775,27763.141
Oceania,2020-05-25,42936804,-331.2846670385785,1142.0160190918746,1004.1412975603444,225.23887441673534,-629.383767135017,-1109.784824011204,-1397.218184862373,8618.595882637654,410.40932774465017,123.011
European Union,2020-05-25,447189915,134895.49495937306,134897.64608964487,134897.5853250434,134897.07243837937,134895.49495937306,134895.26578472985,134894.97405601302,3642246.107670753,134898.00398780566,123945.073
North America,2020-05-25,370982987,129307.49999999689,129307.49999999689,129307.49999999689,129307.49999999689,129307.49999999689,129307.49999999689,129307.49999999689,258614.99999999377,129307.49999999689,109231.017
Latin America and Caribbean,2020-06-01,655799753,148420.27081876012,154017.54145733474,153354.4229161478,148853.71650450325,142692.0914110445,139797.3822293984,138652.85559586936,6562594.029009124,145835.42286686943,69215.104
Asia,2020-06-01,4678052014,22611.24533763219,205659.24792248404,107960.50916662195,22611.24533763219,-174189.74238030243,-358604.1723260739,-404496.3642041711,-5304983.137496472,-106099.66274992944,31261.146
Oceania,2020-06-01,42936804,-679.5357694209109,820.2140628764315,696.0317842140946,-95.13354002868468,-986.3301540990534,-1530.3519410881102,-1811.656981288634,2546.5400404013167,121.26381144768168,124.012
European Union,2020-06-01,447189915,136410.21685885653,136412.36798912837,136412.30722452686,136411.79433786284,136410.21685885653,136409.98768421332,136409.69595549649,3683143.5989568066,136412.72588728913,126540.092
North America,2020-06-01,370982987,135421.63592232682,135421.63592232682,135421.63592232682,135421.63592232682,135421.63592232682,135421.63592232682,135421.63592232682,270843.27184465365,135421.63592232682,116453.015
Latin America and Caribbean,2020-06-08,655799753,173752.95153726617,179789.48269462984,178268.12451813443,173968.69338447155,167579.70623411416,164113.81813384237,163595.8802030681,7650186.652671863,170004.1478371525,86790.109
Asia,2020-06-08,4678052014,71759.21449235406,277387.82464954077,201467.63690511862,71759.21449235406,-124001.771241863,-350627.2522703305,-369125.17040892167,-5172110.680842056,-103442.21361684112,35652.169
Oceania,2020-06-08,42936804,-963.0035634845951,584.6134573321004,459.89362984677723,-361.32879928211423,-1263.6405206967897,-1914.8548482795682,-2154.7746819951767,-2215.115801835042,-105.4817048492878,124.012
European Union,2020-06-08,447189915,137226.33875834002,137228.48988861183,137228.42912401035,137227.91623734633,137226.33875834002,137226.10958369682,137225.81785497998,3705178.890242861,137228.84778677262,128357.096
North America,2020-06-08,370982987,140652.77184465676,140652.77184465676,140652.77184465676,140652.77184465676,140652.77184465676,140652.77184465676,140652.77184465676,281305.5436893135,140652.77184465676,122299.009
Latin America and Caribbean,2020-06-15,655799753,199186.11040935118,205540.0325473771,203892.19120389395,199225.3743166956,192496.6268754059,189148.36670944322,188350.39389618885,8740093.0263346,194224.28947410226,103829.11
Asia,2020-06-15,4678052014,138518.1117571569,355972.8615176812,303427.4552712246,138518.1117571569,-60278.64507053856,-313052.2763852629,-360180.98754197225,-5073960.2241876405,-101479.20448375281,41159.167
Oceania,2020-06-15,42936804,-1352.875161889637,268.4169951733936,120.72297536811864,-782.4395501737424,-1717.1035033896337,-2352.311193805802,-2613.747427583568,-9198.571644071373,-438.02722114625595,124.012
European Union,2020-06-15,447189915,136385.06065782343,136387.21178809524,136387.15102349376,136386.63813682974,136385.06065782343,136384.83148318023,136384.5397544634,3682464.381528913,136387.56968625603,129691.107
North America,2020-06-15,370982987,145916.9077669867,145916.9077669867,145916.9077669867,145916.9077669867,145916.9077669867,145916.9077669867,145916.9077669867,291833.8155339734,145916.9077669867,127402.009
Latin America and Caribbean,2020-06-22,655799753,224460.8791883587,230801.2609681447,229212.3420366342,224782.52246732297,217331.8581687621,213855.7637978621,212536.80009543293,9818828.149997339,218196.181111052,123065.124
Asia,2020-06-22,4678052014,204922.0430870475,448982.53632092493,400057.2893645116,204922.0430870475,-7397.976444684944,-258608.9830205167,-337345.1770816477,-4902280.767533224,-98045.61535066449,49052.164
Oceania,2020-06-22,42936804,-1802.1802453775633,-151.54606223780553,-223.69366481217176,-1237.4528591664048,-2164.8709159718524,-2893.279007887626,-3150.5775740885974,-17358.027486307732,-826.5727374432254,124.012
European Union,2020-06-22,447189915,139853.6425573069,139855.79368757873,139855.73292297724,139855.22003631323,139853.6425573069,139853.4133826637,139853.12165394687,3776116.092814967,139856.1515857395,132004.096
North America,2020-06-22,370982987,151766.04368931663,151766.04368931663,151766.04368931663,151766.04368931663,151766.04368931663,151766.04368931663,151766.04368931663,303532.08737863327,151766.04368931663,131702.011
Latin America and Caribbean,2020-06-29,655799753,250611.54982378858,257159.1463585748,255916.76050053313,251155.7666853717,243595.871774005,239558.89052497284,237629.62517531627,10935592.023660077,243013.15608133507,141716.141
Asia,2020-06-29,4678052014,271409.8959156606,549827.5147734894,495545.6177403288,271409.8959156606,48740.233720379925,-196470.84680088973,-300552.23987006117,-4753982.310878809,-95079.64621757617,55768.167
Oceania,2020-06-29,42936804,-2239.702241123774,-465.14393264976485,-599.1688005448768,-1640.4652414900709,-2617.7346186698474,-3450.717140468917,-3677.874587881921,-25257.083328544086,-1202.7182537401948,126.014
European Union,2020-06-29,447189915,141425.0844567904,141427.23558706226,141427.17482246074,141426.66193579673,141425.0844567904,141424.85528214724,141424.56355343037,3818545.024101022,141427.59348522304,132928.11000000002
North America,2020-06-29,370982987,158985.17961164657,158985.17961164657,158985.17961164657,158985.17961164657,158985.17961164657,158985.17961164657,158985.17961164657,317970.35922329314,158985.17961164657,135684.017
Latin America and Caribbean,2020-07-06,655799753,283164.73442771105,290106.50862915267,288778.5693182561,284167.0924740023,275955.4063457238,270978.90676164307,270050.01326390624,12324194.95054862,273870.99890108046,160201.146
Asia,2020-07-06,4678052014,335097.54960648174,640644.9375612513,593574.08354003,336840.8795468067,118168.12393483767,-134179.63711964662,-260210.67111912376,-4413975.33543416,-88279.5067086832,63266.168
Oceania,2020-07-06,42936804,-2672.6930144987527,-768.9822311567974,-989.6373639099212,-2038.9446951934165,-3059.7963837787024,-3994.6709607712187,-4200.619170336857,-33034.05465465139,-1573.050221650066,128.016
European Union,2020-07-06,447189915,141621.2349584244,141623.38608869622,141623.32532409474,141622.81243743072,141621.2349584244,141621.0057837812,141620.71405506437,3823841.0876451395,141623.743986857,133769.111
North America,2020-07-06,370982987,168743.31553397648,168743.31553397648,168743.31553397648,168743.31553397648,168743.31553397648,168743.31553397648,168743.31553397648,337486.63106795296,168743.31553397648,139405.014
Latin America and Caribbean,2020-07-13,655799753,316248.60352449364,323900.58345590625,322757.31867876864,317850.4241180897,308982.16017820936,303652.9763803718,302891.5231976653,13729555.877437165,305101.2417208259,179456.13700000002
Asia,2020-07-13,4678052014,410964.12663068774,753134.2534995876,700996.6058855626,421178.6580135303,190511.81464936052,-92755.28035011364,-203763.7667952578,-4041015.359989511,-80820.30719979022,71427.167
Oceania,2020-07-13,42936804,-3131.7740350237027,-1158.773428044877,-1412.3981962529115,-2434.539447118601,-3564.3995835625633,-4582.202403958736,-4747.342664143494,-41319.22598075877,-1967.5821895599415,130.018
European Union,2020-07-13,447189915,141328.18546005854,141330.33659033035,141330.27582572887,141329.76293906482,141328.18546005854,141327.95628541533,141327.6645566985,3815928.7511892607,141330.69448849114,134454.117
North America,2020-07-13,370982987,179950.45145630641,179950.45145630641,179950.45145630641,179950.45145630641,179950.45145630641,179950.45145630641,179950.45145630641,359900.90291261283,179950.45145630641,144926.019
Latin America and Caribbean,2020-07-20,655799753,349442.4792129209,357840.57917407487,356308.05101152277,351394.45284963667,341828.4086810602,336035.08069093345,335360.1303356948,15122646.80432571,336058.81787390466,200078.13700000002
Asia,2020-07-20,4678052014,491305.55052661325,835456.7477060126,812490.7341352162,505837.37433175626,263870.5522589564,-29299.250710094682,-152319.73196900787,-3664376.3845448624,-73287.52769089724,81286.177
Oceania,2020-07-20,42936804,-3507.8545028037875,-1400.3542736698923,-1762.3412761644765,-2801.1420383624018,-3904.416485610651,-5069.158509997313,-5212.145619690518,-47865.5973068661,-2279.3141574698143,148.015
European Union,2020-07-20,447189915,141016.73596169255,141018.8870919644,141018.82632736288,141018.31344069887,141016.73596169255,141016.50678704938,141016.2150583325,3807519.61473338,141019.24499012518,135117.12900000002
North America,2020-07-20,370982987,192273.58737863635,192273.58737863635,192273.58737863635,192273.58737863635,192273.58737863635,192273.58737863635,192273.58737863635,384547.1747572727,192273.58737863635,150654.021
Latin America and Caribbean,2020-07-27,655799753,382266.19088817236,391732.712308254,389717.22436533106,384220.77208914276,374190.2496726186,368559.32351723855,366748.020920468,16488531.481214253,366411.8106936501,220886.14800000002
Asia,2020-07-27,4678052014,576790.5167112107,947377.0166348411,914793.3354477292,597634.6085380341,340429.56612625386,35885.970489656924,-93037.12730343487,-3241600.409100214,-64832.008182004276,91070.182
Oceania,2020-07-27,42936804,-3814.4117164392337,-1568.8286307576684,-2012.0274786147204,-3094.813198978021,-4266.725951395861,-5477.723019781535,-5612.658312412096,-52933.568632973394,-2520.6461253796856,189.014
European Union,2020-07-27,447189915,146688.38646332655,146690.5375935984,146690.47682899688,146689.96394233286,146688.38646332655,146688.15728868337,146687.8655599665,3960654.1782774976,146690.89549175918,135688.133
North America,2020-07-27,370982987,204560.7233009663,204560.7233009663,204560.7233009663,204560.7233009663,204560.7233009663,204560.7233009663,204560.7233009663,409121.4466019326,204560.7233009663,157768.02300000002
Latin America and Caribbean,2020-08-03,655799753,413434.03907832975,423800.7948119255,421624.96893338294,415300.9960197347,404967.529476395,398731.4490137734,396870.6250387646,17791569.8597157,395368.21910479333,241523.156
Asia,2020-08-03,4678052014,656566.0368455673,1106413.3236158981,995096.4065096803,679689.0143031001,414040.4970629057,100357.53671279577,-24783.696157427647,-2838144.0143007264,-56762.88028601452,100935.205
Oceania,2020-08-03,42936804,-4183.075521620209,-1823.4798222360553,-2260.7079712173945,-3445.090661586497,-4704.259686427043,-5914.695044608901,-6088.009883218817,-59170.35931391945,-2817.636157805688,257.019
European Union,2020-08-03,447189915,151036.78986818643,151038.94099845827,151038.88023385676,151038.36734719275,151036.78986818643,151036.56069354323,151036.2689648264,4078061.0702087143,151039.29889661903,136384.136
North America,2020-08-03,370982987,216338.85922329623,216338.85922329623,216338.85922329623,216338.85922329623,216338.85922329623,216338.85922329623,216338.85922329623,432677.71844659245,216338.85922329623,165132.02300000002
Latin America and Caribbean,2020-08-10,655799753,442502.1519615323,453426.43305740046,451840.0364548486,444755.50505101203,433662.8737069137,427258.86438598466,425095.4603528304,19007419.98821715,422387.11084926996,263120.172
Asia,2020-08-10,4678052014,739533.2263959623,1223841.8125880053,1083791.9486653006,764458.538959814,492171.25584917783,157837.51488272165,43579.24874291616,-2452000.619501239,-49040.01239002478,111240.206
Oceania,2020-08-10,42936804,-4467.814425813876,-2021.5655912626678,-2450.238264962121,-3705.3429759332994,-5018.787331450173,-6259.709989423852,-6506.060767181419,-63643.14999486546,-3030.6261902316887,357.021
European Union,2020-08-10,447189915,161962.79327304623,161964.94440331808,161964.88363871656,161964.37075205255,161962.79327304623,161962.56409840306,161962.2723696862,4373063.162139929,161965.30230147886,137189.12900000002
North America,2020-08-10,370982987,228339.99514562616,228339.99514562616,228339.99514562616,228339.99514562616,228339.99514562616,228339.99514562616,228339.99514562616,456679.9902912523,228339.99514562616,172600.022
Latin America and Caribbean,2020-08-17,655799753,469653.26860437373,480937.2996297308,479668.63325392443,471895.3297373304,460206.2781581865,453720.016873324,451472.7546982935,20138058.116718598,447512.4025937466,283227.161
Asia,2020-08-17,4678052014,825555.3478253601,1326766.3837463513,1174220.1086255484,862333.2947660696,567775.6603013919,210400.6957206317,99998.51090123318,-2055598.2247017515,-41111.964494035026,121747.206
Oceania,2020-08-17,42936804,-4887.674922934528,-2361.201594774556,-2803.860390663893,-4091.7678414708485,-5477.317627225044,-6768.54012334789,-7057.04642335654,-71072.74067581155,-3384.416222657693,464.023
European Union,2020-08-17,447189915,168149.79667790618,168151.947808178,168151.8870435765,168151.37415691247,168149.79667790618,168149.56750326298,168149.27577454614,4540112.254071147,168152.30570633878,138175.142
North America,2020-08-17,370982987,239277.1310679561,239277.1310679561,239277.1310679561,239277.1310679561,239277.1310679561,239277.1310679561,239277.1310679561,478554.2621359122,239277.1310679561,179671.023
Latin America and Caribbean,2020-08-24,655799753,494768.3582421216,506439.412345939,505407.78640829725,497251.55101944465,484950.4303437254,478132.5234905435,475803.1586862502,21182236.245220043,470716.3610048899,303257.157
Asia,2020-08-24,4678052014,912412.8148004519,1443025.2509917251,1292538.866361523,947256.7237170485,657185.6613286646,278535.0054066491,150528.2158844912,-1694730.8299022638,-33894.61659804527,131749.212
Oceania,2020-08-24,42936804,-5389.608226157272,-2772.0426313188955,-3260.2416549316163,-4561.381929361218,-6039.705826776868,-7362.328557714606,-7689.221047355248,-80203.33135675757,-3819.2062550836936,552.027
European Union,2020-08-24,447189915,171876.38008276597,171878.53121303782,171878.4704484363,171877.9575617723,171876.38008276597,171876.1509081228,171875.85917940593,4640730.006002362,171878.8891111986,139185.144
North America,2020-08-24,370982987,248492.266990286,248492.266990286,248492.266990286,248492.266990286,248492.266990286,248492.266990286,248492.266990286,496984.533980572,248492.266990286,186398.023
Latin America and Caribbean,2020-08-31,655799753,517719.0875469726,530367.2934877343,529107.6351609704,520383.0582912645,507550.49073414545,500521.0964617949,498001.7485747288,22132287.12372149,491828.6027493665,321509.16
Asia,2020-08-31,4678052014,1022524.8245784963,1558010.206460347,1406512.4796129472,1047647.1776256025,739352.6619556587,342980.2557226976,199700.89996170122,-1392938.4351027764,-27858.768702055524,142620.205
Oceania,2020-08-31,42936804,-5739.588153982796,-3041.095102758187,-3550.1780298394638,-4888.77797978549,-6413.093539463449,-7787.344917649348,-8172.179590051238,-86435.92203770363,-4115.996287509696,686.028
European Union,2020-08-31,447189915,176485.22348762583,176487.37461789767,176487.31385329616,176486.80096663214,176485.22348762583,176484.99431298266,176484.7025842658,4765168.777933578,176487.73251605846,140055.146
North America,2020-08-31,370982987,256805.40291261594,256805.40291261594,256805.40291261594,256805.40291261594,256805.40291261594,256805.40291261594,256805.40291261594,513610.8058252319,256805.40291261594,192810.023
Latin America and Caribbean,2020-09-07,655799753,537442.7482083172,550346.7433757689,548927.9293538055,540253.3781167378,526635.3032548426,519088.57092281623,516520.32037000265,22911848.06733232,509152.17927405157,343820.148
Asia,2020-09-07,4678052014,1132533.073608986,1676755.6402075216,1561984.1663321285,1165614.1061410753,827673.380448553,409428.1492685303,248479.88617650457,-1160521.4489054398,-23210.428978108794,154026.222
Oceania,2020-09-07,42936804,-6109.020341004094,-3304.929239072431,-3877.26326768541,-5267.007054125669,-6817.715777627263,-8226.617858038662,-8636.896213513517,-93313.53787993996,-4443.501803806665,801.0310000000001
European Union,2020-09-07,447189915,182866.0587204426,182868.20985071443,182868.14908611294,182867.63619944893,182866.0587204426,182865.8295457994,182865.53781708257,4937451.329219631,182868.5677488752,141266.146
North America,2020-09-07,370982987,264452.5388349459,264452.5388349459,264452.5388349459,264452.5388349459,264452.5388349459,264452.5388349459,264452.5388349459,528905.0776698918,264452.5388349459,198456.02
Latin America and Caribbean,2020-09-14,655799753,555494.2238459833,568989.0236353049,567570.1875436435,558365.8509004462,543848.0137813321,535696.8399245188,533128.1765857978,23618966.510943152,524865.9224654033,359085.146
Asia,2020-09-14,4678052014,1250529.5587740883,1802813.4372915279,1714843.2344509102,1282530.574277317,935507.8824811403,467129.70220966404,298975.642643846,-942396.4627081029,-18847.929254162053,166430.229
Oceania,2020-09-14,42936804,-6553.118624217039,-3639.6607897569434,-4263.049824155063,-5737.360560780309,-7296.583761728577,-8723.092406721147,-9161.308171984978,-101438.55372217631,-4830.4073201036335,848.029
European Union,2020-09-14,447189915,190256.89395325945,190259.0450835313,190258.98431892978,190258.47143226577,190256.89395325945,190256.66477861628,190256.3730498994,5137003.880505686,190259.40298169208,142508.142
North America,2020-09-14,370982987,272035.6747572758,272035.6747572758,272035.6747572758,272035.6747572758,272035.6747572758,272035.6747572758,272035.6747572758,544071.3495145516,272035.6747572758,203757.022
Latin America and Caribbean,2020-09-21,655799753,573522.7487199995,587913.529550238,586044.0795170481,576422.5456843724,561208.5596841756,552273.5904815857,549609.2560542653,24323702.20455398,540526.7156567551,373511.159
Asia,2020-09-21,4678052014,1363419.950267618,1915116.2942562974,1847240.191867616,1398017.2933414138,1031235.5386020895,536546.6647965179,349407.5387889561,-739497.045655116,-14789.940913102317,179167.21899999998
Oceania,2020-09-21,42936804,-6749.01318049096,-3783.6250397887225,-4385.524616647431,-5878.558382333467,-7522.360329404413,-9023.324202756725,-9446.073495546496,-104960.3695644127,-4998.112836400605,888.034
European Union,2020-09-21,447189915,194702.70918607636,194704.86031634817,194704.7995517467,194704.28666508268,194702.70918607636,194702.48001143316,194702.18828271632,5257040.891791742,194705.21821450896,144577.153
North America,2020-09-21,370982987,280442.81067960575,280442.81067960575,280442.81067960575,280442.81067960575,280442.81067960575,280442.81067960575,280442.81067960575,560885.6213592115,280442.81067960575,209131.027
Latin America and Caribbean,2020-09-28,655799753,589864.1735269098,604288.8629545465,602775.795208883,592978.0681986017,576953.7408375763,567150.4944681183,564875.1732543237,24965866.14816481,554797.0255147736,388168.158
Asia,2020-09-28,4678052014,1479873.1835342888,2052893.2069734342,1953290.1169414693,1504058.064566627,1119954.7475963808,608443.6537554563,401441.085467364,-486012.62860212923,-9720.25257204258,191239.202
Oceania,2020-09-28,42936804,-6909.362667177685,-3893.130976101253,-4463.667027716324,-5992.2680355597095,-7703.234625335062,-9130.733605923591,-9695.712299347311,-107801.78540664907,-5133.418352697575,916.034
European Union,2020-09-28,447189915,200821.44441889317,200823.595549165,200823.5347845635,200823.02189789948,200821.44441889317,200821.21524425,200820.92351553316,5422246.743077797,200823.9534473258,146966.155
North America,2020-09-28,370982987,287783.94660193566,287783.94660193566,287783.94660193566,287783.94660193566,287783.94660193566,287783.94660193566,287783.94660193566,575567.8932038713,287783.94660193566,214560.024
Latin America and Caribbean,2020-10-05,655799753,607651.5603601205,622661.4433222201,621131.191235451,610856.0328330921,594314.7006337168,583302.3845627502,581948.6074617063,25667155.015969187,570381.222577093,407549.156
Asia,2020-10-05,4678052014,1580878.9154531714,2169543.4071421777,2054477.1351138041,1601449.5100402655,1208006.175058243,679509.9617825571,454381.43935165444,-234106.02068892703,-4682.120413778537,203399.21
Oceania,2020-10-05,42936804,-7206.159287485006,-4118.80550180973,-4713.24906306343,-6283.632050275383,-8036.322163261268,-9507.496325479506,-10042.46277911558,-113054.42124888542,-5383.543868994544,929.033
European Union,2020-10-05,447189915,207004.1820173014,207006.33314757326,207006.27238297174,207005.75949630773,207004.1820173014,207003.9528426582,207003.66111394137,5589180.658234819,207006.691045734,149669.163
North America,2020-10-05,370982987,297041.0825242656,297041.0825242656,297041.0825242656,297041.0825242656,297041.0825242656,297041.0825242656,297041.0825242656,594082.1650485313,297041.0825242656,219879.023
Latin America and Caribbean,2020-10-12,655799753,624495.2620401848,639616.0001720366,638107.6241152928,627753.1894086066,610938.8295272706,599016.2977195911,597891.7032244056,26343258.133773565,585405.7363060792,420387.177
Asia,2020-10-12,4678052014,1669406.9043027353,2262604.934043545,2151722.181918993,1688213.6733994316,1273982.9516320492,751266.9807509081,508181.4353758039,59880.587224275056,1197.6117444855058,214931.22
Oceania,2020-10-12,42936804,-7421.34419957207,-4283.076327584677,-4856.545074619369,-6495.6498828010745,-8259.008420412743,-9822.721066137387,-10341.647337891589,-116979.8570911218,-5570.469385291513,933.03
European Union,2020-10-12,447189915,217296.71961570965,217298.87074598146,217298.80998137998,217298.29709471596,217296.71961570965,217296.49044106645,217296.1987123496,5867079.173391841,217299.22864414225,153199.165
North America,2020-10-12,370982987,304812.21844659554,304812.21844659554,304812.21844659554,304812.21844659554,304812.21844659554,304812.21844659554,304812.21844659554,609624.4368931911,304812.21844659554,225091.027
Latin America and Caribbean,2020-10-19,655799753,642102.6957652438,657541.1787385826,656249.4766868873,645774.9108443751,628201.5838142206,616060.7195489261,614468.1691660638,27061696.501577944,601371.0333683988,432176.171
Asia,2020-10-19,4678052014,1759051.5386015277,2352332.8892741995,2268973.5153396195,1775246.966712914,1346111.4303663415,822448.4990696722,559432.2944963371,352772.19513747725,7055.44390274955,225788.22
Oceania,2020-10-19,42936804,-7549.369477263937,-4357.388682049372,-4916.156386140409,-6604.417145065825,-8404.13905121642,-9893.092774734512,-10545.41837858518,-119111.89293335815,-5671.994901588483,939.029
European Union,2020-10-19,447189915,237029.65721411788,237031.8083443897,237031.7475797882,237031.2346931242,237029.65721411788,237029.42803947467,237029.13631075784,6399868.488548863,237032.16624255048,158095.168
North America,2020-10-19,370982987,313993.3543689255,313993.3543689255,313993.3543689255,313993.3543689255,313993.3543689255,313993.3543689255,313993.3543689255,627986.708737851,313993.3543689255,230570.032
Latin America and Caribbean,2020-10-26,655799753,659530.8324893841,675508.2442461607,673400.8155157777,663257.2983397392,645131.3529469563,632324.3641371668,630573.7269436477,27771929.86938232,617153.9970973849,444166.184
Asia,2020-10-26,4678052014,1848985.0875314793,2442242.4887797637,2357708.937938631,1866430.3670876466,1419242.3656557105,889770.2655165181,614177.3688132839,729047.5530506794,14580.951061013591,236115.215
Oceania,2020-10-26,42936804,-7725.271601395028,-4463.024622270012,-5022.546467883996,-6767.501360563992,-8596.713938169256,-10188.040452786605,-10798.587646794591,-122113.32877559452,-5814.920417885453,939.029
European Union,2020-10-26,447189915,264625.2548125261,264627.40594279795,264627.34517819644,264626.8322915324,264625.2548125261,264625.02563788294,264624.73390916607,7144949.623705885,264627.7638409587,165744.166
North America,2020-10-26,370982987,324253.4902912554,324253.4902912554,324253.4902912554,324253.4902912554,324253.4902912554,324253.4902912554,324253.4902912554,648506.9805825108,324253.4902912554,236624.031
Latin America and Caribbean,2020-11-02,655799753,677330.3613765934,694003.559600535,691693.6047692086,681229.5442477274,662461.5483816921,649637.7568292284,647445.9431218313,28503002.56299315,633400.0569554034,455430.192
Asia,2020-11-02,4678052014,1944962.0208299297,2538828.6939608892,2450044.302962355,1977075.919570594,1492216.6034200601,974997.8382947763,679288.6991334235,1196978.720103666,23939.574402073322,246170.232
Oceania,2020-11-02,42936804,-7782.284027238847,-4382.738732816027,-4941.632410582669,-6800.679359702468,-8663.073993455466,-10234.857776473611,-10896.989348181794,-122756.32461783088,-5845.539267515756,941.0310000000001
European Union,2020-11-02,447189915,298965.8433786763,298967.9945089481,298967.9337443466,298967.4208576826,298965.8433786763,298965.6142040331,298965.32247531624,8072145.51499194,298968.3524071089,177868.152
North America,2020-11-02,370982987,338749.6262135854,338749.6262135854,338749.6262135854,338749.6262135854,338749.6262135854,338749.6262135854,338749.6262135854,677499.2524271708,338749.6262135854,242944.03
Latin America and Caribbean,2020-11-09,655799753,695350.6287275865,712548.5094366613,709926.6963408522,699343.1303606624,680370.3756307468,667087.3925790655,664301.9331510974,29237046.75660398,649712.1501467552,466287.213
Asia,2020-11-09,4678052014,2045668.5959559511,2642157.144980496,2554101.208707562,2074400.0311771373,1562685.3131607634,1049041.4809075324,746110.6990077064,1705969.8871566523,34119.39774313305,257199.243
Oceania,2020-11-09,42936804,-7746.754473600091,-4217.533603592425,-4770.746243416788,-6719.4768792155555,-8641.624537745827,-10191.223662920656,-10899.431731968987,-121454.72046006724,-5783.558117146059,941.0310000000001
European Union,2020-11-09,447189915,335425.83194482647,335427.98307509825,335427.9223104968,335427.4094238327,335425.83194482647,335425.60277018324,335425.3110414664,9056565.206277994,335428.34097325907,197009.162
North America,2020-11-09,370982987,354108.7621359153,354108.7621359153,354108.7621359153,354108.7621359153,354108.7621359153,354108.7621359153,354108.7621359153,708217.5242718306,354108.7621359153,250815.033
Latin America and Caribbean,2020-11-16,655799753,713706.838012754,731188.1879487473,728641.2600040538,717766.7863428573,698372.1632047483,685050.6131742509,681650.1458555661,29983418.70021481,666298.1933381069,478153.228
Asia,2020-11-16,4678052014,2135669.51786494,2726949.2952124183,2666742.44144526,2166663.155743187,1631542.688799222,1115940.6327612957,778820.7025761978,2173646.0542096384,43472.92108419277,268060.247
Oceania,2020-11-16,42936804,-7852.466857441883,-4284.400574156636,-4762.221656444767,-6781.631852335802,-8755.076315646122,-10305.904831113616,-11067.133423112868,-123130.9163023036,-5863.376966776362,941.0310000000001
European Union,2020-11-16,447189915,370998.8205109766,371000.97164124844,371000.9108766469,371000.3979899829,370998.8205109766,370998.5913363334,370998.29960761656,10017035.89756405,371001.3295394092,218752.156
North America,2020-11-16,370982987,371758.8980582452,371758.8980582452,371758.8980582452,371758.8980582452,371758.8980582452,371758.8980582452,371758.8980582452,743517.7961164904,371758.8980582452,259487.032
Latin America and Caribbean,2020-11-23,655799753,732380.3519912768,750092.3495666579,747780.0620041107,736485.1537627007,716628.5049084366,703311.9161274491,699229.8618471846,30743172.14382564,683181.6031961254,489055.224
Asia,2020-11-23,4678052014,2229375.996108116,2829964.2920926022,2782161.7279513055,2256811.2036977806,1694929.6349943476,1182111.0577902226,810893.7191952642,2576469.721262625,51529.3944252525,280157.255
Oceania,2020-11-23,42936804,-7929.73292100714,-4342.328542904101,-4718.475175830364,-6809.9915758122625,-8844.182903052604,-10383.884615639441,-11225.053569215694,-124219.11214453996,-5915.195816406665,941.0310000000001
European Union,2020-11-23,447189915,405815.90907712677,405818.0602073986,405817.9994427971,405817.4865561331,405815.90907712677,405815.6799024836,405815.3881737667,10957097.288850104,405818.4181055594,242479.16
North America,2020-11-23,370982987,390695.03398057516,390695.03398057516,390695.03398057516,390695.03398057516,390695.03398057516,390695.03398057516,390695.03398057516,781390.0679611503,390695.03398057516,271399.03
Latin America and Caribbean,2020-11-30,655799753,751821.9090516953,769918.7241070153,767751.758206841,756049.1124297621,735724.517331643,721637.1000069145,717669.508318342,31538054.087436467,700845.646387477,501394.229
Asia,2020-11-30,4678052014,2322303.0598699907,2936167.267860446,2896111.5259630536,2357972.8421205985,1767208.970096717,1250053.1245020442,846433.7898806728,2902257.1383156115,58045.14276631223,292086.284
Oceania,2020-11-30,42936804,-7815.235955388207,-4165.233538662134,-4467.4567548499235,-6634.771090757396,-8731.78586216246,-10290.695697719108,-11126.907665982539,-121300.50798677631,-5776.214666036967,942.032
European Union,2020-11-30,447189915,439348.797643277,439350.94877354876,439350.8880089473,439350.37512228324,439348.797643277,439348.56846863375,439348.27673991694,11862485.280136159,439351.3066717096,267465.163
North America,2020-11-30,370982987,413371.16990290507,413371.16990290507,413371.16990290507,413371.16990290507,413371.16990290507,413371.16990290507,413371.16990290507,826742.3398058101,413371.16990290507,283060.036
Latin America and Caribbean,2020-12-07,655799753,774983.649536255,793120.9409689669,791342.8027116015,779319.0598454482,758387.8370980108,743556.2993825503,739828.6723743278,32492434.759579,722054.1057684222,514050.222
Asia,2020-12-07,4678052014,2414363.433454948,3042388.6968345363,2995217.397886048,2449253.248880315,1841381.39179659,1314230.9720616553,882998.7715172688,3257090.8833255875,65141.81766651176,303410.296
Oceania,2020-12-07,42936804,-7859.089270063842,-4148.580256777128,-4390.260664065554,-6627.091374106215,-8781.140848318006,-10378.772205727666,-11237.100649130274,-121707.1567322385,-5795.578892011356,942.032
European Union,2020-12-07,447189915,470620.8365320078,470622.9876622796,470622.9268976781,470622.4140110141,470620.8365320078,470620.60735736456,470620.31562864775,12706830.33013189,470623.3455604404,291373.145
North America,2020-12-07,370982987,439977.30582523503,439977.30582523503,439977.30582523503,439977.30582523503,439977.30582523503,439977.30582523503,439977.30582523503,879954.6116504701,439977.30582523503,300041.035
Latin America and Caribbean,2020-12-14,655799753,799672.4073363557,817993.6247798895,816341.2233075501,803833.7591946004,782644.9619378141,767295.4204621317,763677.0253938831,33511356.68172153,744696.8151493673,527022.237
Asia,2020-12-14,4678052014,2503439.1752481447,3127485.8607607507,3083918.1244645845,2539928.422568965,1914015.4243925295,1368936.8698949062,916494.8020316155,3579289.6283355635,71585.79256671127,313978.27999999997
Oceania,2020-12-14,42936804,-7784.721324740007,-3991.400164338839,-4264.124451181128,-6478.3905392851875,-8704.064843932454,-10334.308682538185,-11199.480860699938,-119858.40547770067,-5707.543117985746,943.033
European Union,2020-12-14,447189915,497781.47542073857,497783.6265510104,497783.5657864089,497783.0528997449,497781.47542073857,497781.2462460954,497780.95451737853,13440167.580127623,497783.9844491712,314474.153
North America,2020-12-14,370982987,466440.44174756494,466440.44174756494,466440.44174756494,466440.44174756494,466440.44174756494,466440.44174756494,466440.44174756494,932880.8834951299,466440.44174756494,318790.031
Latin America and Caribbean,2020-12-21,655799753,827474.1803135646,846122.9693559445,844772.8226862197,831727.3150937596,810049.1668419963,794082.5505367058,790604.839590464,34675795.85386406,770573.2411969792,541327.248
Asia,2020-12-21,4678052014,2586763.49499648,3214587.5901100347,3161409.809161104,2623141.613813298,1974394.2036762347,1415307.3902786872,949031.8709509019,3851412.12334554,77028.2424669108,324113.28599999996
Oceania,2020-12-21,42936804,-7685.5347190520915,-3812.005257354924,-4120.607157559403,-6356.849623654815,-8627.925624950256,-10259.81586045822,-11180.867855443901,-117472.05422316284,-5593.907343960134,944.034
European Union,2020-12-21,447189915,521144.3143094694,521146.46543974127,521146.40467513975,521145.89178847574,521144.3143094694,521144.08513482625,521143.7934061094,14070964.230123354,521146.823337902,338868.159
North America,2020-12-21,370982987,493596.5776698949,493596.5776698949,493596.5776698949,493596.5776698949,493596.5776698949,493596.5776698949,493596.5776698949,987193.1553397898,493596.5776698949,339137.029
Latin America and Caribbean,2020-12-28,655799753,860116.8192092935,879455.3176130248,877739.4556613157,864905.0637303445,841759.8967859651,825007.2153251353,822024.1661981165,36009291.91083805,800206.4869075123,554480.248
Asia,2020-12-28,4678052014,2668098.3820743486,3304222.2974562305,3237386.7052950463,2698952.6545722676,2031163.046535185,1454750.5321796476,986421.5030493537,4110217.8908274258,82204.35781654851,333570.28599999996
Oceania,2020-12-28,42936804,-7628.77481205186,-3668.0041313617467,-4016.8506961270364,-6273.058731588089,-8573.955800701406,-10238.031928291744,-11213.153806695364,-115976.3035304229,-5522.681120496329,945.035
European Union,2020-12-28,447189915,545890.210852435,545892.3619827067,545892.3012181052,545891.7883314412,545890.210852435,545889.9816777917,545889.6899490749,14739103.436783424,545892.7198808675,358270.15
North America,2020-12-28,370982987,522651.33980581706,522651.33980581706,522651.33980581706,522651.33980581706,522651.33980581706,522651.33980581706,522651.33980581706,1045302.6796116341,522651.33980581706,356490.029
Latin America and Caribbean,2021-01-04,655799753,898637.5612901598,920166.7225727645,918456.1323654421,904497.5122888424,879627.6214373179,862929.7206969942,859218.2533578845,37522306.87266756,833829.0416148347,569436.252
Asia,2021-01-04,4678052014,2740295.646036718,3372261.9206481683,3307649.2877593646,2763142.744590776,2074336.6344339238,1477736.2869899026,1022050.802536389,4221479.445971117,84429.58891942236,342259.274
Oceania,2021-01-04,42936804,-7586.304972065452,-3539.568430592875,-3927.2983076015507,-6198.568668761974,-8549.266584279534,-10218.26272125632,-11235.650614671324,-114695.65942928901,-5461.6980680613815,945.035
European Union,2021-01-04,447189915,565151.7326971785,565153.8838274503,565153.8230628489,565153.3101761849,565151.7326971785,565151.5035225353,565151.2117938185,15259164.5265915,565154.2417256112,379450.141
North America,2021-01-04,370982987,550318.1650485343,550318.1650485343,550318.1650485343,550318.1650485343,550318.1650485343,550318.1650485343,550318.1650485343,1100636.3300970686,550318.1650485343,376492.032
Latin America and Caribbean,2021-01-11,655799753,945759.1090634555,969045.6503219391,966803.8540958848,952889.4159946579,927107.7591895828,909048.9931608522,905090.4300623077,39409898.83449669,875775.5296554822,589591.2609999999
Asia,2021-01-11,4678052014,2810517.809251484,3436985.719612569,3376108.239974901,2825626.8324693376,2119935.534940082,1496644.3417656976,1044247.8541513528,4332373.501114751,86647.47002229502,349862.254
Oceania,2021-01-11,42936804,-7663.839046778333,-3528.192515729612,-3918.5574760618883,-6199.072905439038,-8622.663805916434,-10303.688913995571,-11330.210078107233,-115914.01532816369,-5519.715015626843,945.035
European Union,2021-01-11,447189915,582992.9695727407,582995.1207030126,582995.0599384111,582994.5470517471,582992.9695727407,582992.7403980976,582992.4486693807,15740877.922231682,582995.4786011734,403029.137
North America,2021-01-11,370982987,577736.6569579194,577736.6569579194,577736.6569579194,577736.6569579194,577736.6569579194,577736.6569579194,577736.6569579194,1155473.3139158387,577736.6569579194,400552.033
Latin America and Caribbean,2021-01-18,655799753,996367.8106864627,1022701.4651597646,1018393.8594396753,1003676.7565218327,977090.5189044637,958315.944019135,954559.1236989204,41429619.04632583,920658.2010294629,610914.255
Asia,2021-01-18,4678052014,2873730.3349533193,3508654.2696110182,3434507.1463456405,2885388.523180311,2142405.9852120075,1514220.6428649537,1051012.6735279695,4428593.389591717,88571.86779183435,358168.251
Oceania,2021-01-18,42936804,-7530.160387694963,-3288.25427141081,-3693.6564151687585,-6043.868647856988,-8490.031494002218,-10184.692975458507,-11219.18331460893,-112662.87122703837,-5364.89862985897,945.035
European Union,2021-01-18,447189915,603725.206448303,603727.3575785748,603727.2968139733,603726.7839273093,603725.206448303,603724.9772736598,603724.685544943,16300648.317871861,603727.7154767356,426294.12
North America,2021-01-18,370982987,601282.315533971,601282.315533971,601282.315533971,601282.315533971,601282.315533971,601282.315533971,601282.315533971,1202564.631067942,601282.315533971,424797.037
Latin America and Caribbean,2021-01-25,655799753,1038834.1246474632,1068345.7793756993,1061672.7217326204,1047271.5546765822,1019006.659917333,999869.1980049754,995820.557107089,43106778.258154966,957928.405736777,636560.267
Asia,2021-01-25,4678052014,2928259.743142909,3579756.8925957675,3480257.940794978,2934985.6082728878,2172117.298901783,1535606.9157281297,1063877.3186013878,4529442.44473535,90588.84889470701,366065.259
Oceania,2021-01-25,42936804,-7606.549604800657,-3265.064763838789,-3683.612243093936,-6091.279364216688,-8573.056794677617,-10300.11764224812,-11316.738091807369,-113870.72712591304,-5422.41557742443,945.035
European Union,2021-01-25,447189915,619744.6099905318,619746.7611208037,619746.7003562022,619746.1874695382,619744.6099905318,619744.3808158886,619744.0890871718,16733172.21351204,619747.1190189645,450925.132
North America,2021-01-25,370982987,620417.4741100227,620417.4741100227,620417.4741100227,620417.4741100227,620417.4741100227,620417.4741100227,620417.4741100227,1240834.9482200453,620417.4741100227,448154.035
Latin America and Caribbean,2021-02-01,655799753,1076361.8642658105,1108753.4989390923,1099953.9518208134,1084973.7081982116,1056004.5723011394,1036636.5528148398,1032362.0004984157,44577015.06745351,990600.3348323002,662726.267
Asia,2021-02-01,4678052014,2979778.4860325535,3649211.7513206657,3524927.697200625,2979778.4860325535,2217950.7393582854,1546575.7111231321,1074821.0068858303,4591252.597394729,91825.0519478946,374223.262
Oceania,2021-02-01,42936804,-7491.038523414164,-2937.0840939163154,-3473.553468886604,-5901.698017969171,-8448.797312695287,-10180.389681228664,-11224.760240622049,-111046.5830247877,-5287.93252498989,945.035
European Union,2021-02-01,447189915,629040.4001567874,629042.5512870592,629042.4905224578,629041.9776357937,629040.4001567874,629040.1709821442,629039.8792534274,16984158.548000943,629042.90918522,474527.13
North America,2021-02-01,370982987,637185.1326860744,637185.1326860744,637185.1326860744,637185.1326860744,637185.1326860744,637185.1326860744,637185.1326860744,1274370.2653721487,637185.1326860744,471420.033
Latin America and Caribbean,2021-02-08,655799753,1108485.52443876,1143020.5026901555,1132495.7622399982,1116869.444419049,1087741.2116017628,1068137.4484865605,1063548.9183198353,45814030.37675205,1018089.5639278233,686403.2559999999
Asia,2021-02-08,4678052014,3030926.6174182626,3710761.829323207,3565081.5646967953,3030926.6174182626,2261516.7655089707,1556096.9239750693,1088917.531312252,4614109.000054108,92282.18000108216,380912.259
Oceania,2021-02-08,42936804,-7494.1191273206205,-2802.621003541459,-3391.742152367387,-5874.349176464882,-8398.068932402453,-10167.235038671923,-11230.651185507697,-110444.93892366235,-5259.2828058886835,945.035
European Union,2021-02-08,447189915,635117.6736563763,635119.8247866482,635119.7640220467,635119.2511353827,635117.6736563763,635117.4444817331,635117.1527530163,17148244.932489842,635120.182684809,496658.127
North America,2021-02-08,370982987,649131.291262126,649131.291262126,649131.291262126,649131.291262126,649131.291262126,649131.291262126,649131.291262126,1298262.582524252,649131.291262126,492560.033
Latin America and Caribbean,2021-02-15,655799753,1138923.6906041396,1174348.3380875597,1163953.480017953,1147436.7059864788,1117560.1461492216,1098370.2852904415,1092829.636118478,46979931.43605059,1043998.4763566798,712075.259
Asia,2021-02-15,4678052014,3084669.161607686,3756113.4534456306,3617225.9154887116,3084669.161607686,2300805.2212631996,1571445.6688175818,1099004.3317788206,4707935.819380154,94158.71638760308,386903.272
Oceania,2021-02-15,42936804,-7602.470940135903,-2688.58589484861,-3426.616320903556,-5886.781372972222,-8485.28618414895,-10251.82846985023,-11331.056341498843,-111841.79482253702,-5325.799753454144,946.0360000000001
European Union,2021-02-15,447189915,640174.7804892986,640176.9316195705,640176.8708549689,640176.3579683049,640174.7804892986,640174.5513146555,640174.2595859385,17284786.81697874,640177.2895177312,515934.139
North America,2021-02-15,370982987,659521.283171511,659521.283171511,659521.283171511,659521.283171511,659521.283171511,659521.283171511,659521.283171511,1319042.566343022,659521.283171511,509859.035
Latin America and Caribbean,2021-02-22,655799753,1167668.3464383658,1203936.9936365096,1193609.866853652,1176739.2444134012,1145604.7053791294,1127024.1512321788,1120766.6450777538,48077051.49534913,1068378.9221188696,734277.271
Asia,2021-02-22,4678052014,3141496.271646589,3803993.614455449,3668458.4069663133,3141496.271646589,2336480.2982603284,1589127.3397012649,1115159.2528382565,4758123.472039533,95162.46944079066,392905.27499999997
Oceania,2021-02-22,42936804,-7605.891676026899,-2413.5223993611125,-3351.6020009229073,-5811.374158034968,-8447.98156221015,-10233.449295790888,-11303.554728433779,-111177.15072141167,-5294.150034352937,947.037
European Union,2021-02-22,447189915,641934.2206555542,641936.371785826,641936.3110212245,641935.7981345605,641934.2206555542,641933.991480911,641933.6997521941,17332291.701467644,641936.7296839867,532582.162
North America,2021-02-22,370982987,667355.275080896,667355.275080896,667355.275080896,667355.275080896,667355.275080896,667355.275080896,667355.275080896,1334710.550161792,667355.275080896,523956.034
Latin America and Caribbean,2021-03-01,655799753,1204721.227439915,1242351.7556182144,1231391.4057996462,1214166.84313638,1182327.390411628,1162630.3940731992,1156681.6657101077,49557267.62906616,1101272.613979248,756974.274
Asia,2021-03-01,4678052014,3207869.1365918336,3856049.2191048563,3728261.551307379,3207869.1365918336,2372950.2917991052,1610412.2959863232,1135538.8893267424,4929320.334386224,98586.40668772448,399618.303
Oceania,2021-03-01,42936804,-7592.236588226565,-2153.7197376724075,-3254.346791998034,-5689.018446305285,-8410.542700181812,-10186.726483426415,-11316.967829297912,-110049.75746298318,-5240.464641094437,951.034
European Union,2021-03-01,447189915,641219.7757330015,641221.9268632734,641221.8660986719,641221.3532120079,641219.7757330015,641219.5465583584,641219.2548296415,17313001.688558724,641222.2847614342,547908.1579999999
North America,2021-03-01,370982987,672447.1003236143,672447.1003236143,672447.1003236143,672447.1003236143,672447.1003236143,672447.1003236143,672447.1003236143,1344894.2006472286,672447.1003236143,538349.035
Latin America and Caribbean,2021-03-08,655799753,1241430.710686496,1280024.4458436652,1269219.3180964433,1251115.3457852672,1218175.5596023323,1198160.5282702723,1192313.5292931325,51015001.01278319,1133666.68917296,780099.271
Asia,2021-03-08,4678052014,3270757.3602105035,3909541.0636543105,3787445.286521151,3270757.3602105035,2411783.0185562517,1627649.7945203837,1153956.5463845697,5108223.863399581,102164.47726799162,405412.322
Oceania,2021-03-08,42936804,-7533.866813381934,-1934.0597748503458,-3105.2193746726475,-5564.222378315176,-8282.674607190322,-10118.42303616183,-11328.509705435996,-108649.36420455469,-5173.779247835937,953.0360000000001
European Union,2021-03-08,447189915,645278.450810449,645280.6019407208,645280.5411761192,645280.0282894552,645278.450810449,645278.2216358058,645277.9299070889,17422585.9156498,645280.9598388815,563091.151
North America,2021-03-08,370982987,675816.614886721,675816.614886721,675816.614886721,675816.614886721,675816.614886721,675816.614886721,675816.614886721,1351633.229773442,675816.614886721,549704.036
Latin America and Caribbean,2021-03-15,655799753,1277582.6161980492,1316876.3387317087,1306499.2625332994,1287687.4159472252,1254028.0307757473,1233470.9183698425,1227167.4324961873,52443757.39650022,1165416.8310333383,804732.285
Asia,2021-03-15,4678052014,3346901.714120098,3973582.405089872,3856828.402095177,3346901.714120098,2462194.972688346,1656360.8824302438,1177927.1132583192,5368169.059079605,107363.38118159209,411210.32399999996
Oceania,2021-03-15,42936804,-7445.0295072358385,-1698.9693175950858,-2930.9582464275654,-5379.504994444435,-8146.320581888506,-9962.73310337492,-11288.293873151355,-106786.9709461262,-5085.093854577438,963.039
European Union,2021-03-15,447189915,653902.9258878962,653905.077018168,653905.0162535666,653904.5033669026,653902.9258878962,653902.696713253,653902.4049845362,17655446.74274088,653905.4349163289,578027.149
North America,2021-03-15,370982987,678469.1294498277,678469.1294498277,678469.1294498277,678469.1294498277,678469.1294498277,678469.1294498277,678469.1294498277,1356938.2588996554,678469.1294498277,558765.039
Latin America and Caribbean,2021-03-22,655799753,1313898.7802308926,1353700.5939826642,1344028.6799117506,1324678.3464688126,1290126.163172896,1268843.3460245102,1262308.623726265,53881681.03021725,1197370.6895603836,832205.297
Asia,2021-03-22,4678052014,3421526.6259301645,4035275.7018539053,3931196.9655685034,3421526.6259301645,2517928.387205362,1685872.1198848528,1197767.1818834865,5489234.346952096,109784.68693904192,420072.32399999996
Oceania,2021-03-22,42936804,-7381.564267667425,-1482.4280408954232,-2762.171212510013,-5217.839342676499,-8010.813191157117,-9960.938049650878,-11290.662399231387,-105852.77768769773,-5040.608461318939,973.042
European Union,2021-03-22,447189915,667193.2009653437,667195.3520956155,667195.291331014,667194.77844435,667193.2009653437,667192.9717907005,667192.6800619836,18014284.16983196,667195.7099937763,593671.162
North America,2021-03-22,370982987,682058.6440129344,682058.6440129344,682058.6440129344,682058.6440129344,682058.6440129344,682058.6440129344,682058.6440129344,1364117.2880258688,682058.6440129344,566114.0380000001
Latin America and Caribbean,2021-03-29,655799753,1351440.3288198118,1392058.0442350823,1383477.1724257846,1362657.1988228397,1327196.1543746737,1304919.656629703,1299114.710998115,55343504.16393429,1229855.6480874286,863328.3049999999
Asia,2021-03-29,4678052014,3506383.127477112,4132172.678101826,4040202.150437964,3506383.127477112,2577230.931606251,1729859.0832442911,1233573.1817365412,5725181.514254279,114503.63028508559,427968.32399999996
Oceania,2021-03-29,42936804,-6931.271529811875,-1330.0431847089385,-2397.6416927204077,-4864.14274928315,-7789.056468952983,-9955.595419388006,-11086.727333170147,-103876.98442926924,-4946.52306806044,986.041
European Union,2021-03-29,447189915,684311.216042791,684313.3671730629,684313.3064084613,684312.7935217973,684311.216042791,684310.9868681479,684310.6951394309,18476470.57692304,684313.7250712237,611171.148
North America,2021-03-29,370982987,683540.1585760411,683540.1585760411,683540.1585760411,683540.1585760411,683540.1585760411,683540.1585760411,683540.1585760411,1367080.3171520822,683540.1585760411,573259.043
Latin America and Caribbean,2021-04-05,655799753,1392903.1504799766,1434113.5099892337,1426648.7415733798,1404661.5154689539,1368276.7905177537,1344503.0366324876,1339498.53604231,56931195.52990939,1265137.6784424307,893899.314
Asia,2021-04-05,4678052014,3639550.8554425146,4266034.626996872,4171995.4456597455,3639550.8554425146,2676516.46337011,1806840.8634895494,1286564.760214915,6122501.941296241,122450.03882592483,438487.32899999997
Oceania,2021-04-05,42936804,-6875.081881040708,-1308.1959438568174,-2289.8709696799838,-4824.37571089242,-7793.391545135779,-9972.893724935733,-11089.09434549455,-105374.59117084075,-5017.83767480194,1004.038
European Union,2021-04-05,447189915,701087.6341309911,701089.7852612629,701089.7244966615,701089.2116099974,701087.6341309911,701087.4049563479,701087.1132276311,18929433.86530444,701090.1431594237,627702.152
North America,2021-04-05,370982987,688393.6731391478,688393.6731391478,688393.6731391478,688393.6731391478,688393.6731391478,688393.6731391478,688393.6731391478,1376787.3462782956,688393.6731391478,578999.043
Latin America and Caribbean,2021-04-12,655799753,1436782.850994254,1483488.3243051083,1472569.8013044877,1449210.8777019694,1413035.9381655038,1388019.4045704287,1382702.8631723255,58593382.895884484,1302075.1754640995,933012.325
Asia,2021-04-12,4678052014,3799148.8670446966,4455989.156439959,4369302.637729536,3799148.8670446966,2812924.180722476,1889290.4636878443,1352765.5748404295,6511542.368338203,130230.84736676406,453558.343
Oceania,2021-04-12,42936804,-6688.316958792745,-1130.618890336155,-2023.6447108896896,-4536.510993610853,-7490.800181448238,-9740.700129137349,-10969.328893290423,-102226.99791241228,-4867.952281543442,1007.041
European Union,2021-04-12,447189915,717318.5722191911,717320.723349463,717320.6625848615,717320.1496981975,717318.5722191911,717318.343044548,717318.0513158311,19367669.19368584,717321.0812476238,646255.141
North America,2021-04-12,370982987,691908.1877022545,691908.1877022545,691908.1877022545,691908.1877022545,691908.1877022545,691908.1877022545,691908.1877022545,1383816.375404509,691908.1877022545,586124.042
Latin America and Caribbean,2021-04-19,655799753,1480543.2425452645,1533017.1809031616,1518089.3107201871,1493157.802333029,1457008.8874516832,1430290.5546539968,1425438.4835809416,60225034.76185958,1338334.1058191017,968618.322
Asia,2021-04-19,4678052014,3966961.904193172,4664171.8341439655,4605816.3530981755,3969707.5852703466,3005023.6167996856,2029545.037053694,1446470.0346938013,6972323.795380164,139446.47590760328,473543.37799999997
Oceania,2021-04-19,42936804,-6553.1738818696485,-993.7859314763119,-1782.1770629816258,-4288.965153663622,-7414.771280474802,-9659.469060682148,-10800.03512103811,-100276.40465398379,-4775.066888284942,1029.042
European Union,2021-04-19,447189915,733371.3103073912,733373.4614376631,733373.4006730615,733372.8877863975,733371.3103073912,733371.081132748,733370.7894040311,19801093.122067243,733373.8193358239,663547.157
North America,2021-04-19,370982987,697025.7022653613,697025.7022653613,697025.7022653613,697025.7022653613,697025.7022653613,697025.7022653613,697025.7022653613,1394051.4045307226,697025.7022653613,591544.044
Latin America and Caribbean,2021-04-26,655799753,1523767.0287870883,1581970.6257351288,1562661.3191014242,1536732.979836273,1499725.197802735,1472036.2493099028,1467672.5362897697,61798143.12783467,1373292.0695074373,1003127.321
Asia,2021-04-26,4678052014,4209047.781343927,5016771.882849204,4950051.639554764,4266444.878951747,3265616.544039324,2442388.5451019313,1594511.7508691377,7450211.045655074,149004.22091310148,502705.392
Oceania,2021-04-26,42936804,-6365.68031400113,-560.2690423838139,-1442.654764027514,-3965.4957935207926,-7146.264429620391,-9502.464682374319,-10524.094637299817,-96872.6113955553,-4612.981495026443,1044.0430000000001
European Union,2021-04-26,447189915,746932.0483955912,746934.199525863,746934.1387612616,746933.6258745976,746932.0483955912,746931.819220948,746931.5274922312,20167233.050448645,746934.5574240239,679508.165
North America,2021-04-26,370982987,702417.216828468,702417.216828468,702417.216828468,702417.216828468,702417.216828468,702417.216828468,702417.216828468,1404834.433656936,702417.216828468,596884.043
Latin America and Caribbean,2021-05-03,655799753,1558583.9496496932,1621742.1009599841,1598916.9624397438,1572297.171292087,1534433.6772290266,1505255.4574976705,1500805.640005357,62987512.05341303,1399722.4900758453,1036486.325
Asia,2021-05-03,4678052014,4563467.860696817,5519829.32346633,5389470.1765909195,4637628.458545477,3576032.335820854,2724647.5356194964,1751573.4807562167,7951156.650768693,159023.13301537384,538752.396
Oceania,2021-05-03,42936804,-6131.648731133383,102.01576720050113,-1109.118049111696,-3527.9043197274545,-6903.473471218641,-9283.399178494114,-10450.100571886263,-92129.01813712684,-4387.096101767945,1054.046
European Union,2021-05-03,447189915,758912.4479891676,758914.5991194395,758914.538354838,758914.025468174,758912.4479891676,758912.2188145245,758911.9270858077,20490703.839475207,758914.9570176003,692992.167
North America,2021-05-03,370982987,707302.7313915747,707302.7313915747,707302.7313915747,707302.7313915747,707302.7313915747,707302.7313915747,707302.7313915747,1414605.4627831494,707302.7313915747,602007.049
Latin America and Caribbean,2021-05-10,655799753,1592479.8395991328,1658448.452191579,1633736.7492970615,1607246.0475705075,1567335.6450650275,1537738.5854056624,1532813.63192634,64119281.7289914,1424872.9273109199,1066659.321
Asia,2021-05-10,4678052014,4972287.483166328,6055270.480275457,5851989.20911227,5164728.932666613,3892641.810173918,2905728.9444929506,1910263.3915971594,8453470.255882312,169069.40511764624,577647.385
Oceania,2021-05-10,42936804,-6088.045155277728,453.3231035442718,-908.2269028112803,-3247.1624222966807,-6760.320552020432,-9262.074844852672,-10484.069398024752,-91833.22487869837,-4373.010708509446,1061.046
European Union,2021-05-10,447189915,766745.1475827441,766747.298713016,766747.2379484144,766746.7250617504,766745.1475827441,766744.918408101,766744.626679384,20702186.72850177,766747.6566111768,704454.17
North America,2021-05-10,370982987,712176.2459546814,712176.2459546814,712176.2459546814,712176.2459546814,712176.2459546814,712176.2459546814,712176.2459546814,1424352.4919093628,712176.2459546814,606867.044
Latin America and Caribbean,2021-05-17,655799753,1626084.843525832,1692997.605816021,1668720.4942587402,1641230.1291035882,1599889.2737576629,1569915.0328139681,1564748.9032213297,65193237.65456975,1448738.6145459944,1095809.33
Asia,2021-05-17,4678052014,5388813.184572667,6611003.301522284,6437760.550344363,5595158.60662545,4196831.505408631,3081398.364614939,2030114.3764127751,8953981.86099593,179079.6372199186,616896.371
Oceania,2021-05-17,42936804,-5972.681404089861,696.0814609277902,-433.6704000114872,-2997.173773203619,-6599.903820871708,-9007.63290090868,-10414.24376153007,-90059.03162026992,-4288.525315250949,1077.048
European Union,2021-05-17,447189915,771982.6471763205,771984.7983065924,771984.7375419909,771984.2246553269,771982.6471763205,771982.4180016774,771982.1262729606,20843599.217528336,771985.1562047532,713344.142
North America,2021-05-17,370982987,717792.7605177881,717792.7605177881,717792.7605177881,717792.7605177881,717792.7605177881,717792.7605177881,717792.7605177881,1435585.5210355762,717792.7605177881,611221.044
Latin America and Caribbean,2021-05-24,655799753,1659604.1205952747,1727174.1480731599,1703104.3083142468,1676028.987324814,1632880.4148338118,1601558.827380676,1597148.3060030532,66246599.330148116,1472146.651781069,1123943.324
Asia,2021-05-24,4678052014,5770309.056059177,7136521.329002605,6999207.75038581,6065527.061976265,4504270.162263544,3209322.935206627,2136646.032827093,9423830.466109548,188476.60932219098,655539.388
Oceania,2021-05-24,42936804,-5856.740080720623,1257.0476915988484,-195.63561248389658,-2806.5054150277388,-6464.808119522358,-8752.477108882282,-10385.229388088452,-88276.43836184143,-4203.639921992449,1097.047
European Union,2021-05-24,447189915,774762.946769897,774765.0979001689,774765.0371355673,774764.5242489033,774762.946769897,774762.7175952538,774762.4258665369,20918667.3065549,774765.4557983296,720102.145
North America,2021-05-24,370982987,721794.2750808948,721794.2750808948,721794.2750808948,721794.2750808948,721794.2750808948,721794.2750808948,721794.2750808948,1443588.5501617896,721794.2750808948,615384.042
Latin America and Caribbean,2021-05-31,655799753,1693013.4122348102,1760877.0497204768,1737567.655837629,1709085.4636387639,1665421.0039969843,1632620.231998487,1628009.129456422,67284404.50572647,1495208.9890161438,1152638.305
Asia,2021-05-31,4678052014,6075096.6703621475,7666797.587525133,7438707.208042645,6411805.409561743,4748853.382578549,3331198.251783278,2238823.1160140247,9865509.880211912,197310.19760423826,689306.4079999999
Oceania,2021-05-31,42936804,-5908.421796160852,1686.518052865762,96.10686461925533,-2709.670254880964,-6561.10218860897,-8832.300976171293,-10399.051445465324,-88922.6012831892,-4234.409584913771,1103.046
European Union,2021-05-31,447189915,779013.7663634734,779015.9174937452,779015.8567291436,779015.3438424796,779013.7663634734,779013.5371888302,779013.2454601133,21033439.43558146,779016.2753919059,725645.137
North America,2021-05-31,370982987,726321.7896440015,726321.7896440015,726321.7896440015,726321.7896440015,726321.7896440015,726321.7896440015,726321.7896440015,1452643.579288003,726321.7896440015,619829.042
Latin America and Caribbean,2021-06-07,655799753,1726545.4107575803,1795006.2157410413,1773170.7199318586,1742360.642256579,1698526.0234797448,1664620.4328365596,1659073.3268896358,68335043.6667887,1518556.5259286377,1183489.307
Asia,2021-06-07,4678052014,6340177.826815748,8045163.145422186,7818708.89981159,6783887.260269296,4955151.750180117,3442203.6685791574,2342893.523234375,10202713.842316855,204054.27684633707,717689.399
Oceania,2021-06-07,42936804,-5953.976251408745,2104.7797299442836,349.8295833886472,-2700.8968909963005,-6609.652838288487,-8950.590035387742,-10411.926805244118,-89598.16420453698,-4266.579247835094,1105.048
European Union,2021-06-07,447189915,782491.19111834,782493.3422486119,782493.2814840104,782492.7685973464,782491.19111834,782490.9619436968,782490.67021498,21127329.90396286,782493.7001467727,729771.147
North America,2021-06-07,370982987,730801.3726384587,731103.95467749,731068.6399863265,730938.9053736518,730752.659689879,730663.5084371915,730652.8807057623,1461221.579288003,730610.7896440015,623274.036
Latin America and Caribbean,2021-06-14,655799753,1759547.999704604,1828626.6976462202,1808594.2139725522,1775679.2170911669,1730556.1267496007,1695680.7778392003,1689715.218959218,69371620.32785094,1541591.5628411318,1212698.291
Asia,2021-06-14,4678052014,6495882.384490478,8234352.367443695,8014014.547780724,6995511.2420889605,5125225.291851049,3556439.556866195,2413885.619703387,10489492.804421796,209789.85608843595,751850.4
Oceania,2021-06-14,42936804,-5947.205456522351,2191.811315648953,752.879506326043,-2479.949363030717,-6532.790535755023,-8843.11400279616,-10382.453908728252,-89160.72712588475,-4245.748910756417,1106.049
European Union,2021-06-14,447189915,788244.0158732068,788246.1670034786,788246.106238877,788245.593352213,788244.0158732068,788243.7866985635,788243.4949698467,21282656.172344264,788246.5249016393,733544.168
North America,2021-06-14,370982987,735286.6137859046,735866.515104208,735783.6304200528,735545.7301365469,735232.5579524403,735097.6517132854,735053.783375251,1469987.579288003,734993.7896440015,625924.04
Latin America and Caribbean,2021-06-21,655799753,1791993.3768732422,1861397.5278363319,1843723.23628827,1808403.4460646547,1762441.6866561568,1726006.427998273,1720041.2765522397,70397748.73891316,1564394.4164202926,1241486.302
Asia,2021-06-21,4678052014,6650294.209841791,8425326.76641801,8217527.148668162,7185573.766200035,5283229.740500106,3656449.5234076376,2465947.1061062384,10770179.766526738,215403.59533053476,772607.416
Oceania,2021-06-21,42936804,-6054.813557666785,2145.9676549604674,961.6903389871876,-2460.8285932757694,-6656.003037676994,-8997.984567258494,-10449.219310216602,-90659.49004723252,-4317.118573677739,1117.053
European Union,2021-06-21,447189915,792767.4406280734,792769.5917583451,792769.5309937437,792769.0181070797,792767.4406280734,792767.2114534301,792766.9197247133,21404788.64072566,792769.949656506,736214.178
North America,2021-06-21,370982987,739545.1093888417,740440.6635612968,740321.541770753,739956.2103971072,739474.9898938513,739301.0863642308,739250.5434038978,1478291.579288003,739145.7896440015,628205.046
Latin America and Caribbean,2021-06-28,655799753,1822776.778868056,1892985.077611337,1876451.0798927136,1840316.4625319159,1792488.392429041,1755419.8753264546,1749635.1943721336,71397144.89997539,1586603.219999453,1267743.302
Asia,2021-06-28,4678052014,6805672.333517514,8593389.866231456,8392388.134571223,7376587.19207018,5449554.397374756,3743471.4059294253,2520638.3145111953,11065970.72863168,221319.41457263363,790048.434
Oceania,2021-06-28,42936804,-6131.5434687311335,2751.6233126880456,1262.9834775310796,-2343.7975394639816,-6661.796669228538,-9118.139233677908,-10470.540503214956,-92141.4529685803,-4387.688236599061,1127.056
European Union,2021-06-28,447189915,794991.6753545477,795483.3220837405,795404.5672477619,795199.9566426307,794932.6112272061,794735.0171312679,794682.7472568452,21454623.463938527,794615.683849575,738569.181
North America,2021-06-28,370982987,744528.2531760891,745636.2628802577,745539.4343090054,744965.6628466999,744430.9768568963,744198.4644020145,744129.2404162289,1487981.579288003,743990.7896440015,630276.052
Latin America and Caribbean,2021-07-05,655799753,1845895.0274912915,1918086.0798471658,1900641.0650827875,1864482.8239163414,1815960.9192638358,1777783.9241285934,1772263.4367140655,72086922.74657093,1601931.6165904652,1292470.305
Asia,2021-07-05,4678052014,6966671.225882809,8776274.944207631,8630796.647305772,7559199.827417256,5583949.832031959,3849100.8475751,2575487.34317984,11310910.557900414,226218.21115800826,806336.433
Oceania,2021-07-05,42936804,-6028.200827672769,3023.3584083447167,1822.8992178787544,-2074.5797231001793,-6442.264503891728,-8898.808723486845,-10313.403667747212,-91943.41588992807,-4378.257899520384,1143.058
European Union,2021-07-05,447189915,795489.5041189764,796629.4949071028,796503.9434766031,795885.1988480883,795379.1242832217,795040.3303554757,794956.9687596791,21463095.018742047,794929.4451385944,740432.168
North America,2021-07-05,370982987,749259.6098176686,750519.5431885729,750446.3427317594,749843.7400231492,749169.4096805354,748892.1547097695,748780.955765551,1497381.579288003,748690.7896440015,631931.048
Latin America and Caribbean,2021-07-12,655799753,1868340.5270371789,1943756.122155003,1924172.102264558,1887507.943087601,1838973.9887879537,1798055.6664170981,1793687.6508177617,72583253.53979567,1612961.189773237,1313469.297
Asia,2021-07-12,4678052014,7132042.455869524,8952636.692882648,8828276.042731635,7767338.595986447,5728759.363988005,3940165.6172518902,2644809.305823571,11589684.387169145,231793.6877433829,828090.438
Oceania,2021-07-12,42936804,-5856.343901120253,3527.530317746801,2461.318234310694,-1516.332880568776,-6226.212069594803,-8766.652449261708,-10177.77346386853,-91825.17881127584,-4372.627562441707,1176.056
European Union,2021-07-12,447189915,799045.1164719904,800762.6306230819,800492.5360738551,799601.2821605107,798894.2301649905,798404.2962003847,798245.3613852017,21553672.493545566,798284.1664276136,741557.173
North America,2021-07-12,370982987,754016.0519069622,755387.131563883,755246.707003105,754633.6869080802,753856.4705129325,753518.1567460858,753441.8935836783,1506761.579288003,753380.7896440015,633822.049
Latin America and Caribbean,2021-07-19,655799753,1890875.0035824017,1968009.7363022272,1947813.8205039194,1909847.7416086849,1860965.980266599,1819129.5603700734,1814782.5567969778,73117123.33302042,1624824.9629560092,1332951.298
Asia,2021-07-19,4678052014,7295351.879019767,9258557.503970755,9059078.407459926,7940297.950116185,5882048.005714295,4043039.836301274,2719177.209221157,11858756.216437878,237175.12432875755,849156.448
Oceania,2021-07-19,42936804,-5644.689972833389,3959.5616436004616,2898.358469651759,-1164.3305840121577,-5740.001822234951,-8577.862542770397,-10025.79803406147,-92320.14173262363,-4396.197225363029,1242.059
European Union,2021-07-19,447189915,801585.1420136237,803991.4961323573,803574.8978122278,802331.029577589,801350.1158915607,800843.5709203074,800489.9022574273,21616238.62115808,800601.4304132621,742354.186
North America,2021-07-19,370982987,759097.4419128357,760625.1395016218,760420.1498589036,759754.6961446581,758863.7700634989,758507.7098803386,758458.5890085658,1516799.579288003,758399.7896440015,635695.053
Latin America and Caribbean,2021-07-26,655799753,1912904.5045654485,1990717.5307502297,1971293.9518067075,1931522.6287803813,1883642.1887124986,1839239.2623350844,1835879.3049945256,73712082.12624516,1638046.2694721145,1350590.29
Asia,2021-07-26,4678052014,7481340.156865274,9502448.092902979,9253502.687769827,8132363.072284508,6046744.777953837,4155352.5398095446,2796380.3765091635,12236197.04570661,244723.9409141322,877266.467
Oceania,2021-07-26,42936804,-5469.0028453571595,4335.239323346068,3215.1848465284047,-773.6289531868946,-5599.217140297411,-8556.872060931357,-9910.356979480892,-93075.50465397141,-4432.166888284352,1336.055
European Union,2021-07-26,447189915,802340.928717034,805716.575133737,804946.5733635598,803200.5085966755,802008.5101119848,801397.260222021,800921.2236131119,21627323.970118903,801011.9988932927,743268.211
North America,2021-07-26,370982987,766270.4521872364,767572.4696968709,767399.5390715676,766692.2930224689,765672.6697466444,765253.3888365678,765132.882445222,1530121.579288003,765060.7896440015,637683.053
Latin America and Caribbean,2021-08-02,655799753,1935145.3519879952,2012295.4132984623,1993151.5789599793,1952368.4000342162,1903533.0882360039,1860667.7198324562,1854337.8361435714,73929131.42507489,1642869.5872238863,1368081.274
Asia,2021-08-02,4678052014,7663874.113963603,9752713.62190682,9555337.696835084,8316794.677572024,6215647.235397994,4273627.579700648,2884620.0347672827,12691800.513943193,253836.01027886386,907325.468
Oceania,2021-08-02,42936804,-5280.774554651833,4760.503498981591,4085.2886054679884,-265.79577470636883,-5298.043905884551,-8559.3273696063,-9796.8929242324175,-93368.86757531918,-4446.136551205675,1398.061
European Union,2021-08-02,447189915,805095.4116209188,809127.1936378949,808564.458703254,806068.291910048,804672.6890428344,803800.0789104494,803354.8289909587,21688329.861776356,803271.4763620872,744543.212
North America,2021-08-02,370982987,776366.055654982,777956.5750010645,777304.4456985748,776369.4013201349,775265.138830221,774751.2513539399,774606.7584547428,1548991.579288003,774495.7896440015,640483.053
Latin America and Caribbean,2021-08-09,655799753,1959846.1600896525,2037632.0581380785,2016100.5260243975,1976136.0749505416,1925391.3696511057,1885359.3094436768,1871424.6538248737,73957517.4233428,1643500.3871853952,1384391.274
Asia,2021-08-09,4678052014,7835038.630911716,10018700.39419163,9776888.387735942,8490164.583012894,6386576.1615694435,4375665.020415313,2964579.547604899,13134354.90352809,262687.0980705618,939975.477
Oceania,2021-08-09,42936804,-5278.127883209147,5976.139057677707,4227.302242289497,37.242360758889404,-5278.127883209147,-8528.181428411057,-9586.405087734342,-95858.83049666695,-4564.706214126998,1479.058
European Union,2021-08-09,447189915,809141.2230938942,814097.9944587685,813292.1679159639,810267.1349305942,808507.1890731296,807469.8285201329,806899.8553741113,21766853.41267526,806179.7560250097,746168.213
North America,2021-08-09,370982987,788458.2625710039,789836.3117612033,789505.2688020477,788458.2625710039,786872.7019322348,786282.6366722614,786050.184872508,1571905.579288003,785952.7896440015,644217.056
Latin America and Caribbean,2021-08-16,655799753,1985566.6333564373,2066609.3072573808,2040702.3765695835,2001123.2220639382,1947698.8521875278,1907505.8891316631,1889011.8394630763,73979571.1716107,1643990.4704802376,1399288.275
Asia,2021-08-16,4678052014,8003857.113598439,10284712.938524654,9998638.417465355,8685513.424274892,6564933.020530606,4472195.912699867,3041111.3715347853,13677061.293112986,273541.22586225974,973819.504
Oceania,2021-08-16,42936804,-5172.864744295305,6880.537906412063,4743.6039902429,432.231777963433,-5172.864744295305,-8578.486366309919,-9541.280641047077,-95858.83049666695,-4564.706214126998,1580.061
European Union,2021-08-16,447189915,815838.8682754455,820366.6999915981,819510.8697392071,815838.8682754455,813183.831337319,811809.0079275586,810822.1495117549,21856047.184585392,809483.2290587182,748073.207
North America,2021-08-16,370982987,799924.4900091703,801515.908075486,800734.3712961705,799924.4900091703,797813.0048196488,797197.8705435138,796875.1985596836,1593651.579288003,796825.7896440015,649453.056
Latin America and Caribbean,2021-08-23,655799753,2009860.760366413,2087733.973660805,2065753.0730131797,2026679.7588763128,1968947.8712410217,1927372.3711850124,1906176.8923749598,73997646.91987859,1644392.1537750799,1414628.285
Asia,2021-08-23,4678052014,8169555.080481933,10489838.84622263,10220172.28497728,8878934.73256888,6783188.398334612,4568168.814192251,3121107.2706100265,14415631.682697885,288312.6336539577,1005630.514
Oceania,2021-08-23,42936804,-5082.46012607587,7470.342488539584,5225.6635025239975,733.1472593606715,-5082.46012607587,-8478.542187264173,-9462.382616844554,-95858.83049666695,-4564.706214126998,1647.065
European Union,2021-08-23,447189915,821142.3717080592,826640.3274348566,825779.3475188202,821638.5831086286,818350.3917714903,816120.2283997618,814927.4325582215,21927872.64525956,812143.4313059095,750937.215
North America,2021-08-23,370982987,815882.9623781854,819614.801021582,816544.0969044303,815882.9623781854,805665.6716887861,802984.1100587255,802215.6055968268,1593651.579288003,796825.7896440015,657069.056
Latin America and Caribbean,2021-08-30,655799753,2032884.5687434133,2110164.1647145837,2091060.3884767215,2053874.9991148931,1986602.2175708623,1947203.3185150777,1924689.0725526316,74006525.65064788,1644589.4589032861,1428660.275
Asia,2021-08-30,4678052014,8323470.122484892,10699957.09409022,10478167.151362387,9073728.827356195,6961539.588886982,4654175.25856907,3194612.5812830967,15029457.07228278,300589.1414456556,1034788.51
Oceania,2021-08-30,42936804,-4998.55093400016,7860.490404040004,5692.4873288293275,1038.9992950591811,-4998.55093400016,-8418.540179523328,-9229.400825962455,-95858.83049666695,-4564.706214126998,1714.069
European Union,2021-08-30,447189915,823081.8280746447,832154.0582838128,830669.8624483257,825124.076323802,820559.259615001,817604.5149663818,816209.2569182157,21929005.24975394,812185.3796205163,754183.206
North America,2021-08-30,370982987,832390.6713351379,841760.8618075027,834857.5382268896,832390.6713351379,814122.7644386925,808384.8550220864,807105.4590165417,1593651.579288003,796825.7896440015,666709.057
Latin America and Caribbean,2021-09-06,655799753,2061603.09428228,2150684.392247652,2119594.5696324673,2081916.037904041,2009898.3993644705,1966012.0274273083,1940798.7691174846,74006525.65064788,1644589.4589032861,1442205.282
Asia,2021-09-06,4678052014,8474475.142190108,10932554.093377655,10790846.814730724,9259862.544487767,7113564.002782471,4731262.987486384,3268978.191503008,15029457.07228278,300589.1414456556,1061628.526
Oceania,2021-09-06,42936804,-4819.32448959109,8164.8487584808745,6197.673002825378,1457.2610380984622,-4819.32448959109,-8309.152044915756,-9361.227248717767,-95858.83049666695,-4564.706214126998,1792.07
European Union,2021-09-06,447189915,826242.2484395156,839942.6374081112,836840.4112465378,829897.5453226503,822913.3795509082,819461.2215108726,818175.5662825496,21929005.24975394,812185.3796205163,757688.204
North America,2021-09-06,370982987,849201.4834141352,863840.8037598846,853249.5506802398,849201.4834141352,822820.0175778817,814553.3361289025,811430.4820763189,1593651.579288003,796825.7896440015,676518.059
Latin America and Caribbean,2021-09-13,655799753,2087885.7174529717,2186846.2596444553,2155869.195937147,2110611.1620669835,2033826.3652216531,1988715.732846931,1958656.0494280297,74006525.65064788,1644589.4589032861,1453940.285
Asia,2021-09-13,4678052014,8615855.300632434,11114929.719161274,11014765.51807795,9447331.111199383,7233817.401195124,4794426.175631706,3338594.603308399,15029457.07228278,300589.1414456556,1084882.54
Oceania,2021-09-13,42936804,-4652.1188739834215,8389.800697915009,6607.240897202523,1671.5443162204983,-4652.1188739834215,-8310.911596828822,-9376.421562732885,-95858.83049666695,-4564.706214126998,1864.065
European Union,2021-09-13,447189915,832514.4120355413,847721.9956042393,846231.8989900892,834869.889360819,825704.5590393124,820711.2974723625,819180.3580915274,21929005.24975394,812185.3796205163,761230.218
North America,2021-09-13,370982987,868184.1313282934,886622.4232356227,875861.4310066141,868184.1313282934,832775.0022914438,821568.7752569123,817272.4797626465,1593651.579288003,796825.7896440015,689733.058
Latin America and Caribbean,2021-09-20,655799753,2114197.0207895963,2228099.4719257983,2194305.6046072096,2140323.1997055393,2058118.6369763573,2007497.7737396045,1970590.5238350867,74006525.65064788,1644589.4589032861,1465245.271
Asia,2021-09-20,4678052014,8757118.902130479,11329025.876646824,11199445.146368371,9624952.673973909,7365328.567006789,4857535.146900828,3407096.1657943097,15029457.07228278,300589.1414456556,1104643.547
Oceania,2021-09-20,42936804,-4488.432070755357,8613.031338611698,7238.997940828366,1903.0069037094863,-4488.432070755357,-8088.401991987131,-9223.74032227373,-95858.83049666695,-4564.706214126998,1984.066
European Union,2021-09-20,447189915,838709.18214571,857931.179574758,855288.9826960682,839948.2912907451,828934.4611145089,822408.5374667863,818597.8268022935,21929005.24975394,812185.3796205163,765093.231
North America,2021-09-20,370982987,887166.7792424517,909440.0826424331,899181.3108906467,887166.7792424517,842093.7544340603,828233.3438564381,823074.663340056,1593651.579288003,796825.7896440015,703563.063
