custom_regions,date,population,cumulative_estimated_daily_excess_deaths_per_100k,cumulative_estimated_daily_excess_deaths_ci_95_top_per_100k,cumulative_estimated_daily_excess_deaths_ci_90_top_per_100k,cumulative_estimated_daily_excess_deaths_ci_50_top_per_100k,cumulative_estimated_daily_excess_deaths_ci_50_bot_per_100k,cumulative_estimated_daily_excess_deaths_ci_90_bot_per_100k,cumulative_estimated_daily_excess_deaths_ci_95_bot_per_100k,cumulative_estimated_daily_excess_deaths_raw_estimate_per_100k,cumulative_daily_excess_deaths_per_100k,cumulative_daily_covid_deaths_per_100k
Latin America and Caribbean,2020-03-02,649993496,1.4237736450563068,6.519530980710231,5.354465682242273,1.4237736450563068,-2.4746716120205168,-4.756446345061296,-5.017946300826234,-32.71013106353328,-0.7268918014118506,0
Latin America and Caribbean,2020-03-09,649993496,1.5561087211947662,6.850217204093221,5.7440184109135215,1.5561087211947662,-2.4333359888337496,-4.819801554588881,-4.907128147158732,-28.48029995860314,-0.6328955546356253,1.540015409631114e-4
Latin America and Caribbean,2020-03-16,649993496,1.6300783732309316,7.166551957869568,5.986692739215207,1.6300783732309316,-2.4607266652881847,-4.877298698875446,-4.9337918393439475,-27.058980282273023,-0.6013106729394007,0.0012320123277048912
Latin America and Caribbean,2020-03-23,649993496,2.1545346876434865,7.839554020059825,6.626735206583426,2.171812425775842,-2.0414594668689303,-4.452005894763279,-4.57302082208125,-5.983994560698381,-0.1329776569044084,0.021233904777410266
Latin America and Caribbean,2020-06-15,649993496,36.593569873067395,43.29860363600355,41.712770009530914,36.593569873067395,30.338468429138736,27.839822331550643,27.02445320611719,1402.466238400666,31.16591640890369,16.17433061207123
Latin America and Caribbean,2020-06-22,649993496,40.86289176309718,47.552052836409786,46.17653009811387,40.86289176309718,34.54945082860671,31.770054715258343,31.07560753995527,1569.5106199502043,34.8780137766712,19.120208858212944
Latin America and Caribbean,2020-06-29,649993496,45.45450202151422,51.8344247071596,50.766752238126244,45.45450202151422,38.92429867434606,36.108387689905456,35.319918947325625,1739.706177199626,38.6601372711028,21.952547045178434
Latin America and Caribbean,2020-07-06,649993496,50.816938333959044,56.94262115770986,56.04478670051871,50.816938333959044,44.22133131133787,40.93805033673446,40.32365931293194,1940.924192507215,43.13164872238256,24.79626842296896
Latin America and Caribbean,2020-07-13,649993496,56.47985424923119,62.24668963130415,61.825496374493795,56.47985424923119,49.731404379395634,45.72529948697884,45.13909499815425,2145.804552153093,47.684545603402064,27.75860437225052
Latin America and Caribbean,2020-05-04,649993496,12.73906112866832,19.29844157986051,17.860736891557085,12.793872386639078,7.928089762564329,5.013547418607328,3.9526412322915454,437.09472696312355,9.71321615473608,3.1321964181623136
Latin America and Caribbean,2020-05-11,649993496,16.162867365000196,22.703718729713586,21.254796505891125,16.162867365000196,11.158082887002715,8.286539352396247,7.125700826621606,581.8899419634829,12.930887599188509,4.65821061077202
Latin America and Caribbean,2020-05-18,649993496,19.80936862251848,26.41868230634896,24.876632110384122,19.80936862251848,14.581012824486155,11.80606395101031,10.54669271114464,736.5046013725598,16.366768919390218,6.463154979015359
Latin America and Caribbean,2020-05-25,649993496,23.681083064253396,30.434467479746434,28.695531368804932,23.681083064253396,18.10870849993936,15.631834959250947,14.653767245312705,897.5321711040501,19.94515935786778,8.607793361673883
Latin America and Caribbean,2020-06-01,649993496,27.815952107837077,34.637918246328866,32.62444665157591,27.815952107837077,21.96450375112494,19.477454813511656,18.823767345883567,1061.2377500142463,23.583061111427693,10.831661767889441
Latin America and Caribbean,2020-06-08,649993496,32.21362035453073,39.036099655848034,37.272998127744714,32.21362035453073,26.283786395097902,23.69778731619855,22.934989320453994,1232.0984005191895,27.37996445598199,13.535535746345376
Latin America and Caribbean,2020-02-17,649993496,1.3397614415226433,5.603841008329056,4.68955329451036,1.3397614415226433,-2.3188866703747806,-4.181695087712513,-4.902737881152782,-32.26260345734082,-0.7169467434964629,0
Latin America and Caribbean,2020-02-24,649993496,1.2938474004173262,5.70737778595004,4.967039898034171,1.2938474004173262,-2.521169289997804,-4.648277159857254,-5.142543128102377,-37.685243533150995,-0.8374498562922442,0
Latin America and Caribbean,2021-03-01,649993496,203.26118268159755,211.6336398635432,209.78067933324158,203.26118268159755,190.09064980541902,183.3260959275002,183.2001204453951,7227.476309859598,160.61058466354663,116.93043540854138
Latin America and Caribbean,2021-03-08,649993496,209.0144686461586,217.36075982797837,215.726782636862,209.0144686461586,195.8146374528055,188.81832971513288,188.71603136726694,7447.915649086947,165.50923664637662,120.8166276789945
Latin America and Caribbean,2021-03-15,649993496,214.6565330410878,222.8539387964055,221.3971844735553,214.6565330410878,201.41865623083046,194.311814837205,194.04392313252302,7663.751557636277,170.30559016969505,124.62805273977695
Latin America and Caribbean,2021-03-22,649993496,220.33856230560977,228.58972908954993,227.0994604605988,220.33856230560977,206.91660292734406,199.86225617815703,199.47220485561553,7880.824747796805,175.129438839929,128.85425025852874
Latin America and Caribbean,2020-03-30,649993496,3.237728962960501,8.91122213133899,7.732787285998923,3.237728962960501,-1.1217979749129146,-3.5612687855498466,-4.640349583354143,38.00035637565813,0.8444523639035141,0.09615726985674329
Latin America and Caribbean,2020-04-06,649993496,4.411214067953865,10.261802475853832,9.058895100673954,4.411214067953865,-0.04793820829318256,-2.6115370016917754,-3.6929773799071564,86.41245087228103,1.920276686050689,0.26631281861318806
Latin America and Caribbean,2020-04-13,649993496,5.603933901435461,11.685691413011588,10.538218637774241,5.603933901435461,1.0797264226306038,-1.626096022015351,-2.676829953430562,134.97293146906262,2.99939847709028,0.5850895468037115
Latin America and Caribbean,2020-04-20,649993496,7.055540916981753,13.374670345351523,12.033475860244291,7.055540916981753,2.4096479137716393,-0.3499240746967893,-1.3858877872147901,195.12991271759842,4.336220282613297,1.0718658021771958
Latin America and Caribbean,2020-04-27,649993496,9.578821622940804,16.11588643504641,14.552017289464954,9.578821622940804,4.888774177672688,2.034542719081948,1.033244359213584,304.3336708399478,6.76297046310995,1.968798777026532
Latin America and Caribbean,2021-04-26,649993496,251.5457589923286,259.78381050789784,258.624788911782,251.5457589923286,237.23857368833302,229.36536004573907,228.90738114577286,8997.752840469688,199.9500631215486,155.2414418312887
Latin America and Caribbean,2021-05-03,649993496,257.03435159386817,265.73337693506795,265.05248843156045,257.03435159386817,242.67473896873116,234.14116055760158,233.88775741639975,9166.048361648649,203.6899635921922,160.3656481818089
Latin America and Caribbean,2021-05-10,649993496,262.6096482569187,272.2842376280081,271.5356939923926,262.6096482569187,248.0331867328781,238.9223341053794,238.70702564528472,9297.363273813822,206.6080727514183,165.01107881854867
Latin America and Caribbean,2021-05-17,649993496,268.05188184974264,279.11496715743203,277.6868117956695,268.05188184974264,253.11573584600492,243.78582681476652,243.36005763098441,9419.683980596978,209.32631067993285,169.49558646045284
Latin America and Caribbean,2021-05-24,649993496,275.0833163679025,288.16722556315807,284.8198085971582,275.0833163679025,259.5944682368869,249.84150238535483,249.73534132538612,9547.845391890534,212.17434204201183,173.84424535841816
Latin America and Caribbean,2021-05-31,649993496,281.81212649875414,297.77404455051675,291.54623312585784,281.81212649875414,265.8067270241784,256.081749462759,255.85037672336733,9665.163071533714,214.78140158963808,178.24997851978506
Latin America and Caribbean,2021-06-07,649993496,288.0544205221311,306.3867146608959,298.61620921631913,288.41601527566456,272.02783197956,261.74934486477224,261.3206349535914,9777.997686467543,217.28883747705652,182.9935652156126
Latin America and Caribbean,2021-06-14,649993496,294.2072277380673,314.9344921541724,305.66489849667107,295.08178105468926,278.2438959382553,267.38638795216895,266.8791236883784,9887.436498191675,219.7208110709261,187.4123755847551
Latin America and Caribbean,2021-06-21,649993496,300.13816026105764,323.3835759070327,312.4212241973824,301.0774534222811,284.6408419594646,272.85295907803885,272.3496466075835,9993.755855625142,222.0834634583365,191.84503640017962
Latin America and Caribbean,2021-06-28,649993496,306.3627741187363,330.8377543590037,321.1106968044884,307.6131519004171,290.81629209823916,278.2201507698867,277.81312698146286,10098.486697163677,224.41081549252615,195.87984661926524
Latin America and Caribbean,2021-07-05,649993496,313.35633627932475,338.0567836038171,330.65085529817776,314.2925700610765,297.0674975916726,282.84055927262807,282.7023587861388,10108.566541208085,224.63481202684636,199.6283464350234
Latin America and Caribbean,2021-07-12,649993496,319.7574319117541,345.181711349098,339.2861995301937,320.6319432883828,301.5088326230204,287.5286740499517,286.71014702954085,10112.110996792806,224.71357770650675,202.90484014320046
Latin America and Caribbean,2020-07-20,649993496,62.06841498508265,67.98856917409131,67.6185186669357,62.06841498508265,55.23771009292398,50.71656998711866,50.18439762381315,2349.446591715842,52.20992426035205,30.949252452212228
Latin America and Caribbean,2020-07-27,649993496,67.67866421814752,74.26002954057024,72.92588669310621,67.67866421814752,60.61366271659119,56.025924458998816,55.693459840753484,2553.217606514547,56.7381690336566,34.08928571802201
Latin America and Caribbean,2021-03-29,649993496,226.17747470448106,234.26974217974117,232.98413083022743,226.17747470448106,212.70019304150418,205.56848130917183,204.9851308757023,8101.512512586863,180.03361139081917,133.6895314103266
Latin America and Caribbean,2021-04-05,649993496,232.52052041251847,240.29804533344839,239.33943127017525,232.52052041251847,218.9180170931952,211.67864284236518,210.96388548239975,8338.092568655697,185.2909459701266,138.39281062590817
Latin America and Caribbean,2021-04-12,649993496,239.26966390458847,247.10547822887204,246.32107296948664,239.26966390458847,225.3679961031897,218.12333787275048,217.41232623782975,8583.73825389815,190.74973897551442,144.43748849450026
Latin America and Caribbean,2021-04-19,649993496,245.95373659191972,253.81497309636407,252.9800333804712,245.95373659191972,231.70747886729782,224.47894670655415,223.83853442104711,8824.187656376565,196.09305903059033,149.91585100414605
Latin America and Caribbean,2020-01-01,649993496,-0.03840224120397818,0.45563986803029255,0.3720861302069743,-0.03840224120397818,-0.5731480297235529,-0.7852332797513539,-0.9401112523315261,-14.85384717047152,-0.3300854926771449,0
Latin America and Caribbean,2020-01-06,649993496,0.3024708006296456,1.2928878429505164,1.1151932952612618,0.3024708006296456,-0.7359804338482612,-1.2437031166359784,-1.378980671847373,-12.790986608273402,-0.28424414685052,0
Latin America and Caribbean,2020-01-13,649993496,0.535170405454256,3.0336847990569407,1.9764303941564083,0.535170405454256,-0.9196059260337216,-1.768604983383188,-1.7926375162965555,-13.342190664346433,-0.29649312587436516,0
Latin America and Caribbean,2020-01-20,649993496,0.7492491148748267,3.699574963467344,2.602628584723732,0.7492491148748267,-1.2491554777881904,-2.045657211603516,-2.428035348456328,-15.478795199565205,-0.3439732266570045,0
Latin America and Caribbean,2020-01-27,649993496,0.9482840923378525,3.885025605434111,3.25003596208322,0.9482840923378525,-1.4917377061028716,-2.6232995493934745,-3.098202178405104,-20.474659114204016,-0.4549924247600892,0
Latin America and Caribbean,2020-02-03,649993496,1.1895456337780859,5.215132180517086,4.0297663151412495,1.1895456337780859,-1.780169447340176,-3.0922794415410984,-3.641714546128542,-22.109335550129913,-0.4913185677806648,0
Latin America and Caribbean,2020-02-10,649993496,1.384822192194967,5.415977799027821,4.24204172316633,1.384822192194967,-2.129665188962513,-3.566305042761256,-4.427429919284204,-26.894620434605603,-0.5976582318801246,0
Latin America and Caribbean,2021-02-15,649993496,192.82143492079658,200.93567033391312,198.9175005489417,192.82143492079658,180.2195185531371,173.5342928230185,172.9547354978313,6835.8314724143465,151.90736605365214,109.92805426471529
Latin America and Caribbean,2021-02-22,649993496,197.446498270828,205.77937603427222,203.6660809960983,197.446498270828,184.46573303158826,177.83324987542198,177.43497386453475,7003.619590283568,155.63599089519042,113.4523999913993
Latin America and Caribbean,2020-10-26,649993496,115.53136197133978,124.72883566967046,122.00530112511287,115.53136197133978,106.41147388225191,100.90415187543606,99.71775076165481,4025.183576650921,89.44852392557603,68.44947630060594
Latin America and Caribbean,2020-11-02,649993496,118.70427749820475,127.55782623470678,125.51137183030771,118.70427749820475,109.47831312265261,104.13563083400568,102.4895641740289,4117.739392848428,91.5053198410762,70.18057208375512
Latin America and Caribbean,2020-11-09,649993496,121.67837819242018,130.38979756595248,129.2167346331588,121.67837819242018,112.37854168100398,107.3107359989084,105.25416547313084,4211.030677943612,93.57845950985806,71.97397710576476
Latin America and Caribbean,2021-07-19,649993496,326.9070615994375,352.41834946491343,347.0540825537158,327.1701485014116,306.4409571550587,292.0753112007065,291.13985926959845,10112.110996792806,224.71357770650675,205.90056104192158
Latin America and Caribbean,2020-08-03,649993496,72.97630382513293,79.84389853516852,77.76003417285195,72.97630382513293,65.65710292348821,60.99170344157289,60.341450353253386,2739.273470107313,60.872743780162516,37.26901045791387
Latin America and Caribbean,2020-08-10,649993496,77.68969538630569,84.66637273521899,82.31052698594253,77.68969538630569,70.28462280376813,65.77889291376599,64.72024047779173,2912.5456288612863,64.72323619691747,40.59166155102573
Latin America and Caribbean,2020-08-17,649993496,82.15379264274661,89.1791576684651,86.58749282258661,82.15379264274661,74.53996325229693,70.29558223259856,68.81081406638269,3073.6759738147093,68.30391052921576,43.68738329652456
Latin America and Caribbean,2020-08-24,649993496,86.43489560156374,93.37463621555473,90.64016787200228,86.43489560156374,78.64982879877086,74.33478193941748,72.99825280091255,3221.186182482954,71.58191516628786,46.76956690655871
Latin America and Caribbean,2020-08-31,649993496,90.30099941895044,97.29277402023907,94.46207127285014,90.30099941895044,82.15219047562866,77.84384975745807,76.6338696932747,3355.620373213777,74.56934162697283,49.585901856470265
Latin America and Caribbean,2020-09-07,649993496,93.48364987991032,100.49354816339115,97.61961762932356,93.48364987991032,85.13626130147664,80.63532307100434,79.75465387778837,3453.6772059937643,76.74838235541698,53.030242167223165
Latin America and Caribbean,2020-09-14,649993496,96.41474926915923,103.35160633318122,100.47929014277005,96.41474926915923,87.80830512600974,83.11451444377944,82.62491212790533,3540.764775167458,78.68366167038796,55.378726897291905
Latin America and Caribbean,2020-09-21,649993496,99.76211919978006,106.44231366534366,104.47615870056732,99.76211919978006,90.9599299996421,86.34199367216047,85.35213867746984,3627.5909955722104,80.613133234938,57.59952065735747
Latin America and Caribbean,2020-09-28,649993496,103.09548450136238,110.7478724675433,107.67819819486766,103.09548450136238,94.14640406948475,89.2981528048191,88.55935951318475,3705.232613652582,82.33850252561294,59.854619068372955
Latin America and Caribbean,2020-10-05,649993496,106.39759207272061,115.06995298252777,111.35945194783555,106.39759207272061,97.75371972212973,92.31371166336208,91.50120367055622,3784.822648499584,84.10716996665741,62.82203276077089
Latin America and Caribbean,2020-10-12,649993496,109.52523116597145,118.80103160478905,115.01100390594767,109.52523116597145,100.55161875087121,95.30645434535268,94.274487926894,3861.050226624403,85.80111614720894,64.79143892849045
Latin America and Caribbean,2020-10-19,649993496,112.60229162290815,122.0563499313268,118.53524778053715,112.60229162290815,103.55408557134491,98.15599081951244,97.21251928041609,3943.89621712792,87.64213815839823,66.60484045828052
Latin America and Caribbean,2020-12-07,649993496,134.63789556977392,142.79045092018697,141.64776859746175,134.63789556977392,124.84433372178786,118.95620866145319,117.27465115754718,4654.611896538721,103.43581992308272,79.34605025647826
Latin America and Caribbean,2020-12-14,649993496,138.55286089965978,146.6341741151243,145.5333128810707,138.55286089965978,128.43710567931345,122.6163728924721,120.85429737312158,4796.636534699011,106.59192299331136,81.3416108397491
Latin America and Caribbean,2020-12-21,649993496,142.91851640644347,151.17955584556748,149.88158973597032,142.91851640644347,132.55420266152183,126.77701871581884,124.94219934284999,4961.374053974036,110.25275675497858,83.52286497340582
Latin America and Caribbean,2020-11-16,649993496,124.62664166671958,133.14002639271814,132.0038702901155,124.62664166671958,115.2571546800041,109.97335157748896,107.96868621352596,4305.859939966492,95.68577644369982,73.7976892002624
Latin America and Caribbean,2020-11-23,649993496,127.54580881278412,135.93947485692155,134.75852736048287,127.54580881278412,118.14389516006665,112.54227064141963,110.72674394693382,4402.639913816186,97.83644252924859,75.49493587548143
Latin America and Caribbean,2020-11-30,649993496,130.99793340687066,139.22979786838187,138.04111267342006,130.99793340687066,121.43920260828743,115.56065743375582,113.98098537364407,4522.659397623347,100.50354216940771,77.39833892122515
Latin America and Caribbean,2021-01-18,649993496,169.7853931186088,177.8852904270675,175.86981490225367,169.7853931186088,158.50431310960073,152.0510591449719,151.317113377336,5986.8117827134465,133.04026183807662,94.58820954109977
Latin America and Caribbean,2021-01-25,649993496,176.6212688972952,184.51743185792807,182.3674091781567,176.6212688972952,165.18030104740689,158.39235397734163,157.72803443029287,6242.603988853147,138.72453308562547,98.54901932741801
Latin America and Caribbean,2021-02-01,649993496,182.71234618701348,190.55026871494658,188.49500368653858,182.71234618701348,170.86149278771006,164.0681547134981,163.4570704785665,6467.954490392743,143.7323220087276,102.50352043522602
Latin America and Caribbean,2020-12-28,649993496,148.1004778550288,156.49089412213561,154.94393601262885,148.1004778550288,137.5540253935779,131.6382426814166,130.1330430957748,5159.826875536895,114.66281945637546,85.56365570156414
Latin America and Caribbean,2021-01-04,649993496,154.18836360100485,162.8304035466274,160.80745738977248,154.18836360100485,143.51769479494257,137.34202430804402,136.39054946694228,5390.259481770747,119.78354403934992,88.2236823181997
Latin America and Caribbean,2021-01-11,649993496,161.7595136011375,170.2684249100769,168.11375808403184,161.7595136011375,150.8042050130545,144.40519467264335,143.69616761893516,5678.361434283661,126.18580965074801,91.30771610059311
Latin America and Caribbean,2021-02-08,649993496,187.9345181425479,195.82076258511802,193.8994374147472,187.9345181425479,175.66028204551128,168.94027462143788,168.35967142544655,6657.426940623347,147.94282090274103,106.14417071028662
Latin America and Caribbean,2021-07-26,649993496,334.1228316307817,359.30643560174485,354.1201920639922,334.1228316307817,310.76007783690454,295.9717241687688,295.0170831275176,10112.110996792806,224.71357770650675,208.59289459720992
Latin America and Caribbean,2021-08-02,649993496,341.338601662126,366.1945217385763,362.85928658809644,341.338601662126,315.46573519241906,300.14196500472883,297.95885505432875,10112.110996792806,224.71357770650675,211.28384213862967
Asia,2021-07-26,4640537428,154.1296813390352,215.50745171559214,206.4298409385916,155.75325306956108,101.03568835895224,65.12717992514989,57.589204722118424,202.68861565375454,3.9742865814461674,19.004146043060423
Asia,2020-08-03,4640537428,22.463845889160734,42.69463415562508,38.392238150938084,26.13006402809258,10.403886591672014,4.439047488514917,-0.9139048181144954,25.829812292533482,0.506466907696735,2.1809368326465313
Asia,2020-08-10,4640537428,25.433575859378013,44.716388937278936,41.078488246760244,28.820835606411915,12.28074664708115,5.789007261811896,-0.0796278414567596,34.42138939391098,0.674929203802176,2.4019673093777705
Asia,2021-08-02,4640537428,157.36207813128226,219.47528914270774,210.16344673832833,159.0541491873114,103.00659379536653,65.78055433503546,59.42865189974704,202.68861565375454,3.9742865814461674,19.64331789460141
Asia,2020-11-16,4640537428,65.16230031521596,87.8235156269229,84.2299954362976,66.12048386424554,35.247281087267204,23.22269327809736,15.560655109528382,135.45094132164633,2.655900810228359,5.7837966865763635
Asia,2020-11-23,4640537428,67.73278521052171,90.49302145968936,86.70557113455422,68.79479189061107,36.52448031181707,24.441628778825415,16.553140169133112,142.83222314427363,2.8006318263583063,6.044499292421179
Asia,2020-11-30,4640537428,70.3582696359616,93.17146605972316,89.20409067281155,71.43304647021094,37.89850497468157,25.565317878216188,17.774775399043712,150.6320082178998,2.9535687885862703,6.305030387958763
Asia,2020-12-07,4640537428,73.02409597566006,95.79993040752305,91.91066822240424,74.23694956655832,39.38232904877315,26.68023069296182,18.947556815253165,160.02221531003917,3.137690496275278,6.549204951267553
Asia,2020-08-17,4640537428,28.51988293953491,47.1396620400357,43.732985439538204,31.766305477017607,15.162557974123134,6.774652990810923,1.5663109752091162,43.212327025044765,0.8473005299028388,2.6281479223531004
Asia,2020-08-24,4640537428,31.455323651065154,48.83759177655666,46.507984735678164,35.110573999721304,16.533237690601386,7.461220297198767,4.027976831624915,51.83995167535284,1.016469640693193,2.8436834320906157
Asia,2020-11-09,4640537428,62.62682275300255,85.178730718951,81.78646813935178,63.428834664171305,33.94957317519176,21.33386482681014,15.346596751674783,127.77732266927714,2.505437699397591,5.547681750106122
Asia,2020-08-31,4640537428,34.34668038132528,51.58237367497001,50.58467813942422,37.968073818154004,18.52817933325462,8.143977329932852,4.993897695289422,60.15216027251838,1.1794541229905564,3.077169599762142
Asia,2020-09-07,4640537428,37.32805199884077,57.16813392044329,53.50613186796014,40.8243872360663,20.422677409406333,10.070079058931357,5.799182754177437,65.72953383829179,1.2888143889861134,3.3230036044868205
Asia,2020-09-14,4640537428,40.454583691387384,62.68186849841304,56.4130740409478,44.03524102082416,22.130946402536857,11.680443707473517,7.050832418237048,71.40142231894414,1.400027888606748,3.5903218018393703
Asia,2020-09-21,4640537428,43.60321905417359,65.23315195191573,59.387027860366864,46.7458061881178,23.67869103643806,12.780294135146047,8.577656670520783,78.64832444747883,1.5421240087740948,3.864837096622594
Asia,2020-09-28,4640537428,46.38577694654205,67.81730199151853,63.929862467851684,49.31381810249067,25.463480260108284,13.758355656422571,10.50172340364961,85.77257698879849,1.6818152350744804,4.124979013098911
Asia,2020-10-05,4640537428,49.16611726774553,70.37517605858781,68.48023724550482,51.82470070840027,27.182756594027687,13.660479880967385,11.942926323266063,92.58905715505043,1.815471708922557,4.386996229609982
Asia,2020-10-12,4640537428,51.94030896686074,72.95081958699151,70.93674984292558,54.230101226144946,28.44162380958122,14.286626479116542,12.641365660652491,99.11232128304994,1.943378848687254,4.6355668570205095
Asia,2020-10-19,4640537428,54.676770776357664,75.73821833040954,73.5565015768834,56.60958475431345,29.70634301188347,16.146002415521757,13.407260001726886,105.80791027910783,2.074664907433487,4.869526827572438
Asia,2020-10-26,4640537428,57.245769304281275,78.9868993848285,76.2296735212642,59.02886930034468,30.91173508914446,17.830357184871858,13.903965957824294,112.36700215391033,2.203274552037457,5.092238014807797
Asia,2020-11-02,4640537428,59.930666372653064,82.40632804922336,79.04273255071298,61.14183690532799,32.420654511724884,19.566116555964683,14.740819209567597,120.14480701477393,2.35578052970145,5.3091745691658705
Asia,2021-07-12,4640537428,147.56413116057632,205.8711740078776,196.63531847500656,150.09065122638037,95.83782532906835,63.88633185842933,54.18403013863974,202.68861565375454,3.9742865814461674,17.93560515163676
Asia,2021-07-19,4640537428,150.89728454678814,210.671963372569,202.3230590412027,152.54687805428742,98.45501522196713,64.47380551526432,55.749757544489825,202.68861565375454,3.9742865814461674,18.391414685083756
Asia,2020-07-27,4640537428,19.64154086024685,39.54783547515547,35.71505436565781,23.032796291640445,9.101525245211896,3.0235414076300358,-1.786507584186143,17.835657374041997,0.34971877204003926,1.968029940863134
Asia,2021-03-29,4640537428,97.63649929822994,137.06975909852653,125.69297209966766,101.49873003792534,58.015210429107476,41.80468797995944,37.128125408408486,182.94468360993903,3.5871506590184126,9.260960905237631
Asia,2021-04-05,4640537428,99.667466361139,139.7974510005582,128.24539634966027,103.27954358076747,59.61199366835042,42.26615382392413,37.638519493313275,184.0383311659635,3.608594728744383,9.487702056736865
Asia,2020-12-14,4640537428,75.69502975410782,98.54570547597147,94.67612682896413,76.95515892445287,40.7260278258968,27.76081843140182,20.087214059109467,169.2099846426355,3.317842836130108,6.77687228859476
Asia,2020-12-21,4640537428,78.01437572769319,101.63639738067403,98.0089766261206,78.84965767153078,42.47309334773398,28.839555868655694,21.355169152265457,173.744002551279,3.406745148064294,6.995769521029709
Asia,2020-12-28,4640537428,79.59314193418285,104.58814617575709,100.1362697238073,80.76900731761157,43.97638161929904,29.540096210933623,21.88467161201771,178.43693571543605,3.4987634454007073,7.198461820056243
Asia,2021-01-04,4640537428,81.04727653072507,107.39047410332739,102.13751880429847,83.55076243810514,45.10552700606506,30.1863747910218,22.85325497334196,179.44588817581177,3.5185468269767015,7.385164139225643
Asia,2021-01-11,4640537428,82.48029146592022,109.50400671196374,103.98909612281157,85.2635956212878,46.40751023591111,30.965839321015658,24.445723247455852,180.5338760200989,3.539879921962723,7.549390311694734
Asia,2021-01-18,4640537428,83.89830540780268,112.09927765535086,105.80701941471887,86.89790013040837,47.75221965674892,31.62246585242443,26.018351006464002,181.52973013922303,3.5594064733180977,7.728830670256583
Asia,2021-01-25,4640537428,85.28485544927142,114.77804861845013,107.78878161018605,87.47498388369006,48.98046200550454,32.243351905406584,27.480895767260513,182.23526228144178,3.5732404368910156,7.8993714992616155
Asia,2021-02-01,4640537428,86.67019174702675,117.15289457083087,109.55322701060672,89.00468941594421,50.19725728478671,32.83172490495576,28.902661969722896,181.5951617437745,3.5606894459563634,8.072778073927863
Asia,2021-02-08,4640537428,87.95252509561163,119.72101811782603,111.43968622678315,89.9624260507326,51.17213177181251,33.36440927855449,30.28678805378238,180.665288734521,3.5424566418533527,8.217179344340373
Asia,2021-02-15,4640537428,89.15316922320241,122.35378841213081,113.34619441538467,91.18904770509418,52.2288578262114,33.826274105045556,31.617000246138236,180.09918824648764,3.5313566322840715,8.346949141339842
Asia,2021-02-22,4640537428,90.35589609733425,124.81665619030179,115.44926140572284,92.77381903943508,53.27623904250835,34.521901537524556,32.96835321602368,179.25155786665397,3.5147364287579212,8.476244682925117
Asia,2021-03-01,4640537428,91.63637674137324,126.97877964839954,117.5114128817124,94.34827196792862,53.98721487770948,35.90425381107548,34.34070590827228,179.7125289676945,3.5237750777979313,8.620926825977968
Asia,2021-03-08,4640537428,92.9562790402262,129.10175018340354,119.46865475152133,96.00883119548608,54.35775143462967,37.28329822894226,35.62018357335494,180.51419336655454,3.5394939875795,8.745869746705553
Asia,2021-03-15,4640537428,94.4389628382231,131.95639976991697,121.5284943373944,97.82227738729101,55.296702010775036,38.6921636697533,36.162410892734435,181.38597464412703,3.556587738120138,8.873117874570454
Asia,2021-03-22,4640537428,95.93670144639121,134.5502443626812,123.63476695901478,99.71147669400492,56.71230865795974,40.153759813187804,36.69013548015702,182.19489251319868,3.5724488728078168,9.064194837908762
Asia,2020-03-30,4640537428,0.9808322182206367,9.330975997729146,7.618830793374803,0.9808322182206367,-2.2716807466581317,-5.814187214453964,-9.49050735664031,-13.450535651479493,-0.26373599316626456,0.14528567228700737
Asia,2020-04-06,4640537428,1.0362858125826622,9.892558036762185,8.332866680622038,1.770693299854894,-2.2711277071947626,-5.778925813251971,-9.254028067417282,-17.036570728259836,-0.33405040643646733,0.1896774271637229
Asia,2021-04-12,4640537428,102.21455556565192,143.03498039272307,131.94886241467893,105.96152301715985,61.281313442908655,42.77853348008357,38.301597547814346,185.4045333602436,3.6353830070636,9.812707753469281
Asia,2021-04-19,4640537428,106.08532502459097,147.13950072337414,137.76221002084668,109.1861002557579,63.89764542123124,44.341948120857666,39.992726302848,186.44872543755233,3.6558573615206345,10.243800645410936
Asia,2021-04-26,4640537428,110.0044714048411,151.69345316427126,143.579585113321,113.2456635974491,67.21129324335995,46.21520520765998,41.605874321617996,187.52215119783534,3.6769049254477513,10.898940604342434
Asia,2021-05-03,4640537428,113.84209160901301,156.1015348921098,147.23139877916333,117.9355030075088,69.69383642216025,48.05270683003167,43.064335428955616,189.21848734069016,3.710166418444905,11.676350668580362
Asia,2021-05-10,4640537428,117.76339487661853,160.21836768505005,151.5723750438168,122.15988949102488,72.27792051659881,50.04845333326787,44.574966516953076,190.92449477716048,3.7436175446502054,12.514852493072059
Asia,2021-05-17,4640537428,121.53161741473292,164.29368536360207,158.56470352887325,125.97543745215008,75.83887087085708,52.07500523503929,46.001108001149795,192.60214773916715,3.776512700767983,13.360767273613291
Asia,2021-05-24,4640537428,125.27343135471578,168.7197947515044,165.5283194393586,129.1167782511428,78.9947956611377,54.74136814214732,47.27473195802731,194.24221453734987,3.8086708732813697,14.193688451379945
Asia,2021-05-31,4640537428,128.90717725671303,173.02790474582807,170.66853711154693,131.96722086757867,82.08862066245989,57.121365462071346,48.34514619938235,195.86425756106726,3.8404756384522996,14.921039830906413
Asia,2021-06-07,4640537428,132.5877981874363,179.8232185739792,173.22173295169154,134.83400199377775,84.21368421496547,59.53587128806417,49.41435619400591,197.54544203594625,3.8734400399205158,15.53275751318862
Asia,2021-06-14,4640537428,136.30389787411525,186.86736077067897,177.86482044265563,137.8933682714879,86.27264428718388,62.02640164556045,50.50173400937138,199.2604760384796,3.907068157617247,16.26911627615904
Asia,2021-06-21,4640537428,138.92212245231715,189.89118010178373,181.75608252957943,140.03884822347027,88.62567240946146,62.447498736725365,50.91241844638531,200.98584074101132,3.9408988380590455,16.719086011862675
Asia,2021-06-28,4640537428,141.62770871415472,196.17748798896025,186.35023968213017,143.49692216851616,90.96340147828398,62.78164228944376,51.52224433432512,202.68861565375454,3.9742865814461674,17.10988167467917
Asia,2021-07-05,4640537428,144.45575588036314,201.03317065757906,191.07028904426002,147.88711039493262,92.4911667342732,63.30760294039818,52.67490723612197,202.68861565375454,3.9742865814461674,17.466866124369076
Asia,2020-07-13,4640537428,14.865707374129002,33.420076924611095,31.13226560058411,18.67497024396041,6.654637529061499,-0.3706455271164879,-3.0988038974621634,1.7876535334307069,0.035052030067268806,1.5462251541611742
Asia,2020-07-20,4640537428,16.998325527177155,36.555221895541514,33.39674190396818,21.02698417769747,7.691876485127689,0.31642938077856414,-2.616111218710744,9.795280195228258,0.1920643175534953,1.7593254287184257
Asia,2020-03-23,4640537428,0.5800738997467842,8.506583037635192,6.72465538967386,0.5800738997467842,-2.5897574107021044,-6.057468535155986,-10.226455067635808,-35.161946469703956,-0.6894499307785089,0.11365084501156619
Asia,2020-01-06,4640537428,0.20365051639195633,1.2404257503414746,0.9399789182896067,0.20365051639195633,-0.5172150069050694,-1.3130577775848158,-1.9360289719606494,-8.486584799269467,-0.16640362351508764,0
Asia,2020-01-13,4640537428,0.29013740272463007,1.8246160276957406,1.3988122582484996,0.29013740272463007,-0.798892610054886,-1.713450839225721,-2.8988151300487344,-14.688737843850376,-0.28801446752647797,0
Asia,2020-01-20,4640537428,0.3346718678995441,2.354411681085518,1.7939063387501188,0.3346718678995441,-1.108106959778731,-2.2522269469375926,-3.873898450552201,-23.29065766376595,-0.45667956203462645,0
Asia,2020-04-13,4640537428,1.17343153965708,10.772995528525284,9.150801024386208,2.167591228705445,-2.0085509317761203,-6.127518904540116,-8.942199453227474,-20.762180156082348,-0.4071015716878892,0.24230107340920687
Asia,2020-04-20,4640537428,1.4369088871422175,11.67191741524266,9.95423484839297,2.5469601136015485,-1.7379603889323332,-6.509698103013134,-9.08352316509397,-24.575051028572176,-0.481863745658278,0.32420999148118496
Asia,2020-01-01,4640537428,0.0915925336834383,0.6155630868091914,0.4579584821470616,0.0915925336834383,-0.2978681006153924,-0.8147599528371541,-1.0488874773570604,-4.481306638261239,-0.08786875761296549,0
Asia,2020-02-17,4640537428,0.7295078317405301,4.619390198759154,4.0981327084604775,0.7295078317405301,-1.8482413716942023,-3.9255986821025957,-7.275539751453625,-33.0176221208541,-0.6474043553108647,0.038443801557029485
Asia,2020-02-24,4640537428,0.5514027547170938,5.049545715692323,4.623169636104338,0.5514027547170938,-2.0365944753665666,-4.369562557621878,-8.138469579601274,-41.751232243064024,-0.8186516126090986,0.0547567396971763
Asia,2020-01-27,4640537428,0.48857830002371194,2.9447210582592764,2.2800028055326544,0.48857830002371194,-1.3180764894856687,-2.752052423112649,-4.723607839348207,-26.63065139967529,-0.522169635287751,0
Asia,2020-02-03,4640537428,0.8445277081100829,3.7043180869495442,2.926070839055568,0.8445277081100829,-1.313138153797978,-3.0109843484651684,-5.434470171368052,-19.001961565323327,-0.3725874816730064,0.007391385272111203
Asia,2020-02-10,4640537428,0.9422446229768356,4.218680907178543,3.361078316025473,0.9422446229768356,-1.6153051558800575,-3.5076361552088176,-6.389749165774649,-22.869533027911416,-0.44842221623355716,0.02004076067544649
Asia,2020-05-04,4640537428,2.154379218285051,13.631414050758941,11.311341412460047,3.914716335000492,-1.3474838111860254,-7.05235541873642,-8.70081135432786,-28.646151808498686,-0.561689251147033,0.4331851065074525
Asia,2020-05-11,4640537428,2.6331784645990655,14.33209790056582,12.421332358511714,4.840396054989479,-0.9881481039942513,-6.971106879869687,-8.378695013718133,-29.359469967518837,-0.5756758817160555,0.48537748804899844
Asia,2020-05-18,4640537428,3.1409782320541333,14.841218480860242,13.331376387078114,5.367295393078727,-0.6495831975886603,-6.965347055183807,-8.249209934657674,-29.728577994677508,-0.5829132940132845,0.5416211029426482
Asia,2020-03-02,4640537428,0.4578891444661227,5.737352449100149,5.195428198448532,0.4578891444661227,-2.3929699695634365,-4.96986118205442,-8.76776332311794,-45.791363517076064,-0.8978698728838446,0.06135076042748383
Asia,2020-03-09,4640537428,0.3575781047673224,6.591584544677476,5.682492629162923,0.3575781047673224,-2.567659623645238,-5.528219052093413,-9.380986008310535,-49.71377996486928,-0.9747799993111624,0.07122006990092097
Asia,2020-03-16,4640537428,0.47258788916897243,7.6166625582846015,6.206210194278002,0.47258788916897243,-2.5876371851335422,-5.840847348491372,-9.794935762005936,-42.94353650291912,-0.8420301275082182,0.08742515415393393
Asia,2020-06-15,4640537428,6.98021944041059,22.082477333757648,20.408333784307413,9.585199705238125,2.7822615425899087,-5.171433136089862,-5.970875354118243,-22.751218907726404,-0.4461023315240472,0.8923999567405277
Asia,2020-06-22,4640537428,8.63129666820741,24.619638576881346,24.378129141075966,11.520107861295822,3.4064176179461696,-4.349258514735924,-4.79226018105372,-18.45116377873857,-0.3617875250733053,1.0619061426520617
Asia,2020-05-25,4640537428,3.6027829857369835,15.763608643769908,15.29117736317215,6.121361749162684,-0.1533366331732984,-6.959945849155753,-7.865998085704622,-30.46255755369446,-0.5973050500724404,0.5990928945482475
Asia,2020-06-01,4640537428,4.429851408638867,17.658249945908587,17.04720345354331,7.20653426634051,0.47209147054178735,-6.848525549727607,-7.2387709845426675,-27.78719245611855,-0.5448469109042853,0.6744722025330037
Asia,2020-04-27,4640537428,1.7024065937623962,12.571405011421236,10.502683174265675,2.963034924702448,-1.6473315692684514,-6.794611287949694,-9.042193028274394,-28.011742613296075,-0.5492498551626682,0.3788591789804222
Asia,2020-06-29,4640537428,10.475976455162495,27.460264072048687,26.71123329475032,13.763831949753001,4.73113373205352,-3.281449068927852,-4.382550469236093,-14.1473720135811,-0.27739945124668824,1.209108898927299
Asia,2020-07-06,4640537428,12.491714746566936,30.285757988027456,28.899443130736348,16.411924227089578,5.409405162081875,-1.7875749668229517,-4.241278148068072,-6.3153672517563,-0.12383073042659411,1.3707927365519785
Asia,2020-06-08,4640537428,5.457495414789489,19.732257256404942,18.4995581037872,8.218383392108498,1.3115760356408408,-6.353259563429119,-6.925277557266715,-25.1856808734248,-0.4938368798710745,0.7691169299626216
North America,2020-01-01,368744804,-0.38907508878813574,0.3058823616028685,0.2071469551746709,-0.24446573081243697,-1.145077757133401,-2.490255999715773,-2.8349221971463,0,0,0
North America,2020-01-06,368744804,-0.7925841775411423,0.613315095434689,0.4455944610794444,-0.5703688167918828,-1.8252380918537536,-4.057061348923197,-4.969967792210613,0,0,0
North America,2020-08-24,368744804,67.8114924787314,70.39278109632608,70.17084345990743,68.2106767073208,65.69913556054581,61.017606144893236,60.333986732336825,138.83553465804974,69.41776732902487,50.630955060183034
North America,2020-08-31,368744804,70.26466529562154,72.8459539132162,72.62401627679756,70.66384952421096,68.15230837743596,63.47077896178339,62.78715954922698,143.74188029183003,71.87094014591501,52.36955555853744
North America,2020-09-07,368744804,72.52285231414909,75.10414093174376,74.88220329532513,72.9220365427385,70.41049539596351,65.72896598031093,65.04534656775452,148.25825432888513,74.12912716444256,53.90069496409772
North America,2020-09-14,368744804,74.77425957612718,77.35554819372183,77.13361055730321,75.17344380471658,72.6619026579416,67.98037324228902,67.29675382973261,152.76106885284128,76.38053442642064,55.33827508522669
North America,2020-09-21,368744804,77.2339409593048,79.81522957689947,79.59329194048084,77.63312518789421,75.12158404111922,70.44005462546664,69.75643521291023,157.68043161919655,78.84021580959828,56.79538144759865
North America,2020-12-07,368744804,120.2204233531425,122.80171197073714,122.57977433431853,120.61960758173191,118.10806643495691,113.42653701930433,112.74291760674792,243.65339640687193,121.82669820343597,81.47613654238772
North America,2020-12-14,368744804,127.28328824314453,129.8645768607392,129.6426392243206,127.68247247173394,125.17093132495896,120.48940190930638,119.80578249674997,257.779126186876,128.889563093438,86.56068167946307
North America,2020-12-21,368744804,134.52920655998213,137.11049517757678,136.88855754115815,134.92839078857153,132.41684964179652,127.73532022614397,127.05170081358756,272.2709628205512,136.1354814102756,92.07777691153582
North America,2020-12-28,368744804,142.24312235025886,144.8244109678535,144.60247333143485,142.64230657884826,140.13076543207325,135.44923601642068,134.76561660386426,287.69879440110464,143.84939720055232,96.78319860474562
North America,2021-01-04,368744804,149.56976258625042,152.1510512038451,151.92911356742647,149.96894681483985,147.45740566806484,142.77587625241227,142.09225683985585,302.3520748730878,151.1760374365439,102.206461192603
North America,2021-01-11,368744804,156.83475223601917,159.41604085361385,159.19410321719522,157.2339364646086,154.7223953178336,150.040865902181,149.35724648962463,316.8820541726253,158.44102708631266,108.73075624409341
North America,2021-01-18,368744804,163.04268744297244,165.62397606056706,165.40203842414843,163.4418716715618,160.93033052478685,156.2488011091343,155.56518169657784,329.2979245865318,164.6489622932659,115.30576523052513
North America,2020-09-28,368744804,79.33836309929049,81.91965171688516,81.69771408046653,79.73754732787991,77.2260061811049,72.54447676545233,71.86085735289593,161.88927589916793,80.94463794958396,58.26767256630957
North America,2020-10-05,368744804,81.91628343669078,84.49757205428546,84.27563441786681,82.31546766528021,79.80392651850521,75.12239710285263,74.43877769029622,167.04511657396853,83.52255828698426,59.709861837131136
North America,2020-10-12,368744804,84.03751937291915,86.6188079905138,86.396870354095185,84.43670360150857,81.92516245473357,77.24363303908099,76.5600136265246,171.28758844642525,85.64379422321262,61.12330656732454
North America,2020-10-19,368744804,86.52323502124672,89.10452363884139,88.88258600242276,86.92241924983614,84.41087810306114,79.72934868740856,79.04572927485215,176.2590197430804,88.1295098715402,62.60888790720425
North America,2020-10-26,368744804,89.2595304716425,91.84081908923716,91.61888145281854,89.65871470023193,87.14717355345692,82.46564413780435,81.78202472524794,181.73161064387193,90.86580532193597,64.25067348203231
North America,2020-11-02,368744804,93.13726573470612,95.71855435230079,95.49661671588215,93.53644996329554,91.02490881652055,86.34337940086797,85.65975998831156,189.48708116999921,94.74354058499961,65.96459566654667
North America,2020-11-09,368744804,97.23249558787656,99.81378420547124,99.59184656905259,97.631679816466,95.12013866969099,90.43860925403843,89.75498984148201,197.6775408763401,98.83877043817004,68.09913503215085
North America,2020-11-16,368744804,101.97315826455603,104.55444688215071,104.33250924573207,102.37234249314545,99.86080134637044,95.17927193071789,94.49565251816148,207.158866229699,103.5794331148495,70.45089671283884
North America,2020-11-23,368744804,107.06772423311754,109.64901285071223,109.42707521429358,107.46690846170696,104.95536731493196,100.27383789927939,99.59021848672297,217.34799816682204,108.67399908341102,73.68104310969491
North America,2020-11-30,368744804,113.16677893204772,115.74806754964239,115.52612991322374,113.56596316063712,111.05442201386214,106.37289259820956,105.68927318565315,229.54610756468242,114.77305378234121,76.84285145886422
North America,2020-08-10,368744804,61.96438782614741,64.54567644374208,64.32373880732345,62.36357205473683,59.85203090796183,55.170501492309256,54.486882079752846,127.14132535288178,63.57066267644089,46.890698424593936
North America,2020-08-17,368744804,65.11912985077615,67.7004184683708,67.47848083195218,65.51831407936557,63.00677293259056,58.325243516937995,57.641624104381584,133.4508094021392,66.7254047010696,48.808285038234736
North America,2021-04-26,368744804,189.00672974701422,193.1046111085329,192.4443840666778,190.20826832050207,187.5536828218688,182.54368563024315,181.97100731145687,381.74535482412165,190.87267741206082,161.96215445519877
North America,2021-05-03,368744804,190.32554637817347,194.42848558557998,193.81960717351413,191.54192017440445,188.82243997234423,183.81425795379792,183.28937326277264,384.28098377362136,192.14049188681068,163.35254774193373
North America,2021-05-10,368744804,191.5975615466732,195.71077868363483,195.17147260886657,192.9908644193149,190.08713305122808,185.0832807860727,184.54914231327797,386.7086789988536,193.3543394994268,164.66592190950573
North America,2020-01-13,368744804,-1.1658858095230096,1.038483520554947,0.7310191701552299,-0.878098343446885,-2.904496795030994,-6.717378193324717,-7.083591222549732,0,0,0
North America,2020-01-20,368744804,-1.6062748502934743,0.9750137673011913,0.7530761308825583,-1.2070906217040578,-3.7186317684790575,-8.40016118413163,-9.08378059668804,0,0,0
North America,2021-01-25,368744804,168.17191818452886,170.75320680212351,170.53126916570488,168.5711024131183,166.05956126634328,161.37803185069072,160.6944124381343,339.55638606964465,169.77819303482232,121.63914315115339
North America,2021-02-01,368744804,172.32938382066206,174.91067243825674,174.68873480183808,172.72856804925146,170.21702690247648,165.5354974868239,164.85187807426746,347.8713173419111,173.93565867095555,127.94756939815754
North America,2021-02-08,368744804,175.40276638453588,177.98405500213056,177.76211736571193,175.8019506131253,173.2904094663503,168.6088800506977,167.92526063814134,354.01808246965874,177.00904123482937,133.68026007493248
North America,2021-02-15,368744804,178.07768005680919,180.65896867440387,180.43703103798524,178.4768642853986,175.9653231386236,171.283793722971,170.60017431041464,359.36790981420535,179.68395490710267,138.3713094978282
North America,2021-02-22,368744804,180.10716090557347,182.68844952316812,182.4665118867495,180.50634513416287,177.9948039873879,173.31327457173532,172.6296551591789,363.42687151173385,181.71343575586693,142.19265147936838
North America,2021-03-01,368744804,181.42390854748103,184.0051971650757,183.78325952865708,181.82309277607044,179.31155162929548,174.6300222136429,173.9464028010865,366.06036679554904,183.03018339777452,146.09562172976408
North America,2021-03-08,368744804,182.2951334051735,184.87642202276814,184.6544843863495,182.6943176337629,180.1827764869879,175.50124707133534,174.81762765877892,367.8028165109339,183.90140825546695,149.1741730413644
North America,2021-03-15,368744804,182.85937088630615,185.44065950390083,185.2187218674822,183.25855511489559,180.7470139681206,176.065484552468,175.3818651399116,368.93129147319934,184.46564573659967,151.62980194834148
North America,2021-03-22,368744804,183.70645981068253,186.28774842827715,186.06581079185852,184.10564403927194,181.59410289249695,176.91257347684436,176.22895406428793,370.625469321952,185.312734660976,153.62006809457307
North America,2021-03-29,368744804,184.1632500018185,187.08456714565347,186.88657155565048,184.68463360036,182.3131243136243,177.4009567894944,176.80044039090328,371.76392604173805,185.88196302086902,155.55555407907525
North America,2021-04-05,368744804,185.34393192745264,188.82308555810468,188.20781035822841,185.9853664165699,183.67170081245956,178.71368744426863,178.12504733977323,374.34891161891784,187.17445580945892,157.1167972308567
North America,2021-04-12,368744804,186.16991031867275,190.2230942054085,189.49726788217023,186.94391729076145,184.59436836797505,179.6953994242691,179.11060868887927,376.25429439957935,188.12714719978968,159.04658821985734
North America,2021-04-19,368744804,187.58356545498276,191.65311365410085,190.9619283209154,188.64955759329163,186.1869166127686,181.1521723850039,180.53554129823647,378.9981974702786,189.4990987351393,160.5161685207095
North America,2020-04-20,368744804,19.018926626708925,21.60021524430359,21.37827760788496,19.418110855298345,16.906569708523346,12.225040292870771,11.541420880314362,41.250402954004805,20.625201477002403,12.986488075368243
North America,2020-04-27,368744804,23.29368443330919,25.874973050903854,25.653035414485224,23.692868661898608,21.18132751512361,16.499798099471036,15.816178686914627,49.79991856720533,24.899959283602666,17.17475102374595
North America,2020-05-04,368744804,26.978603420106044,29.559892037700706,29.337954401282076,27.37778764869546,24.866246501920457,20.184717086267888,19.501097673711477,57.169756540799035,28.584878270399518,21.07473899483069
North America,2021-05-17,368744804,193.02145440064933,197.3451848277997,196.64235630448235,194.42942262967418,191.62230794493243,186.5907611018702,185.9134227407927,389.42871732649877,194.71435866324939,165.84695577161273
North America,2021-05-24,368744804,194.0746453830337,198.42940403987663,197.98238530964693,195.56482912739696,192.7870938704783,187.90218872762046,186.9829778127368,391.52881471526086,195.76440735763043,166.97158260160867
North America,2021-05-31,368744804,195.1382123544114,199.556235574635,199.2267302521094,196.74141257815407,193.94396012196844,188.96723116147098,188.0820904883733,393.6614549354604,196.8307274677302,168.17973603229402
North America,2021-06-07,368744804,196.01693955232935,200.5113237521325,200.37826218711143,197.70735406474466,194.93680669232154,189.8433875497369,189.00327145714766,395.4415478150878,197.7207739075439,169.1131742699756
North America,2021-06-14,368744804,196.81587282116683,201.54901016164175,201.32677794359398,198.66968368086586,195.83648343265665,190.610435550123,189.87663902446198,397.0947236521092,198.5473618260546,169.8304722417187
North America,2021-06-21,368744804,197.40190082170514,202.18277556733756,202.14538622256595,199.40872154857286,196.3936506174636,191.17511210668337,190.52767401883733,398.3346055298753,199.16730276493766,170.4552948765076
North America,2021-06-28,368744804,197.3483015809768,202.50866003706662,202.19850128024194,199.5959180944925,196.25138834495706,191.18668349771173,190.5739429508497,398.3058593621056,199.1529296810528,171.0087933876351
North America,2021-07-05,368744804,195.5024746956511,201.0254962908098,200.45784260594806,197.86466832298737,194.3199073053029,189.4483594525779,188.8430990173937,394.6984864972665,197.34924324863326,171.45273157530377
North America,2021-07-12,368744804,196.0036852645224,205.77000677767376,204.06904485366155,198.91485145838277,194.76170694913216,189.37810377778055,188.67726264354425,394.6984864972665,197.34924324863326,171.96202742968006
North America,2021-07-19,368744804,196.41137102547978,209.50889641469706,207.683390500514,200.6939025743185,195.38145499658228,188.48544106221757,187.44207950951142,394.6984864972665,197.34924324863326,172.4610172405304
North America,2021-07-26,368744804,197.0614106633514,213.77574366508867,211.29351436419674,203.0447864687144,195.3386046129059,188.0523733298068,186.13608488154787,394.6984864972665,197.34924324863326,172.9887534903407
North America,2021-08-02,368744804,197.7114503012231,218.0425909154803,214.90363822787947,205.0452171159309,194.89525985261116,187.61930559739602,184.5368013782023,394.6984864972665,197.34924324863326,173.73506936249603
North America,2020-07-27,368744804,55.16269345139883,57.743982068993496,57.52204443257486,55.56187767998824,53.05033653321325,48.36880711756068,47.68518770500427,113.53793660338462,56.76896830169231,42.86894575469055
North America,2020-08-03,368744804,58.53574363692032,61.11703225451498,60.89509461809635,58.934927865509735,56.42338671873473,51.74185730308217,51.05823789052576,120.28403697442758,60.14201848721379,44.86599084390081
North America,2020-04-06,368744804,7.871137113491628,10.452425731086292,10.23048809466766,8.270321342081044,5.758780195306043,1.0772507796534712,0.39363136709706187,18.954823927570203,9.477411963785102,4.1456871620081195
North America,2020-04-13,368744804,13.688696320488033,16.269984938082697,16.048047301664067,14.087880549077449,11.57633940230245,6.894809986649876,6.211190574093466,30.589942341563013,15.294971170781507,8.442153126583445
North America,2020-02-03,368744804,-3.0972575338882202,-0.5159689162935548,-0.7379065527121874,-2.6980733052988035,-5.2096144520738035,-9.891143867726376,-10.574763280282784,-2.981965367189492,-1.490982683594746,0
North America,2020-02-10,368744804,-3.7085322951946944,-1.1272436776000287,-1.3491813140186615,-3.3093480666052777,-5.820889213380277,-10.50241862903285,-11.186038041589258,-4.204514889802439,-2.1022574449012197,0
North America,2020-02-17,368744804,-4.137296010189584,-1.5560073925949194,-1.7779450290135523,-3.7381117816001685,-6.249652928375168,-10.931182344027741,-11.61480175658415,-5.062042319792221,-2.5310211598961105,0
North America,2020-05-11,368744804,30.096463569105687,32.67775218670035,32.45581455028172,30.495647797695103,27.9841066509201,23.302577235267535,22.61895782271112,63.40547683879832,31.70273841939916,24.531872725723886
North America,2020-05-18,368744804,32.48048286919129,35.06177148678596,34.83983385036733,32.87966709778071,30.36812595100571,25.686596535353143,25.00297712279673,68.17351543896953,34.086757719484766,27.464795409022223
North America,2020-01-27,368744804,-2.530819562562204,0.0504690550324611,-0.1714685813861717,-2.131635333972788,-4.643176480747787,-9.32470589640036,-10.008325308956769,-1.8490894245374603,-0.9245447122687301,0
North America,2020-03-09,368744804,-4.242061146433243,-1.660772528838577,-1.8827101652572102,-3.8428769178438262,-6.354418064618826,-11.035947480271398,-11.719566892827807,-5.271572592279537,-2.6357862961397687,0.006237918406031289
North America,2020-03-16,368744804,-4.02810632270023,-1.4468177051055646,-1.6687553415241978,-3.6289220941108136,-6.140463240885814,-10.821992656538386,-11.505612069094797,-4.843662944813512,-2.421831472406756,0.02739103003062248
North America,2020-03-23,368744804,-2.625524580715103,-0.044235963120437656,-0.26617359953907044,-2.2263403521256864,-4.737881498900686,-9.419410914553259,-10.103030327109668,-2.0384994608432576,-1.0192497304216288,0.22264774746493785
North America,2020-02-24,368744804,-4.226303525302312,-1.6450149077076461,-1.8669525441262793,-3.8271192967128957,-6.338660443487894,-11.020189859140467,-11.703809271696876,-5.2400573500176755,-2.6200286750088377,0
North America,2020-03-02,368744804,-4.179401902948104,-1.5981132853534383,-1.8200509217720715,-3.7802176743586875,-6.291758821133687,-10.973288236786258,-11.656907649342667,-5.14625410530926,-2.57312705265463,0.0016268703816094993
North America,2020-06-01,368744804,36.08728476757023,38.6685733851649,38.44663574874627,36.48646899615965,33.97492784938465,29.293398433732076,28.609779021175665,75.38711923572741,37.693559617863706,31.666346680236884
North America,2020-06-08,368744804,37.491764841389205,40.07305345898387,39.85111582256525,37.890949069978625,35.37940792320362,30.697878507551057,30.014259094994642,78.19607938336536,39.09803969168268,33.251723324622084
North America,2020-06-15,368744804,38.92200799009615,41.50329660769082,41.28135897127219,39.321192218685574,36.80965107191057,32.128121656257996,31.44450224370159,81.05656568077924,40.52828284038962,34.63560723149878
North America,2020-03-30,368744804,1.5779101869847934,4.159198804579459,3.937261168160826,1.97709441557421,-0.5344467312007896,-5.215976146853363,-5.8995955594097715,6.368370074556535,3.1841850372782674,1.1945936463961675
North America,2020-06-29,368744804,42.46887684057783,45.05016545817249,44.828227821753856,42.86806106916724,40.35651992239224,35.67499050673967,34.99137109418326,88.1503033817426,44.0751516908713,36.87808005018018
North America,2020-05-25,368744804,34.4099872902008,36.99127590779547,36.76933827137683,34.80917151879022,32.29763037201522,27.616100956362647,26.932481543806237,72.03252428098855,36.01626214049428,29.728692800780454
North America,2020-07-13,368744804,48.23082775090053,50.8121163684952,50.59017873207656,48.63001197948995,46.11847083271495,41.43694141706237,40.75332200450596,99.67420520238802,49.83710260119401,39.38360850774185
North America,2020-07-20,368744804,51.672489072702604,54.25377769029726,54.031840053878625,52.071673301292016,49.560132154517014,44.87860273886444,44.19498332630803,106.55752784599214,53.27876392299607,40.93698687073567
North America,2020-06-22,368744804,40.50601601734495,43.08730463493962,42.86536699852098,40.90520024593437,38.393659099159365,33.712129683506795,33.028510270950385,84.22458173527684,42.11229086763842,35.801725900387204
North America,2020-07-06,368744804,45.14388329176645,47.72517190936111,47.50323427294247,45.54306752035586,43.03152637358086,38.34999695792829,37.66637754537188,93.50031628411983,46.75015814205992,37.8863657154068
